img1_path,img2_path,y_true,y_pred
1184_AM_Chest_AP5.png,1184_AM_Chest_AP7.png,1,1.0000
1184_AM_Chest_AP5.png,1184_AM_Chest_AP6.png,1,1.0000
1184_AM_Chest_AP7.png,1184_AM_Chest_AP6.png,1,1.0000
968_AM_Chest_AP10.png,968_AM_Chest_AP9.png,1,0.1156
968_AM_Chest_AP10.png,968_AM_Chest_AP6.png,1,0.1156
968_AM_Chest_AP9.png,968_AM_Chest_AP6.png,1,1.0000
1182_AM_Chest_AP7.png,1182_AM_Chest_AP6.png,1,0.8663
1182_AM_Chest_AP7.png,1182_AM_Chest_AP5.png,1,0.8663
1182_AM_Chest_AP6.png,1182_AM_Chest_AP5.png,1,1.0000
689_AM_Chest_AP15.png,689_AM_Chest_AP16.png,1,0.9958
689_AM_Chest_AP15.png,689_AM_Chest_AP12.png,1,0.9998
689_AM_Chest_AP15.png,689_AM_Chest_AP17.png,1,1.0000
689_AM_Chest_AP15.png,689_AM_Chest_AP13.png,1,1.0000
689_AM_Chest_AP15.png,689_AM_Chest_AP14.png,1,1.0000
689_AM_Chest_AP16.png,689_AM_Chest_AP12.png,1,0.9956
689_AM_Chest_AP16.png,689_AM_Chest_AP17.png,1,0.9958
689_AM_Chest_AP16.png,689_AM_Chest_AP13.png,1,0.9958
689_AM_Chest_AP16.png,689_AM_Chest_AP14.png,1,0.9958
689_AM_Chest_AP12.png,689_AM_Chest_AP17.png,1,0.9998
689_AM_Chest_AP12.png,689_AM_Chest_AP13.png,1,0.9998
689_AM_Chest_AP12.png,689_AM_Chest_AP14.png,1,0.9998
689_AM_Chest_AP17.png,689_AM_Chest_AP13.png,1,1.0000
689_AM_Chest_AP17.png,689_AM_Chest_AP14.png,1,1.0000
689_AM_Chest_AP13.png,689_AM_Chest_AP14.png,1,1.0000
965_AM_Chest_AP10.png,965_AM_Chest_AP6.png,1,0.0000
965_AM_Chest_AP10.png,965_AM_Chest_AP9.png,1,1.0000
965_AM_Chest_AP6.png,965_AM_Chest_AP9.png,1,0.0000
735_AM_Chest_AP5.png,735_AM_Chest_AP6.png,1,1.0000
735_AM_Chest_AP5.png,735_AM_Chest_AP7.png,1,1.0000
735_AM_Chest_AP6.png,735_AM_Chest_AP7.png,1,1.0000
766_PM_Chest_AP1.png,766_PM_Chest_AP3.png,1,0.4445
1045_AM_Chest_AP3.png,1045_AM_Chest_AP4.png,1,1.0000
014_PM_Chest_AP3.png,014_PM_Chest_AP5.png,1,0.1406
1078_AM_Chest_AP4.png,1078_AM_Chest_AP3.png,1,0.9999
986_AM_Chest_AP4.png,986_AM_Chest_AP6.png,1,0.9938
172_AM_Chest_AP3.png,172_AM_Chest_AP4.png,1,0.5614
863_AM_Chest_AP9.png,863_AM_Chest_AP8.png,1,1.0000
863_AM_Chest_AP9.png,863_AM_Chest_AP7.png,1,1.0000
863_AM_Chest_AP8.png,863_AM_Chest_AP7.png,1,1.0000
1057_AM_Chest_AP13.png,1057_AM_Chest_AP10.png,1,0.1364
1057_AM_Chest_AP13.png,1057_AM_Chest_AP11.png,1,0.2995
1057_AM_Chest_AP13.png,1057_AM_Chest_AP14.png,1,1.0000
1057_AM_Chest_AP13.png,1057_AM_Chest_AP12.png,1,1.0000
1057_AM_Chest_AP10.png,1057_AM_Chest_AP11.png,1,0.4446
1057_AM_Chest_AP10.png,1057_AM_Chest_AP14.png,1,0.1364
1057_AM_Chest_AP10.png,1057_AM_Chest_AP12.png,1,0.1364
1057_AM_Chest_AP11.png,1057_AM_Chest_AP14.png,1,0.2996
1057_AM_Chest_AP11.png,1057_AM_Chest_AP12.png,1,0.2995
1057_AM_Chest_AP14.png,1057_AM_Chest_AP12.png,1,1.0000
1171_AM_Chest_AP7.png,1171_AM_Chest_AP6.png,1,1.0000
1171_AM_Chest_AP7.png,1171_AM_Chest_AP5.png,1,1.0000
1171_AM_Chest_AP6.png,1171_AM_Chest_AP5.png,1,1.0000
991_AM_Chest_AP8.png,991_AM_Chest_AP7.png,1,1.0000
1127_AM_Chest_AP10.png,1127_AM_Chest_AP12.png,1,0.0077
1127_AM_Chest_AP10.png,1127_AM_Chest_AP9.png,1,0.0000
1127_AM_Chest_AP10.png,1127_AM_Chest_AP11.png,1,0.0000
1127_AM_Chest_AP12.png,1127_AM_Chest_AP9.png,1,0.1221
1127_AM_Chest_AP12.png,1127_AM_Chest_AP11.png,1,0.1221
1127_AM_Chest_AP9.png,1127_AM_Chest_AP11.png,1,1.0000
152_AM_Chest_AP8.png,152_AM_Chest_AP10.png,1,0.0039
152_AM_Chest_AP8.png,152_AM_Chest_AP9.png,1,0.7863
152_AM_Chest_AP8.png,152_AM_Chest_AP11.png,1,0.0000
152_AM_Chest_AP10.png,152_AM_Chest_AP9.png,1,0.0190
152_AM_Chest_AP10.png,152_AM_Chest_AP11.png,1,0.7520
152_AM_Chest_AP9.png,152_AM_Chest_AP11.png,1,0.0166
921_AM_Chest_AP12.png,921_AM_Chest_AP10.png,1,1.0000
921_AM_Chest_AP12.png,921_AM_Chest_AP11.png,1,1.0000
921_AM_Chest_AP12.png,921_AM_Chest_AP9.png,1,1.0000
921_AM_Chest_AP10.png,921_AM_Chest_AP11.png,1,1.0000
921_AM_Chest_AP10.png,921_AM_Chest_AP9.png,1,1.0000
921_AM_Chest_AP11.png,921_AM_Chest_AP9.png,1,1.0000
323_AM_Chest_AP5.png,323_AM_Chest_AP6.png,1,0.0179
046_PM_Chest_AP1.png,046_PM_Chest_AP2.png,1,0.9431
111_AM_Chest_AP5.png,111_AM_Chest_AP4.png,1,0.9733
1264_AM_Chest_AP10.png,1264_AM_Chest_AP12.png,1,1.0000
1264_AM_Chest_AP10.png,1264_AM_Chest_AP11.png,1,1.0000
1264_AM_Chest_AP10.png,1264_AM_Chest_AP13.png,1,1.0000
1264_AM_Chest_AP10.png,1264_AM_Chest_AP14.png,1,1.0000
1264_AM_Chest_AP12.png,1264_AM_Chest_AP11.png,1,1.0000
1264_AM_Chest_AP12.png,1264_AM_Chest_AP13.png,1,1.0000
1264_AM_Chest_AP12.png,1264_AM_Chest_AP14.png,1,1.0000
1264_AM_Chest_AP11.png,1264_AM_Chest_AP13.png,1,1.0000
1264_AM_Chest_AP11.png,1264_AM_Chest_AP14.png,1,1.0000
1264_AM_Chest_AP13.png,1264_AM_Chest_AP14.png,1,1.0000
1002_AM_Chest_AP7.png,1002_AM_Chest_AP6.png,1,1.0000
1002_AM_Chest_AP7.png,1002_AM_Chest_AP8.png,1,0.9998
1002_AM_Chest_AP6.png,1002_AM_Chest_AP8.png,1,0.9997
937_AM_Chest_AP11.png,937_AM_Chest_AP10.png,1,1.0000
937_AM_Chest_AP11.png,937_AM_Chest_AP12.png,1,0.9991
937_AM_Chest_AP11.png,937_AM_Chest_AP9.png,1,1.0000
937_AM_Chest_AP10.png,937_AM_Chest_AP12.png,1,0.9991
937_AM_Chest_AP10.png,937_AM_Chest_AP9.png,1,1.0000
937_AM_Chest_AP12.png,937_AM_Chest_AP9.png,1,0.9991
1031_AM_Chest_AP15.png,1031_AM_Chest_AP16.png,1,1.0000
1031_AM_Chest_AP15.png,1031_AM_Chest_AP17.png,1,1.0000
1031_AM_Chest_AP15.png,1031_AM_Chest_AP18.png,1,1.0000
1031_AM_Chest_AP15.png,1031_AM_Chest_AP20.png,1,1.0000
1031_AM_Chest_AP15.png,1031_AM_Chest_AP19.png,1,1.0000
1031_AM_Chest_AP16.png,1031_AM_Chest_AP17.png,1,1.0000
1031_AM_Chest_AP16.png,1031_AM_Chest_AP18.png,1,1.0000
1031_AM_Chest_AP16.png,1031_AM_Chest_AP20.png,1,1.0000
1031_AM_Chest_AP16.png,1031_AM_Chest_AP19.png,1,1.0000
1031_AM_Chest_AP17.png,1031_AM_Chest_AP18.png,1,1.0000
1031_AM_Chest_AP17.png,1031_AM_Chest_AP20.png,1,1.0000
1031_AM_Chest_AP17.png,1031_AM_Chest_AP19.png,1,1.0000
1031_AM_Chest_AP18.png,1031_AM_Chest_AP20.png,1,1.0000
1031_AM_Chest_AP18.png,1031_AM_Chest_AP19.png,1,1.0000
1031_AM_Chest_AP20.png,1031_AM_Chest_AP19.png,1,1.0000
167_AM_Chest_AP8.png,167_AM_Chest_AP10.png,1,1.0000
167_AM_Chest_AP8.png,167_AM_Chest_AP9.png,1,0.0515
167_AM_Chest_AP10.png,167_AM_Chest_AP9.png,1,0.0515
094_AM_Chest_AP5.png,094_AM_Chest_AP4.png,1,1.0000
346_AM_Chest_AP4.png,346_AM_Chest_AP5.png,1,1.0000
989_AM_Chest_AP13.png,989_AM_Chest_AP11.png,1,1.0000
989_AM_Chest_AP13.png,989_AM_Chest_AP14.png,1,1.0000
989_AM_Chest_AP13.png,989_AM_Chest_AP12.png,1,0.0189
989_AM_Chest_AP11.png,989_AM_Chest_AP14.png,1,1.0000
989_AM_Chest_AP11.png,989_AM_Chest_AP12.png,1,0.0189
989_AM_Chest_AP14.png,989_AM_Chest_AP12.png,1,0.0189
1263_AM_Chest_AP3.png,1263_AM_Chest_AP4.png,1,1.0000
1141_AM_Chest_AP6.png,1141_AM_Chest_AP7.png,1,0.0119
1141_AM_Chest_AP6.png,1141_AM_Chest_AP8.png,1,0.3578
1141_AM_Chest_AP7.png,1141_AM_Chest_AP8.png,1,0.0002
1058_AM_Chest_AP13.png,1058_AM_Chest_AP12.png,1,1.0000
1058_AM_Chest_AP13.png,1058_AM_Chest_AP14.png,1,1.0000
1058_AM_Chest_AP13.png,1058_AM_Chest_AP11.png,1,1.0000
1058_AM_Chest_AP12.png,1058_AM_Chest_AP14.png,1,1.0000
1058_AM_Chest_AP12.png,1058_AM_Chest_AP11.png,1,1.0000
1058_AM_Chest_AP14.png,1058_AM_Chest_AP11.png,1,1.0000
1118_AM_Chest_AP16.png,1118_AM_Chest_AP13.png,1,1.0000
1118_AM_Chest_AP16.png,1118_AM_Chest_AP12.png,1,0.9981
1118_AM_Chest_AP16.png,1118_AM_Chest_AP15.png,1,0.4703
1118_AM_Chest_AP16.png,1118_AM_Chest_AP14.png,1,1.0000
1118_AM_Chest_AP13.png,1118_AM_Chest_AP12.png,1,0.9981
1118_AM_Chest_AP13.png,1118_AM_Chest_AP15.png,1,0.4690
1118_AM_Chest_AP13.png,1118_AM_Chest_AP14.png,1,1.0000
1118_AM_Chest_AP12.png,1118_AM_Chest_AP15.png,1,0.4682
1118_AM_Chest_AP12.png,1118_AM_Chest_AP14.png,1,0.9981
1118_AM_Chest_AP15.png,1118_AM_Chest_AP14.png,1,0.4696
1083_AM_Chest_AP6.png,1083_AM_Chest_AP4.png,1,1.0000
1063_AM_Chest_AP6.png,1063_AM_Chest_AP7.png,1,1.0000
1029_AM_Chest_AP5.png,1029_AM_Chest_AP6.png,1,1.0000
929_AM_Chest_AP6.png,929_AM_Chest_AP5.png,1,0.9859
056_PM_Chest_AP5.png,056_PM_Chest_AP6.png,1,1.0000
1221_AM_Chest_AP5.png,1221_AM_Chest_AP7.png,1,1.0000
1221_AM_Chest_AP5.png,1221_AM_Chest_AP6.png,1,1.0000
1221_AM_Chest_AP7.png,1221_AM_Chest_AP6.png,1,1.0000
067_AM_Chest_AP5.png,067_AM_Chest_AP4.png,1,0.9718
1109_AM_Chest_AP5.png,1109_AM_Chest_AP4.png,1,0.4006
1190_AM_Chest_AP4.png,1190_AM_Chest_AP3.png,1,0.9996
356_AM_Chest_AP3.png,356_AM_Chest_AP4.png,1,0.9999
225_AM_Chest_AP4.png,225_AM_Chest_AP3.png,1,0.2687
977_AM_Chest_AP12.png,977_AM_Chest_AP11.png,1,1.0000
977_AM_Chest_AP12.png,977_AM_Chest_AP10.png,1,1.0000
977_AM_Chest_AP11.png,977_AM_Chest_AP10.png,1,1.0000
185_AM_Chest_AP3.png,185_AM_Chest_AP4.png,1,0.0011
1296_AM_Chest_AP53.png,1296_AM_Chest_AP59.png,1,1.0000
1296_AM_Chest_AP53.png,1296_AM_Chest_AP54.png,1,0.1525
1296_AM_Chest_AP53.png,1296_AM_Chest_AP55.png,1,1.0000
1296_AM_Chest_AP53.png,1296_AM_Chest_AP60.png,1,1.0000
1296_AM_Chest_AP53.png,1296_AM_Chest_AP57.png,1,0.0152
1296_AM_Chest_AP53.png,1296_AM_Chest_AP58.png,1,0.9997
1296_AM_Chest_AP53.png,1296_AM_Chest_AP56.png,1,0.9942
1296_AM_Chest_AP53.png,1296_AM_Chest_AP52.png,1,1.0000
1296_AM_Chest_AP59.png,1296_AM_Chest_AP54.png,1,0.1525
1296_AM_Chest_AP59.png,1296_AM_Chest_AP55.png,1,1.0000
1296_AM_Chest_AP59.png,1296_AM_Chest_AP60.png,1,1.0000
1296_AM_Chest_AP59.png,1296_AM_Chest_AP57.png,1,0.0152
1296_AM_Chest_AP59.png,1296_AM_Chest_AP58.png,1,0.9997
1296_AM_Chest_AP59.png,1296_AM_Chest_AP56.png,1,0.9942
1296_AM_Chest_AP59.png,1296_AM_Chest_AP52.png,1,1.0000
1296_AM_Chest_AP54.png,1296_AM_Chest_AP55.png,1,0.1530
1296_AM_Chest_AP54.png,1296_AM_Chest_AP60.png,1,0.1526
1296_AM_Chest_AP54.png,1296_AM_Chest_AP57.png,1,0.9901
1296_AM_Chest_AP54.png,1296_AM_Chest_AP58.png,1,0.1685
1296_AM_Chest_AP54.png,1296_AM_Chest_AP56.png,1,0.2583
1296_AM_Chest_AP54.png,1296_AM_Chest_AP52.png,1,0.1525
1296_AM_Chest_AP55.png,1296_AM_Chest_AP60.png,1,1.0000
1296_AM_Chest_AP55.png,1296_AM_Chest_AP57.png,1,0.0157
1296_AM_Chest_AP55.png,1296_AM_Chest_AP58.png,1,0.9997
1296_AM_Chest_AP55.png,1296_AM_Chest_AP56.png,1,0.9942
1296_AM_Chest_AP55.png,1296_AM_Chest_AP52.png,1,1.0000
1296_AM_Chest_AP60.png,1296_AM_Chest_AP57.png,1,0.0152
1296_AM_Chest_AP60.png,1296_AM_Chest_AP58.png,1,0.9997
1296_AM_Chest_AP60.png,1296_AM_Chest_AP56.png,1,0.9942
1296_AM_Chest_AP60.png,1296_AM_Chest_AP52.png,1,1.0000
1296_AM_Chest_AP57.png,1296_AM_Chest_AP58.png,1,0.0313
1296_AM_Chest_AP57.png,1296_AM_Chest_AP56.png,1,0.1230
1296_AM_Chest_AP57.png,1296_AM_Chest_AP52.png,1,0.0152
1296_AM_Chest_AP58.png,1296_AM_Chest_AP56.png,1,0.9956
1296_AM_Chest_AP58.png,1296_AM_Chest_AP52.png,1,0.9997
1296_AM_Chest_AP56.png,1296_AM_Chest_AP52.png,1,0.9942
1116_AM_Chest_AP4.png,1116_AM_Chest_AP3.png,1,0.8226
760_PM_Chest_AP3.png,760_PM_Chest_AP4.png,1,1.0000
760_PM_Chest_AP3.png,760_PM_Chest_AP2.png,1,1.0000
760_PM_Chest_AP4.png,760_PM_Chest_AP2.png,1,1.0000
403_AM_Chest_AP10.png,403_AM_Chest_AP12.png,1,1.0000
403_AM_Chest_AP10.png,403_AM_Chest_AP11.png,1,1.0000
403_AM_Chest_AP10.png,403_AM_Chest_AP13.png,1,0.6930
403_AM_Chest_AP12.png,403_AM_Chest_AP11.png,1,1.0000
403_AM_Chest_AP12.png,403_AM_Chest_AP13.png,1,0.6930
403_AM_Chest_AP11.png,403_AM_Chest_AP13.png,1,0.6930
918_AM_Chest_AP5.png,918_AM_Chest_AP4.png,1,0.8273
1144_AM_Chest_AP11.png,1144_AM_Chest_AP9.png,1,0.0198
1144_AM_Chest_AP11.png,1144_AM_Chest_AP10.png,1,0.0007
1144_AM_Chest_AP11.png,1144_AM_Chest_AP12.png,1,0.9999
1144_AM_Chest_AP9.png,1144_AM_Chest_AP10.png,1,0.0287
1144_AM_Chest_AP9.png,1144_AM_Chest_AP12.png,1,0.0205
1144_AM_Chest_AP10.png,1144_AM_Chest_AP12.png,1,0.0048
1278_AM_Chest_AP12.png,1278_AM_Chest_AP13.png,1,1.0000
1278_AM_Chest_AP12.png,1278_AM_Chest_AP11.png,1,1.0000
1278_AM_Chest_AP12.png,1278_AM_Chest_AP10.png,1,1.0000
1278_AM_Chest_AP13.png,1278_AM_Chest_AP11.png,1,1.0000
1278_AM_Chest_AP13.png,1278_AM_Chest_AP10.png,1,1.0000
1278_AM_Chest_AP11.png,1278_AM_Chest_AP10.png,1,1.0000
1288_AM_Chest_AP7.png,1288_AM_Chest_AP8.png,1,1.0000
529_AM_Chest_AP4.png,529_AM_Chest_AP5.png,1,1.0000
205_AM_Chest_AP9.png,205_AM_Chest_AP10.png,1,0.5017
205_AM_Chest_AP9.png,205_AM_Chest_AP8.png,1,0.9988
205_AM_Chest_AP10.png,205_AM_Chest_AP8.png,1,0.4682
806_AM_Chest_AP4.png,806_AM_Chest_AP3.png,1,1.0000
1066_AM_Chest_AP3.png,1066_AM_Chest_AP4.png,1,0.0491
591_AM_Chest_AP28.png,591_AM_Chest_AP32.png,1,0.9263
591_AM_Chest_AP28.png,591_AM_Chest_AP33.png,1,0.9969
591_AM_Chest_AP28.png,591_AM_Chest_AP30.png,1,0.9969
591_AM_Chest_AP28.png,591_AM_Chest_AP26.png,1,0.9968
591_AM_Chest_AP28.png,591_AM_Chest_AP24.png,1,0.9969
591_AM_Chest_AP28.png,591_AM_Chest_AP29.png,1,0.9940
591_AM_Chest_AP28.png,591_AM_Chest_AP25.png,1,0.9969
591_AM_Chest_AP28.png,591_AM_Chest_AP27.png,1,0.9969
591_AM_Chest_AP28.png,591_AM_Chest_AP31.png,1,0.9969
591_AM_Chest_AP32.png,591_AM_Chest_AP33.png,1,0.9243
591_AM_Chest_AP32.png,591_AM_Chest_AP30.png,1,0.9243
591_AM_Chest_AP32.png,591_AM_Chest_AP26.png,1,0.9241
591_AM_Chest_AP32.png,591_AM_Chest_AP24.png,1,0.9243
591_AM_Chest_AP32.png,591_AM_Chest_AP29.png,1,0.9357
591_AM_Chest_AP32.png,591_AM_Chest_AP25.png,1,0.9244
591_AM_Chest_AP32.png,591_AM_Chest_AP27.png,1,0.9247
591_AM_Chest_AP32.png,591_AM_Chest_AP31.png,1,0.9247
591_AM_Chest_AP33.png,591_AM_Chest_AP30.png,1,1.0000
591_AM_Chest_AP33.png,591_AM_Chest_AP26.png,1,0.9995
591_AM_Chest_AP33.png,591_AM_Chest_AP24.png,1,1.0000
591_AM_Chest_AP33.png,591_AM_Chest_AP29.png,1,0.9954
591_AM_Chest_AP33.png,591_AM_Chest_AP25.png,1,1.0000
591_AM_Chest_AP33.png,591_AM_Chest_AP27.png,1,0.9999
591_AM_Chest_AP33.png,591_AM_Chest_AP31.png,1,1.0000
591_AM_Chest_AP30.png,591_AM_Chest_AP26.png,1,0.9995
591_AM_Chest_AP30.png,591_AM_Chest_AP24.png,1,1.0000
591_AM_Chest_AP30.png,591_AM_Chest_AP29.png,1,0.9954
591_AM_Chest_AP30.png,591_AM_Chest_AP25.png,1,1.0000
591_AM_Chest_AP30.png,591_AM_Chest_AP27.png,1,0.9999
591_AM_Chest_AP30.png,591_AM_Chest_AP31.png,1,1.0000
591_AM_Chest_AP26.png,591_AM_Chest_AP24.png,1,0.9995
591_AM_Chest_AP26.png,591_AM_Chest_AP29.png,1,0.9950
591_AM_Chest_AP26.png,591_AM_Chest_AP25.png,1,0.9995
591_AM_Chest_AP26.png,591_AM_Chest_AP27.png,1,0.9996
591_AM_Chest_AP26.png,591_AM_Chest_AP31.png,1,0.9995
591_AM_Chest_AP24.png,591_AM_Chest_AP29.png,1,0.9954
591_AM_Chest_AP24.png,591_AM_Chest_AP25.png,1,1.0000
591_AM_Chest_AP24.png,591_AM_Chest_AP27.png,1,0.9999
591_AM_Chest_AP24.png,591_AM_Chest_AP31.png,1,1.0000
591_AM_Chest_AP29.png,591_AM_Chest_AP25.png,1,0.9954
591_AM_Chest_AP29.png,591_AM_Chest_AP27.png,1,0.9954
591_AM_Chest_AP29.png,591_AM_Chest_AP31.png,1,0.9955
591_AM_Chest_AP25.png,591_AM_Chest_AP27.png,1,0.9999
591_AM_Chest_AP25.png,591_AM_Chest_AP31.png,1,1.0000
591_AM_Chest_AP27.png,591_AM_Chest_AP31.png,1,0.9999
1336_AM_Chest_AP7.png,1336_AM_Chest_AP5.png,1,0.9858
1336_AM_Chest_AP7.png,1336_AM_Chest_AP6.png,1,0.8544
1336_AM_Chest_AP5.png,1336_AM_Chest_AP6.png,1,0.9071
180_AM_Chest_AP5.png,180_AM_Chest_AP6.png,1,0.1277
572_AM_Chest_AP10.png,572_AM_Chest_AP8.png,1,0.9067
572_AM_Chest_AP10.png,572_AM_Chest_AP9.png,1,0.9269
572_AM_Chest_AP8.png,572_AM_Chest_AP9.png,1,0.9781
1165_AM_Chest_AP7.png,1165_AM_Chest_AP9.png,1,1.0000
1165_AM_Chest_AP7.png,1165_AM_Chest_AP8.png,1,1.0000
1165_AM_Chest_AP9.png,1165_AM_Chest_AP8.png,1,1.0000
032_PM_Chest_AP1.png,032_AM_Chest_AP6.png,1,0.0493
032_PM_Chest_AP1.png,032_PM_Chest_AP2.png,1,0.9997
032_AM_Chest_AP6.png,032_PM_Chest_AP2.png,1,0.0284
315_AM_Chest_AP4.png,315_AM_Chest_AP3.png,1,0.9174
1015_AM_Chest_AP6.png,1015_AM_Chest_AP7.png,1,0.9987
1015_AM_Chest_AP6.png,1015_AM_Chest_AP5.png,1,0.9987
1015_AM_Chest_AP7.png,1015_AM_Chest_AP5.png,1,1.0000
655_AM_Chest_AP28.png,655_AM_Chest_AP31.png,1,0.0018
655_AM_Chest_AP28.png,655_AM_Chest_AP34.png,1,0.0018
655_AM_Chest_AP28.png,655_AM_Chest_AP38.png,1,0.0018
655_AM_Chest_AP28.png,655_AM_Chest_AP37.png,1,0.0018
655_AM_Chest_AP28.png,655_AM_Chest_AP33.png,1,0.0112
655_AM_Chest_AP28.png,655_AM_Chest_AP30.png,1,0.9738
655_AM_Chest_AP28.png,655_AM_Chest_AP36.png,1,0.0032
655_AM_Chest_AP28.png,655_AM_Chest_AP35.png,1,0.0018
655_AM_Chest_AP28.png,655_AM_Chest_AP32.png,1,0.0225
655_AM_Chest_AP28.png,655_AM_Chest_AP29.png,1,0.0021
655_AM_Chest_AP31.png,655_AM_Chest_AP34.png,1,1.0000
655_AM_Chest_AP31.png,655_AM_Chest_AP38.png,1,1.0000
655_AM_Chest_AP31.png,655_AM_Chest_AP37.png,1,1.0000
655_AM_Chest_AP31.png,655_AM_Chest_AP33.png,1,0.0043
655_AM_Chest_AP31.png,655_AM_Chest_AP30.png,1,0.2293
655_AM_Chest_AP31.png,655_AM_Chest_AP36.png,1,1.0000
655_AM_Chest_AP31.png,655_AM_Chest_AP35.png,1,1.0000
655_AM_Chest_AP31.png,655_AM_Chest_AP32.png,1,0.9998
655_AM_Chest_AP31.png,655_AM_Chest_AP29.png,1,1.0000
655_AM_Chest_AP34.png,655_AM_Chest_AP38.png,1,1.0000
655_AM_Chest_AP34.png,655_AM_Chest_AP37.png,1,1.0000
655_AM_Chest_AP34.png,655_AM_Chest_AP33.png,1,0.0043
655_AM_Chest_AP34.png,655_AM_Chest_AP30.png,1,0.2293
655_AM_Chest_AP34.png,655_AM_Chest_AP36.png,1,1.0000
655_AM_Chest_AP34.png,655_AM_Chest_AP35.png,1,1.0000
655_AM_Chest_AP34.png,655_AM_Chest_AP32.png,1,0.9998
655_AM_Chest_AP34.png,655_AM_Chest_AP29.png,1,1.0000
655_AM_Chest_AP38.png,655_AM_Chest_AP37.png,1,1.0000
655_AM_Chest_AP38.png,655_AM_Chest_AP33.png,1,0.0043
655_AM_Chest_AP38.png,655_AM_Chest_AP30.png,1,0.2293
655_AM_Chest_AP38.png,655_AM_Chest_AP36.png,1,1.0000
655_AM_Chest_AP38.png,655_AM_Chest_AP35.png,1,1.0000
655_AM_Chest_AP38.png,655_AM_Chest_AP32.png,1,0.9998
655_AM_Chest_AP38.png,655_AM_Chest_AP29.png,1,1.0000
655_AM_Chest_AP37.png,655_AM_Chest_AP33.png,1,0.0043
655_AM_Chest_AP37.png,655_AM_Chest_AP30.png,1,0.2293
655_AM_Chest_AP37.png,655_AM_Chest_AP36.png,1,1.0000
655_AM_Chest_AP37.png,655_AM_Chest_AP35.png,1,1.0000
655_AM_Chest_AP37.png,655_AM_Chest_AP32.png,1,0.9998
655_AM_Chest_AP37.png,655_AM_Chest_AP29.png,1,1.0000
655_AM_Chest_AP33.png,655_AM_Chest_AP30.png,1,0.0118
655_AM_Chest_AP33.png,655_AM_Chest_AP36.png,1,0.0045
655_AM_Chest_AP33.png,655_AM_Chest_AP35.png,1,0.0043
655_AM_Chest_AP33.png,655_AM_Chest_AP32.png,1,0.0045
655_AM_Chest_AP33.png,655_AM_Chest_AP29.png,1,0.0043
655_AM_Chest_AP30.png,655_AM_Chest_AP36.png,1,0.2306
655_AM_Chest_AP30.png,655_AM_Chest_AP35.png,1,0.2293
655_AM_Chest_AP30.png,655_AM_Chest_AP32.png,1,0.2494
655_AM_Chest_AP30.png,655_AM_Chest_AP29.png,1,0.2296
655_AM_Chest_AP36.png,655_AM_Chest_AP35.png,1,1.0000
655_AM_Chest_AP36.png,655_AM_Chest_AP32.png,1,0.9998
655_AM_Chest_AP36.png,655_AM_Chest_AP29.png,1,1.0000
655_AM_Chest_AP35.png,655_AM_Chest_AP32.png,1,0.9998
655_AM_Chest_AP35.png,655_AM_Chest_AP29.png,1,1.0000
655_AM_Chest_AP32.png,655_AM_Chest_AP29.png,1,0.9998
961_AM_Chest_AP6.png,961_AM_Chest_AP10.png,1,0.0000
961_AM_Chest_AP6.png,961_AM_Chest_AP9.png,1,0.0000
961_AM_Chest_AP10.png,961_AM_Chest_AP9.png,1,1.0000
1050_AM_Chest_AP4.png,1050_AM_Chest_AP3.png,1,0.3227
1237_AM_Chest_AP10.png,1237_AM_Chest_AP11.png,1,0.9973
1237_AM_Chest_AP10.png,1237_AM_Chest_AP9.png,1,1.0000
1237_AM_Chest_AP10.png,1237_AM_Chest_AP12.png,1,1.0000
1237_AM_Chest_AP11.png,1237_AM_Chest_AP9.png,1,0.9973
1237_AM_Chest_AP11.png,1237_AM_Chest_AP12.png,1,0.9973
1237_AM_Chest_AP9.png,1237_AM_Chest_AP12.png,1,1.0000
739_AM_Chest_AP4.png,739_AM_Chest_AP3.png,1,1.0000
547_AM_Chest_AP5.png,547_AM_Chest_AP4.png,1,1.0000
751_AM_Chest_AP26.png,751_AM_Chest_AP24.png,1,1.0000
751_AM_Chest_AP26.png,751_AM_Chest_AP32.png,1,1.0000
751_AM_Chest_AP26.png,751_AM_Chest_AP23.png,1,1.0000
751_AM_Chest_AP26.png,751_AM_Chest_AP27.png,1,1.0000
751_AM_Chest_AP26.png,751_AM_Chest_AP29.png,1,1.0000
751_AM_Chest_AP26.png,751_AM_Chest_AP22.png,1,1.0000
751_AM_Chest_AP26.png,751_AM_Chest_AP30.png,1,1.0000
751_AM_Chest_AP26.png,751_AM_Chest_AP25.png,1,1.0000
751_AM_Chest_AP24.png,751_AM_Chest_AP32.png,1,1.0000
751_AM_Chest_AP24.png,751_AM_Chest_AP23.png,1,1.0000
751_AM_Chest_AP24.png,751_AM_Chest_AP27.png,1,1.0000
751_AM_Chest_AP24.png,751_AM_Chest_AP29.png,1,1.0000
751_AM_Chest_AP24.png,751_AM_Chest_AP22.png,1,1.0000
751_AM_Chest_AP24.png,751_AM_Chest_AP30.png,1,1.0000
751_AM_Chest_AP24.png,751_AM_Chest_AP25.png,1,1.0000
751_AM_Chest_AP32.png,751_AM_Chest_AP23.png,1,1.0000
751_AM_Chest_AP32.png,751_AM_Chest_AP27.png,1,1.0000
751_AM_Chest_AP32.png,751_AM_Chest_AP29.png,1,1.0000
751_AM_Chest_AP32.png,751_AM_Chest_AP22.png,1,1.0000
751_AM_Chest_AP32.png,751_AM_Chest_AP30.png,1,1.0000
751_AM_Chest_AP32.png,751_AM_Chest_AP25.png,1,1.0000
751_AM_Chest_AP23.png,751_AM_Chest_AP27.png,1,1.0000
751_AM_Chest_AP23.png,751_AM_Chest_AP29.png,1,1.0000
751_AM_Chest_AP23.png,751_AM_Chest_AP22.png,1,1.0000
751_AM_Chest_AP23.png,751_AM_Chest_AP30.png,1,1.0000
751_AM_Chest_AP23.png,751_AM_Chest_AP25.png,1,1.0000
751_AM_Chest_AP27.png,751_AM_Chest_AP29.png,1,1.0000
751_AM_Chest_AP27.png,751_AM_Chest_AP22.png,1,1.0000
751_AM_Chest_AP27.png,751_AM_Chest_AP30.png,1,1.0000
751_AM_Chest_AP27.png,751_AM_Chest_AP25.png,1,1.0000
751_AM_Chest_AP29.png,751_AM_Chest_AP22.png,1,1.0000
751_AM_Chest_AP29.png,751_AM_Chest_AP30.png,1,1.0000
751_AM_Chest_AP29.png,751_AM_Chest_AP25.png,1,1.0000
751_AM_Chest_AP22.png,751_AM_Chest_AP30.png,1,1.0000
751_AM_Chest_AP22.png,751_AM_Chest_AP25.png,1,1.0000
751_AM_Chest_AP30.png,751_AM_Chest_AP25.png,1,1.0000
338_AM_Chest_AP5.png,338_AM_Chest_AP6.png,1,1.0000
1037_AM_Chest_AP7.png,1037_AM_Chest_AP6.png,1,1.0000
1037_AM_Chest_AP7.png,1037_AM_Chest_AP8.png,1,0.9999
1037_AM_Chest_AP6.png,1037_AM_Chest_AP8.png,1,0.9999
1272_AM_Chest_AP7.png,1272_AM_Chest_AP5.png,1,0.0681
1272_AM_Chest_AP7.png,1272_AM_Chest_AP6.png,1,1.0000
1272_AM_Chest_AP5.png,1272_AM_Chest_AP6.png,1,0.0682
845_AM_Chest_AP9.png,845_AM_Chest_AP10.png,1,0.0031
845_AM_Chest_AP9.png,845_AM_Chest_AP14.png,1,0.0030
845_AM_Chest_AP10.png,845_AM_Chest_AP14.png,1,0.8017
298_AM_Chest_AP8.png,298_AM_Chest_AP7.png,1,0.9995
298_AM_Chest_AP8.png,298_AM_Chest_AP6.png,1,0.9997
298_AM_Chest_AP7.png,298_AM_Chest_AP6.png,1,1.0000
786_AM_Chest_AP23.png,786_AM_Chest_AP24.png,1,1.0000
786_AM_Chest_AP23.png,786_AM_Chest_AP22.png,1,1.0000
786_AM_Chest_AP23.png,786_AM_Chest_AP26.png,1,1.0000
786_AM_Chest_AP23.png,786_AM_Chest_AP19.png,1,1.0000
786_AM_Chest_AP23.png,786_AM_Chest_AP21.png,1,1.0000
786_AM_Chest_AP23.png,786_AM_Chest_AP25.png,1,1.0000
786_AM_Chest_AP23.png,786_AM_Chest_AP20.png,1,1.0000
786_AM_Chest_AP24.png,786_AM_Chest_AP22.png,1,1.0000
786_AM_Chest_AP24.png,786_AM_Chest_AP26.png,1,1.0000
786_AM_Chest_AP24.png,786_AM_Chest_AP19.png,1,1.0000
786_AM_Chest_AP24.png,786_AM_Chest_AP21.png,1,1.0000
786_AM_Chest_AP24.png,786_AM_Chest_AP25.png,1,1.0000
786_AM_Chest_AP24.png,786_AM_Chest_AP20.png,1,1.0000
786_AM_Chest_AP22.png,786_AM_Chest_AP26.png,1,1.0000
786_AM_Chest_AP22.png,786_AM_Chest_AP19.png,1,1.0000
786_AM_Chest_AP22.png,786_AM_Chest_AP21.png,1,1.0000
786_AM_Chest_AP22.png,786_AM_Chest_AP25.png,1,1.0000
786_AM_Chest_AP22.png,786_AM_Chest_AP20.png,1,1.0000
786_AM_Chest_AP26.png,786_AM_Chest_AP19.png,1,1.0000
786_AM_Chest_AP26.png,786_AM_Chest_AP21.png,1,1.0000
786_AM_Chest_AP26.png,786_AM_Chest_AP25.png,1,1.0000
786_AM_Chest_AP26.png,786_AM_Chest_AP20.png,1,1.0000
786_AM_Chest_AP19.png,786_AM_Chest_AP21.png,1,1.0000
786_AM_Chest_AP19.png,786_AM_Chest_AP25.png,1,1.0000
786_AM_Chest_AP19.png,786_AM_Chest_AP20.png,1,1.0000
786_AM_Chest_AP21.png,786_AM_Chest_AP25.png,1,1.0000
786_AM_Chest_AP21.png,786_AM_Chest_AP20.png,1,1.0000
786_AM_Chest_AP25.png,786_AM_Chest_AP20.png,1,1.0000
1156_AM_Chest_AP3.png,1156_AM_Chest_AP6.png,1,0.9964
1108_AM_Chest_AP13.png,1108_AM_Chest_AP11.png,1,1.0000
1108_AM_Chest_AP13.png,1108_AM_Chest_AP10.png,1,0.5720
1108_AM_Chest_AP13.png,1108_AM_Chest_AP12.png,1,1.0000
1108_AM_Chest_AP11.png,1108_AM_Chest_AP10.png,1,0.5720
1108_AM_Chest_AP11.png,1108_AM_Chest_AP12.png,1,1.0000
1108_AM_Chest_AP10.png,1108_AM_Chest_AP12.png,1,0.5720
546_AM_Chest_AP5.png,546_AM_Chest_AP6.png,1,1.0000
852_AM_Chest_AP4.png,852_AM_Chest_AP3.png,1,0.9869
802_AM_Chest_AP4.png,802_AM_Chest_AP3.png,1,1.0000
1289_AM_Chest_AP36.png,1289_AM_Chest_AP44.png,1,1.0000
1289_AM_Chest_AP36.png,1289_AM_Chest_AP37.png,1,1.0000
1289_AM_Chest_AP36.png,1289_AM_Chest_AP39.png,1,1.0000
1289_AM_Chest_AP36.png,1289_AM_Chest_AP43.png,1,1.0000
1289_AM_Chest_AP36.png,1289_AM_Chest_AP38.png,1,1.0000
1289_AM_Chest_AP36.png,1289_AM_Chest_AP42.png,1,1.0000
1289_AM_Chest_AP36.png,1289_AM_Chest_AP45.png,1,1.0000
1289_AM_Chest_AP36.png,1289_AM_Chest_AP40.png,1,1.0000
1289_AM_Chest_AP36.png,1289_AM_Chest_AP46.png,1,1.0000
1289_AM_Chest_AP36.png,1289_AM_Chest_AP41.png,1,1.0000
1289_AM_Chest_AP36.png,1289_AM_Chest_AP47.png,1,1.0000
1289_AM_Chest_AP44.png,1289_AM_Chest_AP37.png,1,1.0000
1289_AM_Chest_AP44.png,1289_AM_Chest_AP39.png,1,1.0000
1289_AM_Chest_AP44.png,1289_AM_Chest_AP43.png,1,1.0000
1289_AM_Chest_AP44.png,1289_AM_Chest_AP38.png,1,1.0000
1289_AM_Chest_AP44.png,1289_AM_Chest_AP42.png,1,1.0000
1289_AM_Chest_AP44.png,1289_AM_Chest_AP45.png,1,1.0000
1289_AM_Chest_AP44.png,1289_AM_Chest_AP40.png,1,1.0000
1289_AM_Chest_AP44.png,1289_AM_Chest_AP46.png,1,1.0000
1289_AM_Chest_AP44.png,1289_AM_Chest_AP41.png,1,1.0000
1289_AM_Chest_AP44.png,1289_AM_Chest_AP47.png,1,1.0000
1289_AM_Chest_AP37.png,1289_AM_Chest_AP39.png,1,1.0000
1289_AM_Chest_AP37.png,1289_AM_Chest_AP43.png,1,1.0000
1289_AM_Chest_AP37.png,1289_AM_Chest_AP38.png,1,1.0000
1289_AM_Chest_AP37.png,1289_AM_Chest_AP42.png,1,1.0000
1289_AM_Chest_AP37.png,1289_AM_Chest_AP45.png,1,1.0000
1289_AM_Chest_AP37.png,1289_AM_Chest_AP40.png,1,1.0000
1289_AM_Chest_AP37.png,1289_AM_Chest_AP46.png,1,1.0000
1289_AM_Chest_AP37.png,1289_AM_Chest_AP41.png,1,1.0000
1289_AM_Chest_AP37.png,1289_AM_Chest_AP47.png,1,1.0000
1289_AM_Chest_AP39.png,1289_AM_Chest_AP43.png,1,1.0000
1289_AM_Chest_AP39.png,1289_AM_Chest_AP38.png,1,1.0000
1289_AM_Chest_AP39.png,1289_AM_Chest_AP42.png,1,1.0000
1289_AM_Chest_AP39.png,1289_AM_Chest_AP45.png,1,1.0000
1289_AM_Chest_AP39.png,1289_AM_Chest_AP40.png,1,1.0000
1289_AM_Chest_AP39.png,1289_AM_Chest_AP46.png,1,1.0000
1289_AM_Chest_AP39.png,1289_AM_Chest_AP41.png,1,1.0000
1289_AM_Chest_AP39.png,1289_AM_Chest_AP47.png,1,1.0000
1289_AM_Chest_AP43.png,1289_AM_Chest_AP38.png,1,1.0000
1289_AM_Chest_AP43.png,1289_AM_Chest_AP42.png,1,1.0000
1289_AM_Chest_AP43.png,1289_AM_Chest_AP45.png,1,1.0000
1289_AM_Chest_AP43.png,1289_AM_Chest_AP40.png,1,1.0000
1289_AM_Chest_AP43.png,1289_AM_Chest_AP46.png,1,1.0000
1289_AM_Chest_AP43.png,1289_AM_Chest_AP41.png,1,1.0000
1289_AM_Chest_AP43.png,1289_AM_Chest_AP47.png,1,1.0000
1289_AM_Chest_AP38.png,1289_AM_Chest_AP42.png,1,1.0000
1289_AM_Chest_AP38.png,1289_AM_Chest_AP45.png,1,1.0000
1289_AM_Chest_AP38.png,1289_AM_Chest_AP40.png,1,1.0000
1289_AM_Chest_AP38.png,1289_AM_Chest_AP46.png,1,1.0000
1289_AM_Chest_AP38.png,1289_AM_Chest_AP41.png,1,1.0000
1289_AM_Chest_AP38.png,1289_AM_Chest_AP47.png,1,1.0000
1289_AM_Chest_AP42.png,1289_AM_Chest_AP45.png,1,1.0000
1289_AM_Chest_AP42.png,1289_AM_Chest_AP40.png,1,1.0000
1289_AM_Chest_AP42.png,1289_AM_Chest_AP46.png,1,1.0000
1289_AM_Chest_AP42.png,1289_AM_Chest_AP41.png,1,1.0000
1289_AM_Chest_AP42.png,1289_AM_Chest_AP47.png,1,1.0000
1289_AM_Chest_AP45.png,1289_AM_Chest_AP40.png,1,1.0000
1289_AM_Chest_AP45.png,1289_AM_Chest_AP46.png,1,1.0000
1289_AM_Chest_AP45.png,1289_AM_Chest_AP41.png,1,1.0000
1289_AM_Chest_AP45.png,1289_AM_Chest_AP47.png,1,1.0000
1289_AM_Chest_AP40.png,1289_AM_Chest_AP46.png,1,1.0000
1289_AM_Chest_AP40.png,1289_AM_Chest_AP41.png,1,1.0000
1289_AM_Chest_AP40.png,1289_AM_Chest_AP47.png,1,1.0000
1289_AM_Chest_AP46.png,1289_AM_Chest_AP41.png,1,1.0000
1289_AM_Chest_AP46.png,1289_AM_Chest_AP47.png,1,1.0000
1289_AM_Chest_AP41.png,1289_AM_Chest_AP47.png,1,1.0000
979_AM_Chest_AP6.png,979_AM_Chest_AP5.png,1,1.0000
953_AM_Chest_AP4.png,953_AM_Chest_AP6.png,1,1.0000
533_AM_Chest_AP8.png,533_AM_Chest_AP10.png,1,1.0000
533_AM_Chest_AP8.png,533_AM_Chest_AP9.png,1,1.0000
533_AM_Chest_AP10.png,533_AM_Chest_AP9.png,1,1.0000
1285_AM_Chest_AP6.png,1285_AM_Chest_AP7.png,1,1.0000
1285_AM_Chest_AP6.png,1285_AM_Chest_AP8.png,1,1.0000
1285_AM_Chest_AP7.png,1285_AM_Chest_AP8.png,1,1.0000
221_AM_Chest_AP5.png,221_AM_Chest_AP7.png,1,1.0000
221_AM_Chest_AP5.png,221_AM_Chest_AP6.png,1,1.0000
221_AM_Chest_AP7.png,221_AM_Chest_AP6.png,1,1.0000
758_PM_Chest_AP2.png,758_PM_Chest_AP4.png,1,0.9993
1039_AM_Chest_AP6.png,1039_AM_Chest_AP8.png,1,0.0799
1039_AM_Chest_AP6.png,1039_AM_Chest_AP7.png,1,0.3015
1039_AM_Chest_AP8.png,1039_AM_Chest_AP7.png,1,0.0006
1368_PM_Chest_AP1.png,1368_AM_Chest_AP3.png,1,0.0485
1147_AM_Chest_AP10.png,1147_AM_Chest_AP8.png,1,1.0000
1147_AM_Chest_AP10.png,1147_AM_Chest_AP9.png,1,1.0000
1147_AM_Chest_AP8.png,1147_AM_Chest_AP9.png,1,1.0000
1053_AM_Chest_AP6.png,1053_AM_Chest_AP7.png,1,1.0000
1053_AM_Chest_AP6.png,1053_AM_Chest_AP5.png,1,0.0002
1053_AM_Chest_AP7.png,1053_AM_Chest_AP5.png,1,0.0002
1310_AM_Chest_AP9.png,1310_AM_Chest_AP8.png,1,1.0000
1310_AM_Chest_AP9.png,1310_AM_Chest_AP10.png,1,1.0000
1310_AM_Chest_AP8.png,1310_AM_Chest_AP10.png,1,1.0000
1225_AM_Chest_AP3.png,1225_AM_Chest_AP4.png,1,0.9941
1076_AM_Chest_AP5.png,1076_AM_Chest_AP3.png,1,0.5358
339_AM_Chest_AP10.png,339_AM_Chest_AP12.png,1,1.0000
339_AM_Chest_AP10.png,339_AM_Chest_AP13.png,1,1.0000
339_AM_Chest_AP10.png,339_AM_Chest_AP11.png,1,1.0000
339_AM_Chest_AP12.png,339_AM_Chest_AP13.png,1,1.0000
339_AM_Chest_AP12.png,339_AM_Chest_AP11.png,1,1.0000
339_AM_Chest_AP13.png,339_AM_Chest_AP11.png,1,1.0000
982_AM_Chest_AP14.png,982_AM_Chest_AP11.png,1,1.0000
982_AM_Chest_AP14.png,982_AM_Chest_AP13.png,1,1.0000
982_AM_Chest_AP14.png,982_AM_Chest_AP15.png,1,1.0000
982_AM_Chest_AP11.png,982_AM_Chest_AP13.png,1,1.0000
982_AM_Chest_AP11.png,982_AM_Chest_AP15.png,1,1.0000
982_AM_Chest_AP13.png,982_AM_Chest_AP15.png,1,1.0000
437_AM_Chest_AP5.png,437_AM_Chest_AP4.png,1,1.0000
1042_AM_Chest_AP6.png,1042_AM_Chest_AP5.png,1,1.0000
1088_AM_Chest_AP4.png,1088_AM_Chest_AP6.png,1,0.0975
889_AM_Chest_AP12.png,889_AM_Chest_AP9.png,1,1.0000
889_AM_Chest_AP12.png,889_AM_Chest_AP11.png,1,1.0000
889_AM_Chest_AP12.png,889_AM_Chest_AP10.png,1,1.0000
889_AM_Chest_AP9.png,889_AM_Chest_AP11.png,1,1.0000
889_AM_Chest_AP9.png,889_AM_Chest_AP10.png,1,1.0000
889_AM_Chest_AP11.png,889_AM_Chest_AP10.png,1,1.0000
1229_AM_Chest_AP3.png,1229_AM_Chest_AP4.png,1,1.0000
980_AM_Chest_AP11.png,980_AM_Chest_AP10.png,1,1.0000
980_AM_Chest_AP11.png,980_AM_Chest_AP7.png,1,0.9997
980_AM_Chest_AP10.png,980_AM_Chest_AP7.png,1,0.9997
1206_AM_Chest_AP23.png,1206_AM_Chest_AP22.png,1,1.0000
1206_AM_Chest_AP23.png,1206_AM_Chest_AP25.png,1,1.0000
1206_AM_Chest_AP23.png,1206_AM_Chest_AP19.png,1,1.0000
1206_AM_Chest_AP23.png,1206_AM_Chest_AP21.png,1,1.0000
1206_AM_Chest_AP23.png,1206_AM_Chest_AP24.png,1,1.0000
1206_AM_Chest_AP23.png,1206_AM_Chest_AP18.png,1,1.0000
1206_AM_Chest_AP23.png,1206_AM_Chest_AP20.png,1,1.0000
1206_AM_Chest_AP22.png,1206_AM_Chest_AP25.png,1,1.0000
1206_AM_Chest_AP22.png,1206_AM_Chest_AP19.png,1,1.0000
1206_AM_Chest_AP22.png,1206_AM_Chest_AP21.png,1,1.0000
1206_AM_Chest_AP22.png,1206_AM_Chest_AP24.png,1,1.0000
1206_AM_Chest_AP22.png,1206_AM_Chest_AP18.png,1,1.0000
1206_AM_Chest_AP22.png,1206_AM_Chest_AP20.png,1,1.0000
1206_AM_Chest_AP25.png,1206_AM_Chest_AP19.png,1,1.0000
1206_AM_Chest_AP25.png,1206_AM_Chest_AP21.png,1,1.0000
1206_AM_Chest_AP25.png,1206_AM_Chest_AP24.png,1,1.0000
1206_AM_Chest_AP25.png,1206_AM_Chest_AP18.png,1,1.0000
1206_AM_Chest_AP25.png,1206_AM_Chest_AP20.png,1,1.0000
1206_AM_Chest_AP19.png,1206_AM_Chest_AP21.png,1,1.0000
1206_AM_Chest_AP19.png,1206_AM_Chest_AP24.png,1,1.0000
1206_AM_Chest_AP19.png,1206_AM_Chest_AP18.png,1,1.0000
1206_AM_Chest_AP19.png,1206_AM_Chest_AP20.png,1,1.0000
1206_AM_Chest_AP21.png,1206_AM_Chest_AP24.png,1,1.0000
1206_AM_Chest_AP21.png,1206_AM_Chest_AP18.png,1,1.0000
1206_AM_Chest_AP21.png,1206_AM_Chest_AP20.png,1,1.0000
1206_AM_Chest_AP24.png,1206_AM_Chest_AP18.png,1,1.0000
1206_AM_Chest_AP24.png,1206_AM_Chest_AP20.png,1,1.0000
1206_AM_Chest_AP18.png,1206_AM_Chest_AP20.png,1,1.0000
1140_AM_Chest_AP5.png,1140_AM_Chest_AP7.png,1,0.3158
1140_AM_Chest_AP5.png,1140_AM_Chest_AP6.png,1,0.3467
1140_AM_Chest_AP7.png,1140_AM_Chest_AP6.png,1,0.0565
820_AM_Chest_AP9.png,820_AM_Chest_AP7.png,1,1.0000
820_AM_Chest_AP9.png,820_AM_Chest_AP8.png,1,1.0000
820_AM_Chest_AP7.png,820_AM_Chest_AP8.png,1,1.0000
1216_AM_Chest_AP8.png,1216_AM_Chest_AP7.png,1,1.0000
1216_AM_Chest_AP8.png,1216_AM_Chest_AP6.png,1,1.0000
1216_AM_Chest_AP7.png,1216_AM_Chest_AP6.png,1,1.0000
635_AM_Chest_AP6.png,635_AM_Chest_AP7.png,1,1.0000
1204_AM_Chest_AP10.png,1204_AM_Chest_AP8.png,1,1.0000
1204_AM_Chest_AP10.png,1204_AM_Chest_AP9.png,1,1.0000
1204_AM_Chest_AP10.png,1204_AM_Chest_AP11.png,1,0.9999
1204_AM_Chest_AP8.png,1204_AM_Chest_AP9.png,1,1.0000
1204_AM_Chest_AP8.png,1204_AM_Chest_AP11.png,1,0.9999
1204_AM_Chest_AP9.png,1204_AM_Chest_AP11.png,1,0.9999
987_AM_Chest_AP7.png,987_AM_Chest_AP6.png,1,0.0231
1275_AM_Chest_AP4.png,1275_AM_Chest_AP5.png,1,0.0022
1170_AM_Chest_AP5.png,1170_AM_Chest_AP6.png,1,1.0000
1251_AM_Chest_AP4.png,1251_AM_Chest_AP3.png,1,1.0000
1003_AM_Chest_AP4.png,1003_AM_Chest_AP3.png,1,0.2363
195_AM_Chest_AP6.png,195_AM_Chest_AP5.png,1,1.0000
1260_AM_Chest_AP9.png,1260_AM_Chest_AP10.png,1,0.0044
1260_AM_Chest_AP9.png,1260_AM_Chest_AP8.png,1,0.0036
1260_AM_Chest_AP10.png,1260_AM_Chest_AP8.png,1,1.0000
107_AM_Chest_AP26.png,107_AM_Chest_AP31.png,1,0.9410
107_AM_Chest_AP26.png,107_AM_Chest_AP29.png,1,0.1500
107_AM_Chest_AP26.png,107_AM_Chest_AP25.png,1,0.9490
107_AM_Chest_AP26.png,107_AM_Chest_AP22.png,1,0.9407
107_AM_Chest_AP26.png,107_AM_Chest_AP30.png,1,0.0026
107_AM_Chest_AP26.png,107_AM_Chest_AP21.png,1,0.9407
107_AM_Chest_AP26.png,107_AM_Chest_AP28.png,1,0.9407
107_AM_Chest_AP26.png,107_AM_Chest_AP23.png,1,0.9407
107_AM_Chest_AP31.png,107_AM_Chest_AP29.png,1,0.2743
107_AM_Chest_AP31.png,107_AM_Chest_AP25.png,1,0.9928
107_AM_Chest_AP31.png,107_AM_Chest_AP22.png,1,0.9926
107_AM_Chest_AP31.png,107_AM_Chest_AP30.png,1,0.1202
107_AM_Chest_AP31.png,107_AM_Chest_AP21.png,1,0.9926
107_AM_Chest_AP31.png,107_AM_Chest_AP28.png,1,0.9928
107_AM_Chest_AP31.png,107_AM_Chest_AP23.png,1,0.9926
107_AM_Chest_AP29.png,107_AM_Chest_AP25.png,1,0.1573
107_AM_Chest_AP29.png,107_AM_Chest_AP22.png,1,0.1573
107_AM_Chest_AP29.png,107_AM_Chest_AP30.png,1,0.9876
107_AM_Chest_AP29.png,107_AM_Chest_AP21.png,1,0.1573
107_AM_Chest_AP29.png,107_AM_Chest_AP28.png,1,0.1589
107_AM_Chest_AP29.png,107_AM_Chest_AP23.png,1,0.1575
107_AM_Chest_AP25.png,107_AM_Chest_AP22.png,1,0.9997
107_AM_Chest_AP25.png,107_AM_Chest_AP30.png,1,0.0006
107_AM_Chest_AP25.png,107_AM_Chest_AP21.png,1,0.9997
107_AM_Chest_AP25.png,107_AM_Chest_AP28.png,1,0.9997
107_AM_Chest_AP25.png,107_AM_Chest_AP23.png,1,0.9997
107_AM_Chest_AP22.png,107_AM_Chest_AP30.png,1,0.0005
107_AM_Chest_AP22.png,107_AM_Chest_AP21.png,1,1.0000
107_AM_Chest_AP22.png,107_AM_Chest_AP28.png,1,1.0000
107_AM_Chest_AP22.png,107_AM_Chest_AP23.png,1,1.0000
107_AM_Chest_AP30.png,107_AM_Chest_AP21.png,1,0.0006
107_AM_Chest_AP30.png,107_AM_Chest_AP28.png,1,0.0022
107_AM_Chest_AP30.png,107_AM_Chest_AP23.png,1,0.0008
107_AM_Chest_AP21.png,107_AM_Chest_AP28.png,1,1.0000
107_AM_Chest_AP21.png,107_AM_Chest_AP23.png,1,1.0000
107_AM_Chest_AP28.png,107_AM_Chest_AP23.png,1,1.0000
1143_AM_Chest_AP6.png,1143_AM_Chest_AP5.png,1,1.0000
1176_AM_Chest_AP8.png,1176_AM_Chest_AP9.png,1,0.0578
1176_AM_Chest_AP8.png,1176_AM_Chest_AP7.png,1,0.9314
1176_AM_Chest_AP9.png,1176_AM_Chest_AP7.png,1,0.0601
1314_AM_Chest_AP21.png,1314_AM_Chest_AP19.png,1,1.0000
1314_AM_Chest_AP21.png,1314_AM_Chest_AP26.png,1,1.0000
1314_AM_Chest_AP21.png,1314_AM_Chest_AP22.png,1,0.9906
1314_AM_Chest_AP21.png,1314_AM_Chest_AP24.png,1,1.0000
1314_AM_Chest_AP21.png,1314_AM_Chest_AP25.png,1,1.0000
1314_AM_Chest_AP21.png,1314_AM_Chest_AP23.png,1,1.0000
1314_AM_Chest_AP21.png,1314_AM_Chest_AP20.png,1,1.0000
1314_AM_Chest_AP19.png,1314_AM_Chest_AP26.png,1,1.0000
1314_AM_Chest_AP19.png,1314_AM_Chest_AP22.png,1,0.9906
1314_AM_Chest_AP19.png,1314_AM_Chest_AP24.png,1,1.0000
1314_AM_Chest_AP19.png,1314_AM_Chest_AP25.png,1,1.0000
1314_AM_Chest_AP19.png,1314_AM_Chest_AP23.png,1,1.0000
1314_AM_Chest_AP19.png,1314_AM_Chest_AP20.png,1,1.0000
1314_AM_Chest_AP26.png,1314_AM_Chest_AP22.png,1,0.9906
1314_AM_Chest_AP26.png,1314_AM_Chest_AP24.png,1,1.0000
1314_AM_Chest_AP26.png,1314_AM_Chest_AP25.png,1,1.0000
1314_AM_Chest_AP26.png,1314_AM_Chest_AP23.png,1,1.0000
1314_AM_Chest_AP26.png,1314_AM_Chest_AP20.png,1,1.0000
1314_AM_Chest_AP22.png,1314_AM_Chest_AP24.png,1,0.9906
1314_AM_Chest_AP22.png,1314_AM_Chest_AP25.png,1,0.9906
1314_AM_Chest_AP22.png,1314_AM_Chest_AP23.png,1,0.9906
1314_AM_Chest_AP22.png,1314_AM_Chest_AP20.png,1,0.9906
1314_AM_Chest_AP24.png,1314_AM_Chest_AP25.png,1,1.0000
1314_AM_Chest_AP24.png,1314_AM_Chest_AP23.png,1,1.0000
1314_AM_Chest_AP24.png,1314_AM_Chest_AP20.png,1,1.0000
1314_AM_Chest_AP25.png,1314_AM_Chest_AP23.png,1,1.0000
1314_AM_Chest_AP25.png,1314_AM_Chest_AP20.png,1,1.0000
1314_AM_Chest_AP23.png,1314_AM_Chest_AP20.png,1,1.0000
594_AM_Chest_AP6.png,594_AM_Chest_AP8.png,1,1.0000
594_AM_Chest_AP6.png,594_AM_Chest_AP7.png,1,1.0000
594_AM_Chest_AP8.png,594_AM_Chest_AP7.png,1,1.0000
950_AM_Chest_AP15.png,950_AM_Chest_AP16.png,1,0.9996
950_AM_Chest_AP15.png,950_AM_Chest_AP14.png,1,0.9997
950_AM_Chest_AP15.png,950_AM_Chest_AP19.png,1,0.9997
950_AM_Chest_AP15.png,950_AM_Chest_AP17.png,1,0.0071
950_AM_Chest_AP15.png,950_AM_Chest_AP13.png,1,0.9997
950_AM_Chest_AP16.png,950_AM_Chest_AP14.png,1,1.0000
950_AM_Chest_AP16.png,950_AM_Chest_AP19.png,1,1.0000
950_AM_Chest_AP16.png,950_AM_Chest_AP17.png,1,0.0004
950_AM_Chest_AP16.png,950_AM_Chest_AP13.png,1,1.0000
950_AM_Chest_AP14.png,950_AM_Chest_AP19.png,1,1.0000
950_AM_Chest_AP14.png,950_AM_Chest_AP17.png,1,0.0004
950_AM_Chest_AP14.png,950_AM_Chest_AP13.png,1,1.0000
950_AM_Chest_AP19.png,950_AM_Chest_AP17.png,1,0.0004
950_AM_Chest_AP19.png,950_AM_Chest_AP13.png,1,1.0000
950_AM_Chest_AP17.png,950_AM_Chest_AP13.png,1,0.0004
554_AM_Chest_AP7.png,554_AM_Chest_AP8.png,1,0.9973
554_AM_Chest_AP7.png,554_AM_Chest_AP9.png,1,0.9907
554_AM_Chest_AP8.png,554_AM_Chest_AP9.png,1,0.9891
450_AM_Chest_AP6.png,450_AM_Chest_AP5.png,1,0.0068
450_AM_Chest_AP6.png,450_AM_Chest_AP7.png,1,0.3904
450_AM_Chest_AP5.png,450_AM_Chest_AP7.png,1,0.4134
136_AM_Chest_AP9.png,136_AM_Chest_AP10.png,1,1.0000
136_AM_Chest_AP9.png,136_AM_Chest_AP11.png,1,1.0000
136_AM_Chest_AP9.png,136_AM_Chest_AP12.png,1,1.0000
136_AM_Chest_AP10.png,136_AM_Chest_AP11.png,1,1.0000
136_AM_Chest_AP10.png,136_AM_Chest_AP12.png,1,1.0000
136_AM_Chest_AP11.png,136_AM_Chest_AP12.png,1,1.0000
1135_AM_Chest_AP4.png,1135_AM_Chest_AP5.png,1,0.1009
1130_AM_Chest_AP6.png,1130_AM_Chest_AP5.png,1,1.0000
1130_AM_Chest_AP6.png,1130_AM_Chest_AP7.png,1,1.0000
1130_AM_Chest_AP5.png,1130_AM_Chest_AP7.png,1,1.0000
1217_AM_Chest_AP5.png,1217_AM_Chest_AP6.png,1,1.0000
1111_AM_Chest_AP6.png,1111_AM_Chest_AP5.png,1,0.9981
1115_AM_Chest_AP12.png,1115_AM_Chest_AP11.png,1,0.9993
1115_AM_Chest_AP12.png,1115_AM_Chest_AP14.png,1,0.8854
1115_AM_Chest_AP12.png,1115_AM_Chest_AP13.png,1,0.9988
1115_AM_Chest_AP12.png,1115_AM_Chest_AP10.png,1,0.9992
1115_AM_Chest_AP11.png,1115_AM_Chest_AP14.png,1,0.8673
1115_AM_Chest_AP11.png,1115_AM_Chest_AP13.png,1,0.9964
1115_AM_Chest_AP11.png,1115_AM_Chest_AP10.png,1,1.0000
1115_AM_Chest_AP14.png,1115_AM_Chest_AP13.png,1,0.9060
1115_AM_Chest_AP14.png,1115_AM_Chest_AP10.png,1,0.8668
1115_AM_Chest_AP13.png,1115_AM_Chest_AP10.png,1,0.9963
1043_AM_Chest_AP9.png,1043_AM_Chest_AP10.png,1,0.0016
1043_AM_Chest_AP9.png,1043_AM_Chest_AP8.png,1,0.8174
1043_AM_Chest_AP9.png,1043_AM_Chest_AP11.png,1,1.0000
1043_AM_Chest_AP10.png,1043_AM_Chest_AP8.png,1,0.5103
1043_AM_Chest_AP10.png,1043_AM_Chest_AP11.png,1,0.0016
1043_AM_Chest_AP8.png,1043_AM_Chest_AP11.png,1,0.8170
1220_AM_Chest_AP5.png,1220_AM_Chest_AP6.png,1,1.0000
1248_AM_Chest_AP20.png,1248_AM_Chest_AP17.png,1,1.0000
1248_AM_Chest_AP20.png,1248_AM_Chest_AP21.png,1,1.0000
1248_AM_Chest_AP20.png,1248_AM_Chest_AP23.png,1,1.0000
1248_AM_Chest_AP20.png,1248_AM_Chest_AP18.png,1,1.0000
1248_AM_Chest_AP20.png,1248_AM_Chest_AP19.png,1,1.0000
1248_AM_Chest_AP20.png,1248_AM_Chest_AP22.png,1,1.0000
1248_AM_Chest_AP17.png,1248_AM_Chest_AP21.png,1,1.0000
1248_AM_Chest_AP17.png,1248_AM_Chest_AP23.png,1,1.0000
1248_AM_Chest_AP17.png,1248_AM_Chest_AP18.png,1,1.0000
1248_AM_Chest_AP17.png,1248_AM_Chest_AP19.png,1,1.0000
1248_AM_Chest_AP17.png,1248_AM_Chest_AP22.png,1,1.0000
1248_AM_Chest_AP21.png,1248_AM_Chest_AP23.png,1,1.0000
1248_AM_Chest_AP21.png,1248_AM_Chest_AP18.png,1,1.0000
1248_AM_Chest_AP21.png,1248_AM_Chest_AP19.png,1,1.0000
1248_AM_Chest_AP21.png,1248_AM_Chest_AP22.png,1,1.0000
1248_AM_Chest_AP23.png,1248_AM_Chest_AP18.png,1,1.0000
1248_AM_Chest_AP23.png,1248_AM_Chest_AP19.png,1,1.0000
1248_AM_Chest_AP23.png,1248_AM_Chest_AP22.png,1,1.0000
1248_AM_Chest_AP18.png,1248_AM_Chest_AP19.png,1,1.0000
1248_AM_Chest_AP18.png,1248_AM_Chest_AP22.png,1,1.0000
1248_AM_Chest_AP19.png,1248_AM_Chest_AP22.png,1,1.0000
1017_AM_Chest_AP3.png,1017_AM_Chest_AP4.png,1,1.0000
490_AM_Chest_AP5.png,490_AM_Chest_AP4.png,1,1.0000
1136_AM_Chest_AP10.png,1136_AM_Chest_AP9.png,1,0.9946
1136_AM_Chest_AP10.png,1136_AM_Chest_AP8.png,1,0.9946
1136_AM_Chest_AP9.png,1136_AM_Chest_AP8.png,1,1.0000
795_AM_Chest_AP11.png,795_AM_Chest_AP8.png,1,1.0000
795_AM_Chest_AP11.png,795_AM_Chest_AP10.png,1,0.9993
795_AM_Chest_AP8.png,795_AM_Chest_AP10.png,1,0.9993
1234_AM_Chest_AP7.png,1234_AM_Chest_AP6.png,1,1.0000
1234_AM_Chest_AP7.png,1234_AM_Chest_AP8.png,1,1.0000
1234_AM_Chest_AP6.png,1234_AM_Chest_AP8.png,1,1.0000
1105_AM_Chest_AP5.png,1105_AM_Chest_AP4.png,1,1.0000
1072_AM_Chest_AP5.png,1072_AM_Chest_AP4.png,1,0.0168
1316_AM_Chest_AP9.png,1316_AM_Chest_AP7.png,1,1.0000
1316_AM_Chest_AP9.png,1316_AM_Chest_AP8.png,1,1.0000
1316_AM_Chest_AP7.png,1316_AM_Chest_AP8.png,1,1.0000
908_AM_Chest_AP9.png,908_AM_Chest_AP8.png,1,1.0000
908_AM_Chest_AP9.png,908_AM_Chest_AP10.png,1,1.0000
908_AM_Chest_AP8.png,908_AM_Chest_AP10.png,1,1.0000
1069_AM_Chest_AP10.png,1069_AM_Chest_AP13.png,1,1.0000
1069_AM_Chest_AP10.png,1069_AM_Chest_AP12.png,1,1.0000
1069_AM_Chest_AP10.png,1069_AM_Chest_AP11.png,1,1.0000
1069_AM_Chest_AP13.png,1069_AM_Chest_AP12.png,1,1.0000
1069_AM_Chest_AP13.png,1069_AM_Chest_AP11.png,1,1.0000
1069_AM_Chest_AP12.png,1069_AM_Chest_AP11.png,1,1.0000
1265_AM_Chest_AP8.png,1265_AM_Chest_AP10.png,1,1.0000
1265_AM_Chest_AP8.png,1265_AM_Chest_AP9.png,1,1.0000
1265_AM_Chest_AP8.png,1265_AM_Chest_AP11.png,1,1.0000
1265_AM_Chest_AP10.png,1265_AM_Chest_AP9.png,1,1.0000
1265_AM_Chest_AP10.png,1265_AM_Chest_AP11.png,1,1.0000
1265_AM_Chest_AP9.png,1265_AM_Chest_AP11.png,1,1.0000
900_AM_Chest_AP10.png,900_AM_Chest_AP9.png,1,1.0000
900_AM_Chest_AP10.png,900_AM_Chest_AP8.png,1,0.0111
900_AM_Chest_AP9.png,900_AM_Chest_AP8.png,1,0.0111
904_AM_Chest_AP14.png,904_AM_Chest_AP11.png,1,0.0006
904_AM_Chest_AP14.png,904_AM_Chest_AP13.png,1,0.0006
904_AM_Chest_AP14.png,904_AM_Chest_AP12.png,1,0.0006
904_AM_Chest_AP11.png,904_AM_Chest_AP13.png,1,1.0000
904_AM_Chest_AP11.png,904_AM_Chest_AP12.png,1,1.0000
904_AM_Chest_AP13.png,904_AM_Chest_AP12.png,1,1.0000
887_AM_Chest_AP13.png,887_AM_Chest_AP12.png,1,0.9994
887_AM_Chest_AP13.png,887_AM_Chest_AP16.png,1,0.0099
887_AM_Chest_AP13.png,887_AM_Chest_AP15.png,1,0.5400
887_AM_Chest_AP13.png,887_AM_Chest_AP14.png,1,1.0000
887_AM_Chest_AP12.png,887_AM_Chest_AP16.png,1,0.0108
887_AM_Chest_AP12.png,887_AM_Chest_AP15.png,1,0.5398
887_AM_Chest_AP12.png,887_AM_Chest_AP14.png,1,0.9995
887_AM_Chest_AP16.png,887_AM_Chest_AP15.png,1,0.0054
887_AM_Chest_AP16.png,887_AM_Chest_AP14.png,1,0.0100
887_AM_Chest_AP15.png,887_AM_Chest_AP14.png,1,0.5401
1194_AM_Chest_AP12.png,1194_AM_Chest_AP10.png,1,1.0000
1194_AM_Chest_AP12.png,1194_AM_Chest_AP13.png,1,1.0000
1194_AM_Chest_AP12.png,1194_AM_Chest_AP11.png,1,1.0000
1194_AM_Chest_AP10.png,1194_AM_Chest_AP13.png,1,1.0000
1194_AM_Chest_AP10.png,1194_AM_Chest_AP11.png,1,1.0000
1194_AM_Chest_AP13.png,1194_AM_Chest_AP11.png,1,1.0000
996_AM_Chest_AP5.png,996_AM_Chest_AP6.png,1,0.7751
1307_AM_Chest_AP4.png,1307_AM_Chest_AP3.png,1,1.0000
1261_AM_Chest_AP9.png,1261_AM_Chest_AP11.png,1,1.0000
1261_AM_Chest_AP9.png,1261_AM_Chest_AP10.png,1,0.9987
1261_AM_Chest_AP9.png,1261_AM_Chest_AP12.png,1,1.0000
1261_AM_Chest_AP11.png,1261_AM_Chest_AP10.png,1,0.9987
1261_AM_Chest_AP11.png,1261_AM_Chest_AP12.png,1,1.0000
1261_AM_Chest_AP10.png,1261_AM_Chest_AP12.png,1,0.9987
733_AM_Chest_AP4.png,733_AM_Chest_AP5.png,1,0.1662
1174_AM_Chest_AP5.png,1174_AM_Chest_AP7.png,1,1.0000
1174_AM_Chest_AP5.png,1174_AM_Chest_AP6.png,1,1.0000
1174_AM_Chest_AP7.png,1174_AM_Chest_AP6.png,1,1.0000
413_AM_Chest_AP3.png,413_AM_Chest_AP4.png,1,0.0018
054_PM_Chest_AP1.png,054_PM_Chest_AP2.png,1,0.6330
1092_AM_Chest_AP6.png,1092_AM_Chest_AP4.png,1,0.7407
1005_AM_Chest_AP3.png,1005_AM_Chest_AP4.png,1,0.0027
946_AM_Chest_AP7.png,946_AM_Chest_AP6.png,1,1.0000
946_AM_Chest_AP7.png,946_AM_Chest_AP5.png,1,1.0000
946_AM_Chest_AP6.png,946_AM_Chest_AP5.png,1,1.0000
903_AM_Chest_AP5.png,903_AM_Chest_AP6.png,1,0.0941
903_AM_Chest_AP5.png,903_AM_Chest_AP7.png,1,1.0000
903_AM_Chest_AP6.png,903_AM_Chest_AP7.png,1,0.0944
1064_AM_Chest_AP5.png,1064_AM_Chest_AP4.png,1,1.0000
1040_AM_Chest_AP4.png,1040_AM_Chest_AP3.png,1,0.0000
1148_AM_Chest_AP9.png,1148_AM_Chest_AP11.png,1,1.0000
1148_AM_Chest_AP9.png,1148_AM_Chest_AP8.png,1,1.0000
1148_AM_Chest_AP9.png,1148_AM_Chest_AP10.png,1,1.0000
1148_AM_Chest_AP11.png,1148_AM_Chest_AP8.png,1,1.0000
1148_AM_Chest_AP11.png,1148_AM_Chest_AP10.png,1,1.0000
1148_AM_Chest_AP8.png,1148_AM_Chest_AP10.png,1,1.0000
319_AM_Chest_AP10.png,319_AM_Chest_AP8.png,1,1.0000
319_AM_Chest_AP10.png,319_AM_Chest_AP9.png,1,1.0000
319_AM_Chest_AP8.png,319_AM_Chest_AP9.png,1,1.0000
668_AM_Chest_AP13.png,668_AM_Chest_AP14.png,1,1.0000
668_AM_Chest_AP13.png,668_AM_Chest_AP15.png,1,1.0000
668_AM_Chest_AP13.png,668_AM_Chest_AP12.png,1,1.0000
668_AM_Chest_AP14.png,668_AM_Chest_AP15.png,1,1.0000
668_AM_Chest_AP14.png,668_AM_Chest_AP12.png,1,1.0000
668_AM_Chest_AP15.png,668_AM_Chest_AP12.png,1,1.0000
757_PM_Chest_AP2.png,757_PM_Chest_AP3.png,1,1.0000
1191_AM_Chest_AP6.png,1191_AM_Chest_AP7.png,1,0.9983
1191_AM_Chest_AP6.png,1191_AM_Chest_AP5.png,1,0.0218
1191_AM_Chest_AP7.png,1191_AM_Chest_AP5.png,1,0.0240
797_AM_Chest_AP9.png,797_AM_Chest_AP10.png,1,1.0000
797_AM_Chest_AP9.png,797_AM_Chest_AP11.png,1,1.0000
797_AM_Chest_AP10.png,797_AM_Chest_AP11.png,1,1.0000
971_AM_Chest_AP30.png,971_AM_Chest_AP26.png,1,1.0000
971_AM_Chest_AP30.png,971_AM_Chest_AP31.png,1,1.0000
971_AM_Chest_AP30.png,971_AM_Chest_AP29.png,1,1.0000
971_AM_Chest_AP30.png,971_AM_Chest_AP28.png,1,1.0000
971_AM_Chest_AP30.png,971_AM_Chest_AP25.png,1,1.0000
971_AM_Chest_AP30.png,971_AM_Chest_AP32.png,1,1.0000
971_AM_Chest_AP30.png,971_AM_Chest_AP33.png,1,1.0000
971_AM_Chest_AP30.png,971_AM_Chest_AP24.png,1,1.0000
971_AM_Chest_AP30.png,971_AM_Chest_AP27.png,1,1.0000
971_AM_Chest_AP26.png,971_AM_Chest_AP31.png,1,1.0000
971_AM_Chest_AP26.png,971_AM_Chest_AP29.png,1,1.0000
971_AM_Chest_AP26.png,971_AM_Chest_AP28.png,1,1.0000
971_AM_Chest_AP26.png,971_AM_Chest_AP25.png,1,1.0000
971_AM_Chest_AP26.png,971_AM_Chest_AP32.png,1,1.0000
971_AM_Chest_AP26.png,971_AM_Chest_AP33.png,1,1.0000
971_AM_Chest_AP26.png,971_AM_Chest_AP24.png,1,1.0000
971_AM_Chest_AP26.png,971_AM_Chest_AP27.png,1,1.0000
971_AM_Chest_AP31.png,971_AM_Chest_AP29.png,1,1.0000
971_AM_Chest_AP31.png,971_AM_Chest_AP28.png,1,1.0000
971_AM_Chest_AP31.png,971_AM_Chest_AP25.png,1,1.0000
971_AM_Chest_AP31.png,971_AM_Chest_AP32.png,1,1.0000
971_AM_Chest_AP31.png,971_AM_Chest_AP33.png,1,1.0000
971_AM_Chest_AP31.png,971_AM_Chest_AP24.png,1,1.0000
971_AM_Chest_AP31.png,971_AM_Chest_AP27.png,1,1.0000
971_AM_Chest_AP29.png,971_AM_Chest_AP28.png,1,1.0000
971_AM_Chest_AP29.png,971_AM_Chest_AP25.png,1,1.0000
971_AM_Chest_AP29.png,971_AM_Chest_AP32.png,1,1.0000
971_AM_Chest_AP29.png,971_AM_Chest_AP33.png,1,1.0000
971_AM_Chest_AP29.png,971_AM_Chest_AP24.png,1,1.0000
971_AM_Chest_AP29.png,971_AM_Chest_AP27.png,1,1.0000
971_AM_Chest_AP28.png,971_AM_Chest_AP25.png,1,1.0000
971_AM_Chest_AP28.png,971_AM_Chest_AP32.png,1,1.0000
971_AM_Chest_AP28.png,971_AM_Chest_AP33.png,1,1.0000
971_AM_Chest_AP28.png,971_AM_Chest_AP24.png,1,1.0000
971_AM_Chest_AP28.png,971_AM_Chest_AP27.png,1,1.0000
971_AM_Chest_AP25.png,971_AM_Chest_AP32.png,1,1.0000
971_AM_Chest_AP25.png,971_AM_Chest_AP33.png,1,1.0000
971_AM_Chest_AP25.png,971_AM_Chest_AP24.png,1,1.0000
971_AM_Chest_AP25.png,971_AM_Chest_AP27.png,1,1.0000
971_AM_Chest_AP32.png,971_AM_Chest_AP33.png,1,1.0000
971_AM_Chest_AP32.png,971_AM_Chest_AP24.png,1,1.0000
971_AM_Chest_AP32.png,971_AM_Chest_AP27.png,1,1.0000
971_AM_Chest_AP33.png,971_AM_Chest_AP24.png,1,1.0000
971_AM_Chest_AP33.png,971_AM_Chest_AP27.png,1,1.0000
971_AM_Chest_AP24.png,971_AM_Chest_AP27.png,1,1.0000
909_AM_Chest_AP6.png,909_AM_Chest_AP10.png,1,1.0000
909_AM_Chest_AP6.png,909_AM_Chest_AP7.png,1,1.0000
909_AM_Chest_AP10.png,909_AM_Chest_AP7.png,1,1.0000
888_AM_Chest_AP3.png,888_AM_Chest_AP4.png,1,0.0064
233_PM_Chest_AP1.png,233_PM_Chest_AP2.png,1,1.0000
579_AM_Chest_AP9.png,579_AM_Chest_AP11.png,1,1.0000
579_AM_Chest_AP9.png,579_AM_Chest_AP8.png,1,1.0000
579_AM_Chest_AP9.png,579_AM_Chest_AP10.png,1,1.0000
579_AM_Chest_AP11.png,579_AM_Chest_AP8.png,1,1.0000
579_AM_Chest_AP11.png,579_AM_Chest_AP10.png,1,1.0000
579_AM_Chest_AP8.png,579_AM_Chest_AP10.png,1,1.0000
915_AM_Chest_AP10.png,915_AM_Chest_AP8.png,1,1.0000
915_AM_Chest_AP10.png,915_AM_Chest_AP9.png,1,1.0000
915_AM_Chest_AP8.png,915_AM_Chest_AP9.png,1,1.0000
1280_AM_Chest_AP4.png,1280_AM_Chest_AP5.png,1,0.6602
100_AM_Chest_AP4.png,100_AM_Chest_AP3.png,1,0.4900
1324_AM_Chest_AP10.png,1324_AM_Chest_AP11.png,1,1.0000
1324_AM_Chest_AP10.png,1324_AM_Chest_AP9.png,1,1.0000
1324_AM_Chest_AP11.png,1324_AM_Chest_AP9.png,1,1.0000
1207_AM_Chest_AP5.png,1207_AM_Chest_AP6.png,1,0.0005
890_AM_Chest_AP7.png,890_AM_Chest_AP8.png,1,1.0000
890_AM_Chest_AP7.png,890_AM_Chest_AP9.png,1,0.9703
890_AM_Chest_AP8.png,890_AM_Chest_AP9.png,1,0.9703
712_PM_Chest_AP2.png,712_PM_Chest_AP1.png,1,0.0532
712_PM_Chest_AP2.png,712_PM_Chest_AP5.png,1,0.0038
712_PM_Chest_AP1.png,712_PM_Chest_AP5.png,1,0.0072
424_AM_Chest_AP6.png,424_AM_Chest_AP7.png,1,0.8836
424_AM_Chest_AP6.png,424_AM_Chest_AP5.png,1,0.8836
424_AM_Chest_AP7.png,424_AM_Chest_AP5.png,1,1.0000
362_AM_Chest_AP3.png,362_AM_Chest_AP4.png,1,1.0000
1023_AM_Chest_AP5.png,1023_AM_Chest_AP6.png,1,0.0487
920_AM_Chest_AP5.png,920_AM_Chest_AP3.png,1,0.0107
1049_AM_Chest_AP6.png,1049_AM_Chest_AP5.png,1,1.0000
1201_AM_Chest_AP9.png,1201_AM_Chest_AP11.png,1,1.0000
1201_AM_Chest_AP9.png,1201_AM_Chest_AP12.png,1,0.9972
1201_AM_Chest_AP9.png,1201_AM_Chest_AP10.png,1,1.0000
1201_AM_Chest_AP11.png,1201_AM_Chest_AP12.png,1,0.9973
1201_AM_Chest_AP11.png,1201_AM_Chest_AP10.png,1,1.0000
1201_AM_Chest_AP12.png,1201_AM_Chest_AP10.png,1,0.9972
510_AM_Chest_AP3.png,510_AM_Chest_AP4.png,1,0.9533
1126_AM_Chest_AP10.png,1126_AM_Chest_AP8.png,1,0.1193
1126_AM_Chest_AP10.png,1126_AM_Chest_AP9.png,1,0.9381
1126_AM_Chest_AP8.png,1126_AM_Chest_AP9.png,1,0.0955
994_AM_Chest_AP5.png,994_AM_Chest_AP6.png,1,1.0000
153_AM_Chest_AP5.png,153_AM_Chest_AP6.png,1,0.9995
593_AM_Chest_AP13.png,593_AM_Chest_AP15.png,1,1.0000
593_AM_Chest_AP13.png,593_AM_Chest_AP16.png,1,1.0000
593_AM_Chest_AP13.png,593_AM_Chest_AP12.png,1,0.5882
593_AM_Chest_AP13.png,593_AM_Chest_AP14.png,1,1.0000
593_AM_Chest_AP15.png,593_AM_Chest_AP16.png,1,1.0000
593_AM_Chest_AP15.png,593_AM_Chest_AP12.png,1,0.5882
593_AM_Chest_AP15.png,593_AM_Chest_AP14.png,1,1.0000
593_AM_Chest_AP16.png,593_AM_Chest_AP12.png,1,0.5882
593_AM_Chest_AP16.png,593_AM_Chest_AP14.png,1,1.0000
593_AM_Chest_AP12.png,593_AM_Chest_AP14.png,1,0.5882
1232_AM_Chest_AP5.png,1232_AM_Chest_AP4.png,1,0.0933
1128_AM_Chest_AP5.png,1128_AM_Chest_AP4.png,1,1.0000
1080_AM_Chest_AP6.png,1080_AM_Chest_AP4.png,1,1.0000
1097_AM_Chest_AP6.png,1097_AM_Chest_AP5.png,1,0.0294
1097_AM_Chest_AP6.png,1097_AM_Chest_AP8.png,1,0.0000
1097_AM_Chest_AP5.png,1097_AM_Chest_AP8.png,1,0.0085
932_AM_Chest_AP15.png,932_AM_Chest_AP16.png,1,1.0000
932_AM_Chest_AP15.png,932_AM_Chest_AP17.png,1,1.0000
932_AM_Chest_AP15.png,932_AM_Chest_AP13.png,1,1.0000
932_AM_Chest_AP15.png,932_AM_Chest_AP14.png,1,1.0000
932_AM_Chest_AP15.png,932_AM_Chest_AP18.png,1,1.0000
932_AM_Chest_AP16.png,932_AM_Chest_AP17.png,1,1.0000
932_AM_Chest_AP16.png,932_AM_Chest_AP13.png,1,1.0000
932_AM_Chest_AP16.png,932_AM_Chest_AP14.png,1,1.0000
932_AM_Chest_AP16.png,932_AM_Chest_AP18.png,1,1.0000
932_AM_Chest_AP17.png,932_AM_Chest_AP13.png,1,1.0000
932_AM_Chest_AP17.png,932_AM_Chest_AP14.png,1,1.0000
932_AM_Chest_AP17.png,932_AM_Chest_AP18.png,1,1.0000
932_AM_Chest_AP13.png,932_AM_Chest_AP14.png,1,1.0000
932_AM_Chest_AP13.png,932_AM_Chest_AP18.png,1,1.0000
932_AM_Chest_AP14.png,932_AM_Chest_AP18.png,1,1.0000
059_AM_Chest_AP4.png,059_AM_Chest_AP3.png,1,0.9366
721_AM_Chest_AP9.png,721_AM_Chest_AP7.png,1,1.0000
721_AM_Chest_AP9.png,721_AM_Chest_AP6.png,1,1.0000
721_AM_Chest_AP7.png,721_AM_Chest_AP6.png,1,1.0000
334_AM_Chest_AP6.png,334_AM_Chest_AP5.png,1,1.0000
1046_AM_Chest_AP3.png,1046_AM_Chest_AP4.png,1,0.7606
876_PM_Chest_AP2.png,876_PM_Chest_AP1.png,1,0.9249
876_PM_Chest_AP2.png,876_PM_Chest_AP3.png,1,0.7044
876_PM_Chest_AP1.png,876_PM_Chest_AP3.png,1,0.4044
1004_AM_Chest_AP3.png,1004_AM_Chest_AP4.png,1,0.9401
611_AM_Chest_AP6.png,611_AM_Chest_AP5.png,1,1.0000
969_AM_Chest_AP5.png,969_AM_Chest_AP8.png,1,0.9988
969_AM_Chest_AP5.png,969_AM_Chest_AP9.png,1,0.9991
969_AM_Chest_AP8.png,969_AM_Chest_AP9.png,1,0.9997
1196_AM_Chest_AP4.png,1196_AM_Chest_AP5.png,1,0.8097
1360_PM_Chest_AP7.png,1360_PM_Chest_AP4.png,1,1.0000
1329_AM_Chest_AP9.png,1329_AM_Chest_AP10.png,1,0.0338
1329_AM_Chest_AP9.png,1329_AM_Chest_AP11.png,1,0.0021
1329_AM_Chest_AP10.png,1329_AM_Chest_AP11.png,1,0.7177
487_AM_Chest_AP11.png,487_AM_Chest_AP10.png,1,1.0000
487_AM_Chest_AP11.png,487_AM_Chest_AP9.png,1,1.0000
487_AM_Chest_AP10.png,487_AM_Chest_AP9.png,1,1.0000
822_AM_Chest_AP10.png,822_AM_Chest_AP12.png,1,1.0000
822_AM_Chest_AP10.png,822_AM_Chest_AP11.png,1,0.7386
822_AM_Chest_AP10.png,822_AM_Chest_AP14.png,1,1.0000
822_AM_Chest_AP10.png,822_AM_Chest_AP13.png,1,1.0000
822_AM_Chest_AP12.png,822_AM_Chest_AP11.png,1,0.7387
822_AM_Chest_AP12.png,822_AM_Chest_AP14.png,1,1.0000
822_AM_Chest_AP12.png,822_AM_Chest_AP13.png,1,1.0000
822_AM_Chest_AP11.png,822_AM_Chest_AP14.png,1,0.7386
822_AM_Chest_AP11.png,822_AM_Chest_AP13.png,1,0.7386
822_AM_Chest_AP14.png,822_AM_Chest_AP13.png,1,1.0000
636_AM_Chest_AP8.png,636_AM_Chest_AP10.png,1,0.9168
636_AM_Chest_AP8.png,636_AM_Chest_AP9.png,1,1.0000
636_AM_Chest_AP10.png,636_AM_Chest_AP9.png,1,0.9169
1317_AM_Chest_AP8.png,1317_AM_Chest_AP10.png,1,1.0000
1317_AM_Chest_AP8.png,1317_AM_Chest_AP9.png,1,1.0000
1317_AM_Chest_AP10.png,1317_AM_Chest_AP9.png,1,1.0000
052_PM_Chest_AP2.png,052_PM_Chest_AP3.png,1,1.0000
1000_AM_Chest_AP8.png,1000_AM_Chest_AP9.png,1,0.9992
1000_AM_Chest_AP8.png,1000_AM_Chest_AP10.png,1,1.0000
1000_AM_Chest_AP9.png,1000_AM_Chest_AP10.png,1,0.9992
1024_AM_Chest_AP21.png,1024_AM_Chest_AP20.png,1,0.9956
1024_AM_Chest_AP21.png,1024_AM_Chest_AP19.png,1,1.0000
1024_AM_Chest_AP21.png,1024_AM_Chest_AP16.png,1,1.0000
1024_AM_Chest_AP21.png,1024_AM_Chest_AP15.png,1,1.0000
1024_AM_Chest_AP21.png,1024_AM_Chest_AP18.png,1,1.0000
1024_AM_Chest_AP21.png,1024_AM_Chest_AP17.png,1,1.0000
1024_AM_Chest_AP20.png,1024_AM_Chest_AP19.png,1,0.9956
1024_AM_Chest_AP20.png,1024_AM_Chest_AP16.png,1,0.9956
1024_AM_Chest_AP20.png,1024_AM_Chest_AP15.png,1,0.9956
1024_AM_Chest_AP20.png,1024_AM_Chest_AP18.png,1,0.9956
1024_AM_Chest_AP20.png,1024_AM_Chest_AP17.png,1,0.9956
1024_AM_Chest_AP19.png,1024_AM_Chest_AP16.png,1,1.0000
1024_AM_Chest_AP19.png,1024_AM_Chest_AP15.png,1,1.0000
1024_AM_Chest_AP19.png,1024_AM_Chest_AP18.png,1,1.0000
1024_AM_Chest_AP19.png,1024_AM_Chest_AP17.png,1,1.0000
1024_AM_Chest_AP16.png,1024_AM_Chest_AP15.png,1,1.0000
1024_AM_Chest_AP16.png,1024_AM_Chest_AP18.png,1,1.0000
1024_AM_Chest_AP16.png,1024_AM_Chest_AP17.png,1,1.0000
1024_AM_Chest_AP15.png,1024_AM_Chest_AP18.png,1,1.0000
1024_AM_Chest_AP15.png,1024_AM_Chest_AP17.png,1,1.0000
1024_AM_Chest_AP18.png,1024_AM_Chest_AP17.png,1,1.0000
1044_AM_Chest_AP4.png,1044_AM_Chest_AP5.png,1,0.0059
1008_AM_Chest_AP6.png,1008_AM_Chest_AP5.png,1,0.9903
1269_AM_Chest_AP7.png,1269_AM_Chest_AP6.png,1,0.9955
1269_AM_Chest_AP7.png,1269_AM_Chest_AP8.png,1,0.9919
1269_AM_Chest_AP6.png,1269_AM_Chest_AP8.png,1,0.9940
764_PM_Chest_AP2.png,764_PM_Chest_AP3.png,1,1.0000
1365_AM_Chest_AP4.png,1365_PM_Chest_AP1.png,1,0.0479
1228_AM_Chest_AP4.png,1228_AM_Chest_AP5.png,1,1.0000
686_AM_Chest_AP5.png,686_AM_Chest_AP6.png,1,1.0000
485_AM_Chest_AP27.png,485_AM_Chest_AP24.png,1,1.0000
485_AM_Chest_AP27.png,485_AM_Chest_AP20.png,1,1.0000
485_AM_Chest_AP27.png,485_AM_Chest_AP21.png,1,1.0000
485_AM_Chest_AP27.png,485_AM_Chest_AP23.png,1,1.0000
485_AM_Chest_AP27.png,485_AM_Chest_AP26.png,1,1.0000
485_AM_Chest_AP27.png,485_AM_Chest_AP22.png,1,1.0000
485_AM_Chest_AP27.png,485_AM_Chest_AP25.png,1,1.0000
485_AM_Chest_AP24.png,485_AM_Chest_AP20.png,1,1.0000
485_AM_Chest_AP24.png,485_AM_Chest_AP21.png,1,1.0000
485_AM_Chest_AP24.png,485_AM_Chest_AP23.png,1,1.0000
485_AM_Chest_AP24.png,485_AM_Chest_AP26.png,1,1.0000
485_AM_Chest_AP24.png,485_AM_Chest_AP22.png,1,1.0000
485_AM_Chest_AP24.png,485_AM_Chest_AP25.png,1,1.0000
485_AM_Chest_AP20.png,485_AM_Chest_AP21.png,1,1.0000
485_AM_Chest_AP20.png,485_AM_Chest_AP23.png,1,1.0000
485_AM_Chest_AP20.png,485_AM_Chest_AP26.png,1,1.0000
485_AM_Chest_AP20.png,485_AM_Chest_AP22.png,1,1.0000
485_AM_Chest_AP20.png,485_AM_Chest_AP25.png,1,1.0000
485_AM_Chest_AP21.png,485_AM_Chest_AP23.png,1,1.0000
485_AM_Chest_AP21.png,485_AM_Chest_AP26.png,1,1.0000
485_AM_Chest_AP21.png,485_AM_Chest_AP22.png,1,1.0000
485_AM_Chest_AP21.png,485_AM_Chest_AP25.png,1,1.0000
485_AM_Chest_AP23.png,485_AM_Chest_AP26.png,1,1.0000
485_AM_Chest_AP23.png,485_AM_Chest_AP22.png,1,1.0000
485_AM_Chest_AP23.png,485_AM_Chest_AP25.png,1,1.0000
485_AM_Chest_AP26.png,485_AM_Chest_AP22.png,1,1.0000
485_AM_Chest_AP26.png,485_AM_Chest_AP25.png,1,1.0000
485_AM_Chest_AP22.png,485_AM_Chest_AP25.png,1,1.0000
1151_AM_Chest_AP12.png,1151_AM_Chest_AP13.png,1,1.0000
1151_AM_Chest_AP12.png,1151_AM_Chest_AP10.png,1,1.0000
1151_AM_Chest_AP12.png,1151_AM_Chest_AP11.png,1,1.0000
1151_AM_Chest_AP13.png,1151_AM_Chest_AP10.png,1,1.0000
1151_AM_Chest_AP13.png,1151_AM_Chest_AP11.png,1,1.0000
1151_AM_Chest_AP10.png,1151_AM_Chest_AP11.png,1,1.0000
1019_AM_Chest_AP6.png,1019_AM_Chest_AP8.png,1,1.0000
1019_AM_Chest_AP6.png,1019_AM_Chest_AP7.png,1,0.9714
1019_AM_Chest_AP8.png,1019_AM_Chest_AP7.png,1,0.9718
1259_AM_Chest_AP12.png,1259_AM_Chest_AP14.png,1,1.0000
1259_AM_Chest_AP12.png,1259_AM_Chest_AP13.png,1,1.0000
1259_AM_Chest_AP12.png,1259_AM_Chest_AP11.png,1,1.0000
1259_AM_Chest_AP12.png,1259_AM_Chest_AP10.png,1,1.0000
1259_AM_Chest_AP14.png,1259_AM_Chest_AP13.png,1,1.0000
1259_AM_Chest_AP14.png,1259_AM_Chest_AP11.png,1,1.0000
1259_AM_Chest_AP14.png,1259_AM_Chest_AP10.png,1,1.0000
1259_AM_Chest_AP13.png,1259_AM_Chest_AP11.png,1,1.0000
1259_AM_Chest_AP13.png,1259_AM_Chest_AP10.png,1,1.0000
1259_AM_Chest_AP11.png,1259_AM_Chest_AP10.png,1,1.0000
1325_AM_Chest_AP9.png,1325_AM_Chest_AP11.png,1,0.9998
1325_AM_Chest_AP9.png,1325_AM_Chest_AP8.png,1,0.0121
1325_AM_Chest_AP11.png,1325_AM_Chest_AP8.png,1,0.0210
1099_AM_Chest_AP3.png,1099_AM_Chest_AP5.png,1,0.0116
974_AM_Chest_AP7.png,974_AM_Chest_AP6.png,1,0.9304
906_AM_Chest_AP3.png,906_AM_Chest_AP4.png,1,1.0000
1104_AM_Chest_AP9.png,1104_AM_Chest_AP10.png,1,1.0000
1104_AM_Chest_AP9.png,1104_AM_Chest_AP8.png,1,0.7380
1104_AM_Chest_AP10.png,1104_AM_Chest_AP8.png,1,0.7380
023_PM_Chest_AP2.png,023_PM_Chest_AP3.png,1,1.0000
1013_AM_Chest_AP4.png,1013_AM_Chest_AP3.png,1,0.9996
891_AM_Chest_AP5.png,891_AM_Chest_AP4.png,1,0.9969
1091_AM_Chest_AP6.png,1091_AM_Chest_AP5.png,1,1.0000
1091_AM_Chest_AP6.png,1091_AM_Chest_AP7.png,1,1.0000
1091_AM_Chest_AP5.png,1091_AM_Chest_AP7.png,1,1.0000
385_AM_Chest_AP4.png,385_AM_Chest_AP3.png,1,0.1472
1236_AM_Chest_AP5.png,1236_AM_Chest_AP4.png,1,1.0000
995_AM_Chest_AP19.png,995_AM_Chest_AP15.png,1,1.0000
995_AM_Chest_AP19.png,995_AM_Chest_AP16.png,1,0.9999
995_AM_Chest_AP19.png,995_AM_Chest_AP17.png,1,1.0000
995_AM_Chest_AP19.png,995_AM_Chest_AP20.png,1,1.0000
995_AM_Chest_AP15.png,995_AM_Chest_AP16.png,1,0.9999
995_AM_Chest_AP15.png,995_AM_Chest_AP17.png,1,1.0000
995_AM_Chest_AP15.png,995_AM_Chest_AP20.png,1,1.0000
995_AM_Chest_AP16.png,995_AM_Chest_AP17.png,1,0.9999
995_AM_Chest_AP16.png,995_AM_Chest_AP20.png,1,0.9999
995_AM_Chest_AP17.png,995_AM_Chest_AP20.png,1,1.0000
990_AM_Chest_AP5.png,990_AM_Chest_AP8.png,1,0.0236
122_AM_Chest_AP3.png,122_AM_Chest_AP4.png,1,0.9998
925_AM_Chest_AP9.png,925_AM_Chest_AP8.png,1,0.3874
925_AM_Chest_AP9.png,925_AM_Chest_AP7.png,1,0.3523
925_AM_Chest_AP8.png,925_AM_Chest_AP7.png,1,0.9993
698_AM_Chest_AP9.png,698_AM_Chest_AP10.png,1,1.0000
698_AM_Chest_AP9.png,698_AM_Chest_AP11.png,1,1.0000
698_AM_Chest_AP10.png,698_AM_Chest_AP11.png,1,1.0000
1243_AM_Chest_AP7.png,1243_AM_Chest_AP6.png,1,1.0000
1243_AM_Chest_AP7.png,1243_AM_Chest_AP8.png,1,0.0181
1243_AM_Chest_AP6.png,1243_AM_Chest_AP8.png,1,0.0182
1098_AM_Chest_AP14.png,1098_AM_Chest_AP12.png,1,0.9399
1098_AM_Chest_AP14.png,1098_AM_Chest_AP11.png,1,0.8969
1098_AM_Chest_AP14.png,1098_AM_Chest_AP13.png,1,1.0000
1098_AM_Chest_AP12.png,1098_AM_Chest_AP11.png,1,0.9168
1098_AM_Chest_AP12.png,1098_AM_Chest_AP13.png,1,0.9399
1098_AM_Chest_AP11.png,1098_AM_Chest_AP13.png,1,0.8969
1210_AM_Chest_AP6.png,1210_AM_Chest_AP5.png,1,0.9998
031_PM_Chest_AP4.png,031_PM_Chest_AP5.png,1,1.0000
031_PM_Chest_AP4.png,031_PM_Chest_AP6.png,1,1.0000
031_PM_Chest_AP5.png,031_PM_Chest_AP6.png,1,1.0000
557_AM_Chest_AP5.png,557_AM_Chest_AP6.png,1,0.3420
1219_AM_Chest_AP8.png,1219_AM_Chest_AP7.png,1,0.0209
1219_AM_Chest_AP8.png,1219_AM_Chest_AP9.png,1,0.8245
1219_AM_Chest_AP7.png,1219_AM_Chest_AP9.png,1,0.0208
877_PM_Chest_AP2.png,877_PM_Chest_AP3.png,1,1.0000
198_AM_Chest_AP4.png,198_AM_Chest_AP6.png,1,0.3518
1358_PM_Chest_AP3.png,1358_PM_Chest_AP4.png,1,0.9999
475_AM_Chest_AP15.png,475_AM_Chest_AP16.png,1,1.0000
475_AM_Chest_AP15.png,475_AM_Chest_AP12.png,1,1.0000
475_AM_Chest_AP15.png,475_AM_Chest_AP14.png,1,1.0000
475_AM_Chest_AP15.png,475_AM_Chest_AP11.png,1,1.0000
475_AM_Chest_AP16.png,475_AM_Chest_AP12.png,1,1.0000
475_AM_Chest_AP16.png,475_AM_Chest_AP14.png,1,1.0000
475_AM_Chest_AP16.png,475_AM_Chest_AP11.png,1,1.0000
475_AM_Chest_AP12.png,475_AM_Chest_AP14.png,1,1.0000
475_AM_Chest_AP12.png,475_AM_Chest_AP11.png,1,1.0000
475_AM_Chest_AP14.png,475_AM_Chest_AP11.png,1,1.0000
1183_AM_Chest_AP8.png,1183_AM_Chest_AP7.png,1,1.0000
1183_AM_Chest_AP8.png,1183_AM_Chest_AP9.png,1,1.0000
1183_AM_Chest_AP7.png,1183_AM_Chest_AP9.png,1,1.0000
1215_AM_Chest_AP3.png,1215_AM_Chest_AP5.png,1,1.0000
725_AM_Chest_AP5.png,725_AM_Chest_AP6.png,1,1.0000
1203_AM_Chest_AP3.png,1203_AM_Chest_AP4.png,1,1.0000
1155_AM_Chest_AP25.png,1155_AM_Chest_AP28.png,1,1.0000
1155_AM_Chest_AP25.png,1155_AM_Chest_AP23.png,1,1.0000
1155_AM_Chest_AP25.png,1155_AM_Chest_AP24.png,1,1.0000
1155_AM_Chest_AP25.png,1155_AM_Chest_AP27.png,1,1.0000
1155_AM_Chest_AP25.png,1155_AM_Chest_AP26.png,1,1.0000
1155_AM_Chest_AP25.png,1155_AM_Chest_AP29.png,1,1.0000
1155_AM_Chest_AP25.png,1155_AM_Chest_AP30.png,1,1.0000
1155_AM_Chest_AP25.png,1155_AM_Chest_AP31.png,1,1.0000
1155_AM_Chest_AP25.png,1155_AM_Chest_AP22.png,1,1.0000
1155_AM_Chest_AP28.png,1155_AM_Chest_AP23.png,1,1.0000
1155_AM_Chest_AP28.png,1155_AM_Chest_AP24.png,1,1.0000
1155_AM_Chest_AP28.png,1155_AM_Chest_AP27.png,1,1.0000
1155_AM_Chest_AP28.png,1155_AM_Chest_AP26.png,1,1.0000
1155_AM_Chest_AP28.png,1155_AM_Chest_AP29.png,1,1.0000
1155_AM_Chest_AP28.png,1155_AM_Chest_AP30.png,1,1.0000
1155_AM_Chest_AP28.png,1155_AM_Chest_AP31.png,1,1.0000
1155_AM_Chest_AP28.png,1155_AM_Chest_AP22.png,1,1.0000
1155_AM_Chest_AP23.png,1155_AM_Chest_AP24.png,1,1.0000
1155_AM_Chest_AP23.png,1155_AM_Chest_AP27.png,1,1.0000
1155_AM_Chest_AP23.png,1155_AM_Chest_AP26.png,1,1.0000
1155_AM_Chest_AP23.png,1155_AM_Chest_AP29.png,1,1.0000
1155_AM_Chest_AP23.png,1155_AM_Chest_AP30.png,1,1.0000
1155_AM_Chest_AP23.png,1155_AM_Chest_AP31.png,1,1.0000
1155_AM_Chest_AP23.png,1155_AM_Chest_AP22.png,1,1.0000
1155_AM_Chest_AP24.png,1155_AM_Chest_AP27.png,1,1.0000
1155_AM_Chest_AP24.png,1155_AM_Chest_AP26.png,1,1.0000
1155_AM_Chest_AP24.png,1155_AM_Chest_AP29.png,1,1.0000
1155_AM_Chest_AP24.png,1155_AM_Chest_AP30.png,1,1.0000
1155_AM_Chest_AP24.png,1155_AM_Chest_AP31.png,1,1.0000
1155_AM_Chest_AP24.png,1155_AM_Chest_AP22.png,1,1.0000
1155_AM_Chest_AP27.png,1155_AM_Chest_AP26.png,1,1.0000
1155_AM_Chest_AP27.png,1155_AM_Chest_AP29.png,1,1.0000
1155_AM_Chest_AP27.png,1155_AM_Chest_AP30.png,1,1.0000
1155_AM_Chest_AP27.png,1155_AM_Chest_AP31.png,1,1.0000
1155_AM_Chest_AP27.png,1155_AM_Chest_AP22.png,1,1.0000
1155_AM_Chest_AP26.png,1155_AM_Chest_AP29.png,1,1.0000
1155_AM_Chest_AP26.png,1155_AM_Chest_AP30.png,1,1.0000
1155_AM_Chest_AP26.png,1155_AM_Chest_AP31.png,1,1.0000
1155_AM_Chest_AP26.png,1155_AM_Chest_AP22.png,1,1.0000
1155_AM_Chest_AP29.png,1155_AM_Chest_AP30.png,1,1.0000
1155_AM_Chest_AP29.png,1155_AM_Chest_AP31.png,1,1.0000
1155_AM_Chest_AP29.png,1155_AM_Chest_AP22.png,1,1.0000
1155_AM_Chest_AP30.png,1155_AM_Chest_AP31.png,1,1.0000
1155_AM_Chest_AP30.png,1155_AM_Chest_AP22.png,1,1.0000
1155_AM_Chest_AP31.png,1155_AM_Chest_AP22.png,1,1.0000
1070_AM_Chest_AP12.png,1070_AM_Chest_AP10.png,1,1.0000
1070_AM_Chest_AP12.png,1070_AM_Chest_AP11.png,1,1.0000
1070_AM_Chest_AP12.png,1070_AM_Chest_AP13.png,1,1.0000
1070_AM_Chest_AP10.png,1070_AM_Chest_AP11.png,1,1.0000
1070_AM_Chest_AP10.png,1070_AM_Chest_AP13.png,1,1.0000
1070_AM_Chest_AP11.png,1070_AM_Chest_AP13.png,1,1.0000
1138_AM_Chest_AP8.png,1138_AM_Chest_AP9.png,1,1.0000
1138_AM_Chest_AP8.png,1138_AM_Chest_AP10.png,1,0.9999
1138_AM_Chest_AP9.png,1138_AM_Chest_AP10.png,1,0.9999
445_AM_Chest_AP6.png,445_AM_Chest_AP7.png,1,0.0901
445_AM_Chest_AP6.png,445_AM_Chest_AP8.png,1,0.9373
445_AM_Chest_AP7.png,445_AM_Chest_AP8.png,1,0.1272
960_AM_Chest_AP9.png,960_AM_Chest_AP5.png,1,1.0000
960_AM_Chest_AP9.png,960_AM_Chest_AP8.png,1,1.0000
960_AM_Chest_AP5.png,960_AM_Chest_AP8.png,1,1.0000
555_AM_Chest_AP14.png,555_AM_Chest_AP18.png,1,1.0000
555_AM_Chest_AP14.png,555_AM_Chest_AP13.png,1,1.0000
555_AM_Chest_AP14.png,555_AM_Chest_AP15.png,1,1.0000
555_AM_Chest_AP14.png,555_AM_Chest_AP17.png,1,1.0000
555_AM_Chest_AP14.png,555_AM_Chest_AP16.png,1,1.0000
555_AM_Chest_AP18.png,555_AM_Chest_AP13.png,1,1.0000
555_AM_Chest_AP18.png,555_AM_Chest_AP15.png,1,1.0000
555_AM_Chest_AP18.png,555_AM_Chest_AP17.png,1,1.0000
555_AM_Chest_AP18.png,555_AM_Chest_AP16.png,1,1.0000
555_AM_Chest_AP13.png,555_AM_Chest_AP15.png,1,1.0000
555_AM_Chest_AP13.png,555_AM_Chest_AP17.png,1,1.0000
555_AM_Chest_AP13.png,555_AM_Chest_AP16.png,1,1.0000
555_AM_Chest_AP15.png,555_AM_Chest_AP17.png,1,1.0000
555_AM_Chest_AP15.png,555_AM_Chest_AP16.png,1,1.0000
555_AM_Chest_AP17.png,555_AM_Chest_AP16.png,1,1.0000
1048_AM_Chest_AP4.png,1048_AM_Chest_AP3.png,1,1.0000
864_AM_Chest_AP6.png,864_AM_Chest_AP7.png,1,1.0000
864_AM_Chest_AP6.png,864_AM_Chest_AP8.png,1,1.0000
864_AM_Chest_AP7.png,864_AM_Chest_AP8.png,1,1.0000
955_AM_Chest_AP5.png,955_AM_Chest_AP8.png,1,0.9979
1018_AM_Chest_AP6.png,1018_AM_Chest_AP8.png,1,1.0000
1018_AM_Chest_AP6.png,1018_AM_Chest_AP7.png,1,0.3451
1018_AM_Chest_AP8.png,1018_AM_Chest_AP7.png,1,0.3447
214_AM_Chest_AP4.png,214_AM_Chest_AP5.png,1,0.9779
1081_AM_Chest_AP6.png,1081_AM_Chest_AP8.png,1,0.0005
1081_AM_Chest_AP6.png,1081_AM_Chest_AP5.png,1,0.0062
1081_AM_Chest_AP8.png,1081_AM_Chest_AP5.png,1,0.0250
513_AM_Chest_AP9.png,513_AM_Chest_AP11.png,1,1.0000
513_AM_Chest_AP9.png,513_AM_Chest_AP8.png,1,1.0000
513_AM_Chest_AP9.png,513_AM_Chest_AP10.png,1,1.0000
513_AM_Chest_AP11.png,513_AM_Chest_AP8.png,1,1.0000
513_AM_Chest_AP11.png,513_AM_Chest_AP10.png,1,1.0000
513_AM_Chest_AP8.png,513_AM_Chest_AP10.png,1,1.0000
1209_AM_Chest_AP12.png,1209_AM_Chest_AP13.png,1,0.9695
1209_AM_Chest_AP12.png,1209_AM_Chest_AP15.png,1,1.0000
1209_AM_Chest_AP12.png,1209_AM_Chest_AP16.png,1,0.5339
1209_AM_Chest_AP12.png,1209_AM_Chest_AP14.png,1,1.0000
1209_AM_Chest_AP13.png,1209_AM_Chest_AP15.png,1,0.9695
1209_AM_Chest_AP13.png,1209_AM_Chest_AP16.png,1,0.5177
1209_AM_Chest_AP13.png,1209_AM_Chest_AP14.png,1,0.9695
1209_AM_Chest_AP15.png,1209_AM_Chest_AP16.png,1,0.5339
1209_AM_Chest_AP15.png,1209_AM_Chest_AP14.png,1,1.0000
1209_AM_Chest_AP16.png,1209_AM_Chest_AP14.png,1,0.5339
1186_AM_Chest_AP5.png,1186_AM_Chest_AP6.png,1,1.0000
1186_AM_Chest_AP5.png,1186_AM_Chest_AP7.png,1,1.0000
1186_AM_Chest_AP6.png,1186_AM_Chest_AP7.png,1,1.0000
928_AM_Chest_AP19.png,928_AM_Chest_AP23.png,1,1.0000
928_AM_Chest_AP19.png,928_AM_Chest_AP20.png,1,1.0000
928_AM_Chest_AP19.png,928_AM_Chest_AP17.png,1,0.9997
928_AM_Chest_AP19.png,928_AM_Chest_AP22.png,1,1.0000
928_AM_Chest_AP19.png,928_AM_Chest_AP25.png,1,1.0000
928_AM_Chest_AP19.png,928_AM_Chest_AP24.png,1,1.0000
928_AM_Chest_AP19.png,928_AM_Chest_AP21.png,1,1.0000
928_AM_Chest_AP23.png,928_AM_Chest_AP20.png,1,1.0000
928_AM_Chest_AP23.png,928_AM_Chest_AP17.png,1,0.9997
928_AM_Chest_AP23.png,928_AM_Chest_AP22.png,1,1.0000
928_AM_Chest_AP23.png,928_AM_Chest_AP25.png,1,1.0000
928_AM_Chest_AP23.png,928_AM_Chest_AP24.png,1,1.0000
928_AM_Chest_AP23.png,928_AM_Chest_AP21.png,1,1.0000
928_AM_Chest_AP20.png,928_AM_Chest_AP17.png,1,0.9997
928_AM_Chest_AP20.png,928_AM_Chest_AP22.png,1,1.0000
928_AM_Chest_AP20.png,928_AM_Chest_AP25.png,1,1.0000
928_AM_Chest_AP20.png,928_AM_Chest_AP24.png,1,1.0000
928_AM_Chest_AP20.png,928_AM_Chest_AP21.png,1,1.0000
928_AM_Chest_AP17.png,928_AM_Chest_AP22.png,1,0.9997
928_AM_Chest_AP17.png,928_AM_Chest_AP25.png,1,0.9997
928_AM_Chest_AP17.png,928_AM_Chest_AP24.png,1,0.9997
928_AM_Chest_AP17.png,928_AM_Chest_AP21.png,1,0.9997
928_AM_Chest_AP22.png,928_AM_Chest_AP25.png,1,1.0000
928_AM_Chest_AP22.png,928_AM_Chest_AP24.png,1,1.0000
928_AM_Chest_AP22.png,928_AM_Chest_AP21.png,1,1.0000
928_AM_Chest_AP25.png,928_AM_Chest_AP24.png,1,1.0000
928_AM_Chest_AP25.png,928_AM_Chest_AP21.png,1,1.0000
928_AM_Chest_AP24.png,928_AM_Chest_AP21.png,1,1.0000
1030_AM_Chest_AP7.png,1030_AM_Chest_AP6.png,1,1.0000
1030_AM_Chest_AP7.png,1030_AM_Chest_AP8.png,1,1.0000
1030_AM_Chest_AP6.png,1030_AM_Chest_AP8.png,1,1.0000
1142_AM_Chest_AP6.png,1142_AM_Chest_AP7.png,1,0.2970
1142_AM_Chest_AP6.png,1142_AM_Chest_AP8.png,1,0.1928
1142_AM_Chest_AP7.png,1142_AM_Chest_AP8.png,1,0.0896
1281_AM_Chest_AP7.png,1281_AM_Chest_AP8.png,1,0.9874
1281_AM_Chest_AP7.png,1281_AM_Chest_AP9.png,1,0.9771
1281_AM_Chest_AP8.png,1281_AM_Chest_AP9.png,1,0.9893
1103_AM_Chest_AP7.png,1103_AM_Chest_AP6.png,1,0.8211
1103_AM_Chest_AP7.png,1103_AM_Chest_AP8.png,1,1.0000
1103_AM_Chest_AP6.png,1103_AM_Chest_AP8.png,1,0.8211
940_AM_Chest_AP9.png,940_AM_Chest_AP10.png,1,1.0000
940_AM_Chest_AP9.png,940_AM_Chest_AP8.png,1,0.9994
940_AM_Chest_AP10.png,940_AM_Chest_AP8.png,1,0.9994
390_AM_Chest_AP23.png,390_AM_Chest_AP25.png,1,1.0000
390_AM_Chest_AP23.png,390_AM_Chest_AP26.png,1,1.0000
390_AM_Chest_AP23.png,390_AM_Chest_AP27.png,1,0.9998
390_AM_Chest_AP23.png,390_AM_Chest_AP21.png,1,0.9957
390_AM_Chest_AP23.png,390_AM_Chest_AP22.png,1,1.0000
390_AM_Chest_AP23.png,390_AM_Chest_AP28.png,1,1.0000
390_AM_Chest_AP23.png,390_AM_Chest_AP29.png,1,1.0000
390_AM_Chest_AP23.png,390_AM_Chest_AP24.png,1,1.0000
390_AM_Chest_AP25.png,390_AM_Chest_AP26.png,1,1.0000
390_AM_Chest_AP25.png,390_AM_Chest_AP27.png,1,0.9998
390_AM_Chest_AP25.png,390_AM_Chest_AP21.png,1,0.9957
390_AM_Chest_AP25.png,390_AM_Chest_AP22.png,1,1.0000
390_AM_Chest_AP25.png,390_AM_Chest_AP28.png,1,1.0000
390_AM_Chest_AP25.png,390_AM_Chest_AP29.png,1,1.0000
390_AM_Chest_AP25.png,390_AM_Chest_AP24.png,1,1.0000
390_AM_Chest_AP26.png,390_AM_Chest_AP27.png,1,0.9998
390_AM_Chest_AP26.png,390_AM_Chest_AP21.png,1,0.9957
390_AM_Chest_AP26.png,390_AM_Chest_AP22.png,1,1.0000
390_AM_Chest_AP26.png,390_AM_Chest_AP28.png,1,1.0000
390_AM_Chest_AP26.png,390_AM_Chest_AP29.png,1,1.0000
390_AM_Chest_AP26.png,390_AM_Chest_AP24.png,1,1.0000
390_AM_Chest_AP27.png,390_AM_Chest_AP21.png,1,0.9955
390_AM_Chest_AP27.png,390_AM_Chest_AP22.png,1,0.9998
390_AM_Chest_AP27.png,390_AM_Chest_AP28.png,1,0.9998
390_AM_Chest_AP27.png,390_AM_Chest_AP29.png,1,0.9998
390_AM_Chest_AP27.png,390_AM_Chest_AP24.png,1,0.9998
390_AM_Chest_AP21.png,390_AM_Chest_AP22.png,1,0.9957
390_AM_Chest_AP21.png,390_AM_Chest_AP28.png,1,0.9957
390_AM_Chest_AP21.png,390_AM_Chest_AP29.png,1,0.9956
390_AM_Chest_AP21.png,390_AM_Chest_AP24.png,1,0.9957
390_AM_Chest_AP22.png,390_AM_Chest_AP28.png,1,1.0000
390_AM_Chest_AP22.png,390_AM_Chest_AP29.png,1,1.0000
390_AM_Chest_AP22.png,390_AM_Chest_AP24.png,1,1.0000
390_AM_Chest_AP28.png,390_AM_Chest_AP29.png,1,1.0000
390_AM_Chest_AP28.png,390_AM_Chest_AP24.png,1,1.0000
390_AM_Chest_AP29.png,390_AM_Chest_AP24.png,1,1.0000
351_AM_Chest_AP10.png,351_AM_Chest_AP11.png,1,1.0000
351_AM_Chest_AP10.png,351_AM_Chest_AP9.png,1,0.9999
351_AM_Chest_AP11.png,351_AM_Chest_AP9.png,1,0.9999
1012_AM_Chest_AP8.png,1012_AM_Chest_AP6.png,1,0.9999
1012_AM_Chest_AP8.png,1012_AM_Chest_AP7.png,1,0.9889
1012_AM_Chest_AP6.png,1012_AM_Chest_AP7.png,1,0.9873
1303_AM_Chest_AP7.png,1303_AM_Chest_AP8.png,1,1.0000
1224_AM_Chest_AP8.png,1224_AM_Chest_AP7.png,1,0.0000
1224_AM_Chest_AP8.png,1224_AM_Chest_AP6.png,1,0.2209
1224_AM_Chest_AP7.png,1224_AM_Chest_AP6.png,1,0.0000
728_AM_Chest_AP7.png,728_AM_Chest_AP6.png,1,1.0000
728_AM_Chest_AP7.png,728_AM_Chest_AP8.png,1,1.0000
728_AM_Chest_AP6.png,728_AM_Chest_AP8.png,1,1.0000
1117_AM_Chest_AP6.png,1117_AM_Chest_AP5.png,1,0.0000
917_AM_Chest_AP4.png,917_AM_Chest_AP5.png,1,0.0385
452_AM_Chest_AP5.png,452_AM_Chest_AP6.png,1,0.0032
914_AM_Chest_AP9.png,914_AM_Chest_AP7.png,1,1.0000
914_AM_Chest_AP9.png,914_AM_Chest_AP8.png,1,1.0000
914_AM_Chest_AP7.png,914_AM_Chest_AP8.png,1,1.0000
1107_AM_Chest_AP8.png,1107_AM_Chest_AP10.png,1,1.0000
1107_AM_Chest_AP8.png,1107_AM_Chest_AP9.png,1,1.0000
1107_AM_Chest_AP10.png,1107_AM_Chest_AP9.png,1,1.0000
1028_AM_Chest_AP15.png,1028_AM_Chest_AP16.png,1,1.0000
1028_AM_Chest_AP15.png,1028_AM_Chest_AP17.png,1,1.0000
1028_AM_Chest_AP15.png,1028_AM_Chest_AP19.png,1,1.0000
1028_AM_Chest_AP15.png,1028_AM_Chest_AP21.png,1,1.0000
1028_AM_Chest_AP15.png,1028_AM_Chest_AP18.png,1,0.0627
1028_AM_Chest_AP15.png,1028_AM_Chest_AP20.png,1,1.0000
1028_AM_Chest_AP16.png,1028_AM_Chest_AP17.png,1,1.0000
1028_AM_Chest_AP16.png,1028_AM_Chest_AP19.png,1,1.0000
1028_AM_Chest_AP16.png,1028_AM_Chest_AP21.png,1,1.0000
1028_AM_Chest_AP16.png,1028_AM_Chest_AP18.png,1,0.0627
1028_AM_Chest_AP16.png,1028_AM_Chest_AP20.png,1,1.0000
1028_AM_Chest_AP17.png,1028_AM_Chest_AP19.png,1,1.0000
1028_AM_Chest_AP17.png,1028_AM_Chest_AP21.png,1,1.0000
1028_AM_Chest_AP17.png,1028_AM_Chest_AP18.png,1,0.0627
1028_AM_Chest_AP17.png,1028_AM_Chest_AP20.png,1,1.0000
1028_AM_Chest_AP19.png,1028_AM_Chest_AP21.png,1,1.0000
1028_AM_Chest_AP19.png,1028_AM_Chest_AP18.png,1,0.0627
1028_AM_Chest_AP19.png,1028_AM_Chest_AP20.png,1,1.0000
1028_AM_Chest_AP21.png,1028_AM_Chest_AP18.png,1,0.0627
1028_AM_Chest_AP21.png,1028_AM_Chest_AP20.png,1,1.0000
1028_AM_Chest_AP18.png,1028_AM_Chest_AP20.png,1,0.0627
895_AM_Chest_AP6.png,895_AM_Chest_AP5.png,1,0.9907
548_AM_Chest_AP3.png,548_AM_Chest_AP4.png,1,0.9970
1051_AM_Chest_AP6.png,1051_AM_Chest_AP5.png,1,0.9970
1067_AM_Chest_AP7.png,1067_AM_Chest_AP5.png,1,0.9958
1200_AM_Chest_AP7.png,1200_AM_Chest_AP9.png,1,1.0000
1200_AM_Chest_AP7.png,1200_AM_Chest_AP8.png,1,1.0000
1200_AM_Chest_AP9.png,1200_AM_Chest_AP8.png,1,1.0000
1312_AM_Chest_AP4.png,1312_AM_Chest_AP5.png,1,0.1451
1262_AM_Chest_AP12.png,1262_AM_Chest_AP9.png,1,1.0000
1262_AM_Chest_AP12.png,1262_AM_Chest_AP11.png,1,0.9992
1262_AM_Chest_AP12.png,1262_AM_Chest_AP10.png,1,1.0000
1262_AM_Chest_AP9.png,1262_AM_Chest_AP11.png,1,0.9992
1262_AM_Chest_AP9.png,1262_AM_Chest_AP10.png,1,1.0000
1262_AM_Chest_AP11.png,1262_AM_Chest_AP10.png,1,0.9992
1014_AM_Chest_AP10.png,1014_AM_Chest_AP11.png,1,1.0000
1014_AM_Chest_AP10.png,1014_AM_Chest_AP13.png,1,1.0000
1014_AM_Chest_AP10.png,1014_AM_Chest_AP12.png,1,1.0000
1014_AM_Chest_AP11.png,1014_AM_Chest_AP13.png,1,1.0000
1014_AM_Chest_AP11.png,1014_AM_Chest_AP12.png,1,1.0000
1014_AM_Chest_AP13.png,1014_AM_Chest_AP12.png,1,1.0000
1362_AM_Chest_AP9.png,1362_AM_Chest_AP8.png,1,0.9992
1362_AM_Chest_AP9.png,1362_PM_Chest_AP1.png,1,0.0015
1362_AM_Chest_AP8.png,1362_PM_Chest_AP1.png,1,0.0015
1211_AM_Chest_AP8.png,1211_AM_Chest_AP10.png,1,0.9990
1211_AM_Chest_AP8.png,1211_AM_Chest_AP9.png,1,0.9990
1211_AM_Chest_AP8.png,1211_AM_Chest_AP11.png,1,0.9990
1211_AM_Chest_AP10.png,1211_AM_Chest_AP9.png,1,1.0000
1211_AM_Chest_AP10.png,1211_AM_Chest_AP11.png,1,1.0000
1211_AM_Chest_AP9.png,1211_AM_Chest_AP11.png,1,1.0000
1021_AM_Chest_AP19.png,1021_AM_Chest_AP15.png,1,1.0000
1021_AM_Chest_AP19.png,1021_AM_Chest_AP17.png,1,1.0000
1021_AM_Chest_AP19.png,1021_AM_Chest_AP18.png,1,1.0000
1021_AM_Chest_AP19.png,1021_AM_Chest_AP20.png,1,1.0000
1021_AM_Chest_AP19.png,1021_AM_Chest_AP16.png,1,1.0000
1021_AM_Chest_AP15.png,1021_AM_Chest_AP17.png,1,1.0000
1021_AM_Chest_AP15.png,1021_AM_Chest_AP18.png,1,1.0000
1021_AM_Chest_AP15.png,1021_AM_Chest_AP20.png,1,1.0000
1021_AM_Chest_AP15.png,1021_AM_Chest_AP16.png,1,1.0000
1021_AM_Chest_AP17.png,1021_AM_Chest_AP18.png,1,1.0000
1021_AM_Chest_AP17.png,1021_AM_Chest_AP20.png,1,1.0000
1021_AM_Chest_AP17.png,1021_AM_Chest_AP16.png,1,1.0000
1021_AM_Chest_AP18.png,1021_AM_Chest_AP20.png,1,1.0000
1021_AM_Chest_AP18.png,1021_AM_Chest_AP16.png,1,1.0000
1021_AM_Chest_AP20.png,1021_AM_Chest_AP16.png,1,1.0000
1027_AM_Chest_AP3.png,1027_AM_Chest_AP4.png,1,0.0001
1274_AM_Chest_AP8.png,1274_AM_Chest_AP6.png,1,1.0000
1274_AM_Chest_AP8.png,1274_AM_Chest_AP7.png,1,1.0000
1274_AM_Chest_AP6.png,1274_AM_Chest_AP7.png,1,1.0000
322_AM_Chest_AP4.png,322_AM_Chest_AP5.png,1,1.0000
1267_AM_Chest_AP8.png,1267_AM_Chest_AP9.png,1,0.3808
1242_AM_Chest_AP5.png,1242_AM_Chest_AP6.png,1,1.0000
244_AM_Chest_AP16.png,244_AM_Chest_AP21.png,1,0.9999
244_AM_Chest_AP16.png,244_AM_Chest_AP20.png,1,0.9999
244_AM_Chest_AP16.png,244_AM_Chest_AP19.png,1,0.9998
244_AM_Chest_AP16.png,244_AM_Chest_AP22.png,1,0.9998
244_AM_Chest_AP16.png,244_AM_Chest_AP17.png,1,0.9999
244_AM_Chest_AP16.png,244_AM_Chest_AP23.png,1,0.9999
244_AM_Chest_AP21.png,244_AM_Chest_AP20.png,1,1.0000
244_AM_Chest_AP21.png,244_AM_Chest_AP19.png,1,0.9999
244_AM_Chest_AP21.png,244_AM_Chest_AP22.png,1,0.9999
244_AM_Chest_AP21.png,244_AM_Chest_AP17.png,1,1.0000
244_AM_Chest_AP21.png,244_AM_Chest_AP23.png,1,1.0000
244_AM_Chest_AP20.png,244_AM_Chest_AP19.png,1,0.9999
244_AM_Chest_AP20.png,244_AM_Chest_AP22.png,1,0.9999
244_AM_Chest_AP20.png,244_AM_Chest_AP17.png,1,1.0000
244_AM_Chest_AP20.png,244_AM_Chest_AP23.png,1,1.0000
244_AM_Chest_AP19.png,244_AM_Chest_AP22.png,1,0.9998
244_AM_Chest_AP19.png,244_AM_Chest_AP17.png,1,0.9999
244_AM_Chest_AP19.png,244_AM_Chest_AP23.png,1,0.9999
244_AM_Chest_AP22.png,244_AM_Chest_AP17.png,1,0.9999
244_AM_Chest_AP22.png,244_AM_Chest_AP23.png,1,0.9999
244_AM_Chest_AP17.png,244_AM_Chest_AP23.png,1,1.0000
740_AM_Chest_AP6.png,740_AM_Chest_AP5.png,1,0.3669
826_AM_Chest_AP5.png,826_AM_Chest_AP4.png,1,0.9999
227_AM_Chest_AP5.png,227_AM_Chest_AP4.png,1,1.0000
1095_AM_Chest_AP6.png,1095_AM_Chest_AP8.png,1,0.9509
1095_AM_Chest_AP6.png,1095_AM_Chest_AP5.png,1,0.9976
1095_AM_Chest_AP8.png,1095_AM_Chest_AP5.png,1,0.9531
1011_AM_Chest_AP7.png,1011_AM_Chest_AP6.png,1,1.0000
1011_AM_Chest_AP7.png,1011_AM_Chest_AP5.png,1,0.9999
1011_AM_Chest_AP6.png,1011_AM_Chest_AP5.png,1,0.9999
515_AM_Chest_AP8.png,515_AM_Chest_AP10.png,1,1.0000
515_AM_Chest_AP8.png,515_AM_Chest_AP9.png,1,1.0000
515_AM_Chest_AP10.png,515_AM_Chest_AP9.png,1,1.0000
1353_PM_Chest_AP2.png,1353_PM_Chest_AP3.png,1,1.0000
1094_AM_Chest_AP12.png,1094_AM_Chest_AP10.png,1,0.5061
1094_AM_Chest_AP12.png,1094_AM_Chest_AP11.png,1,1.0000
1094_AM_Chest_AP12.png,1094_AM_Chest_AP13.png,1,1.0000
1094_AM_Chest_AP10.png,1094_AM_Chest_AP11.png,1,0.5062
1094_AM_Chest_AP10.png,1094_AM_Chest_AP13.png,1,0.5061
1094_AM_Chest_AP11.png,1094_AM_Chest_AP13.png,1,1.0000
386_AM_Chest_AP10.png,386_AM_Chest_AP13.png,1,1.0000
386_AM_Chest_AP10.png,386_AM_Chest_AP11.png,1,1.0000
386_AM_Chest_AP10.png,386_AM_Chest_AP12.png,1,0.9999
386_AM_Chest_AP13.png,386_AM_Chest_AP11.png,1,1.0000
386_AM_Chest_AP13.png,386_AM_Chest_AP12.png,1,0.9999
386_AM_Chest_AP11.png,386_AM_Chest_AP12.png,1,0.9999
1100_AM_Chest_AP9.png,1100_AM_Chest_AP10.png,1,1.0000
1100_AM_Chest_AP9.png,1100_AM_Chest_AP8.png,1,1.0000
1100_AM_Chest_AP10.png,1100_AM_Chest_AP8.png,1,1.0000
1238_AM_Chest_AP9.png,1238_AM_Chest_AP11.png,1,0.9918
1238_AM_Chest_AP9.png,1238_AM_Chest_AP10.png,1,0.9968
1238_AM_Chest_AP9.png,1238_AM_Chest_AP8.png,1,0.9918
1238_AM_Chest_AP11.png,1238_AM_Chest_AP10.png,1,0.9988
1238_AM_Chest_AP11.png,1238_AM_Chest_AP8.png,1,1.0000
1238_AM_Chest_AP10.png,1238_AM_Chest_AP8.png,1,0.9988
409_AM_Chest_AP29.png,409_AM_Chest_AP28.png,1,1.0000
409_AM_Chest_AP29.png,409_AM_Chest_AP32.png,1,1.0000
409_AM_Chest_AP29.png,409_AM_Chest_AP33.png,1,1.0000
409_AM_Chest_AP29.png,409_AM_Chest_AP26.png,1,1.0000
409_AM_Chest_AP29.png,409_AM_Chest_AP34.png,1,1.0000
409_AM_Chest_AP29.png,409_AM_Chest_AP30.png,1,0.8380
409_AM_Chest_AP29.png,409_AM_Chest_AP31.png,1,1.0000
409_AM_Chest_AP29.png,409_AM_Chest_AP24.png,1,0.7833
409_AM_Chest_AP28.png,409_AM_Chest_AP32.png,1,1.0000
409_AM_Chest_AP28.png,409_AM_Chest_AP33.png,1,1.0000
409_AM_Chest_AP28.png,409_AM_Chest_AP26.png,1,1.0000
409_AM_Chest_AP28.png,409_AM_Chest_AP34.png,1,1.0000
409_AM_Chest_AP28.png,409_AM_Chest_AP30.png,1,0.8379
409_AM_Chest_AP28.png,409_AM_Chest_AP31.png,1,1.0000
409_AM_Chest_AP28.png,409_AM_Chest_AP24.png,1,0.7833
409_AM_Chest_AP32.png,409_AM_Chest_AP33.png,1,1.0000
409_AM_Chest_AP32.png,409_AM_Chest_AP26.png,1,1.0000
409_AM_Chest_AP32.png,409_AM_Chest_AP34.png,1,1.0000
409_AM_Chest_AP32.png,409_AM_Chest_AP30.png,1,0.8379
409_AM_Chest_AP32.png,409_AM_Chest_AP31.png,1,1.0000
409_AM_Chest_AP32.png,409_AM_Chest_AP24.png,1,0.7833
409_AM_Chest_AP33.png,409_AM_Chest_AP26.png,1,1.0000
409_AM_Chest_AP33.png,409_AM_Chest_AP34.png,1,1.0000
409_AM_Chest_AP33.png,409_AM_Chest_AP30.png,1,0.8389
409_AM_Chest_AP33.png,409_AM_Chest_AP31.png,1,1.0000
409_AM_Chest_AP33.png,409_AM_Chest_AP24.png,1,0.7837
409_AM_Chest_AP26.png,409_AM_Chest_AP34.png,1,1.0000
409_AM_Chest_AP26.png,409_AM_Chest_AP30.png,1,0.8379
409_AM_Chest_AP26.png,409_AM_Chest_AP31.png,1,1.0000
409_AM_Chest_AP26.png,409_AM_Chest_AP24.png,1,0.7835
409_AM_Chest_AP34.png,409_AM_Chest_AP30.png,1,0.8379
409_AM_Chest_AP34.png,409_AM_Chest_AP31.png,1,1.0000
409_AM_Chest_AP34.png,409_AM_Chest_AP24.png,1,0.7833
409_AM_Chest_AP30.png,409_AM_Chest_AP31.png,1,0.8379
409_AM_Chest_AP30.png,409_AM_Chest_AP24.png,1,0.6571
409_AM_Chest_AP31.png,409_AM_Chest_AP24.png,1,0.7833
973_AM_Chest_AP16.png,973_AM_Chest_AP14.png,1,0.8964
973_AM_Chest_AP16.png,973_AM_Chest_AP15.png,1,1.0000
973_AM_Chest_AP16.png,973_AM_Chest_AP13.png,1,1.0000
973_AM_Chest_AP16.png,973_AM_Chest_AP17.png,1,1.0000
973_AM_Chest_AP14.png,973_AM_Chest_AP15.png,1,0.8964
973_AM_Chest_AP14.png,973_AM_Chest_AP13.png,1,0.8964
973_AM_Chest_AP14.png,973_AM_Chest_AP17.png,1,0.8964
973_AM_Chest_AP15.png,973_AM_Chest_AP13.png,1,1.0000
973_AM_Chest_AP15.png,973_AM_Chest_AP17.png,1,1.0000
973_AM_Chest_AP13.png,973_AM_Chest_AP17.png,1,1.0000
897_AM_Chest_AP13.png,897_AM_Chest_AP12.png,1,1.0000
897_AM_Chest_AP13.png,897_AM_Chest_AP15.png,1,0.0000
897_AM_Chest_AP13.png,897_AM_Chest_AP14.png,1,1.0000
897_AM_Chest_AP13.png,897_AM_Chest_AP16.png,1,1.0000
897_AM_Chest_AP12.png,897_AM_Chest_AP15.png,1,0.0000
897_AM_Chest_AP12.png,897_AM_Chest_AP14.png,1,1.0000
897_AM_Chest_AP12.png,897_AM_Chest_AP16.png,1,1.0000
897_AM_Chest_AP15.png,897_AM_Chest_AP14.png,1,0.0000
897_AM_Chest_AP15.png,897_AM_Chest_AP16.png,1,0.0000
897_AM_Chest_AP14.png,897_AM_Chest_AP16.png,1,1.0000
858_AM_Chest_AP8.png,858_AM_Chest_AP9.png,1,1.0000
858_AM_Chest_AP8.png,858_AM_Chest_AP11.png,1,1.0000
858_AM_Chest_AP8.png,858_AM_Chest_AP10.png,1,1.0000
858_AM_Chest_AP9.png,858_AM_Chest_AP11.png,1,1.0000
858_AM_Chest_AP9.png,858_AM_Chest_AP10.png,1,1.0000
858_AM_Chest_AP11.png,858_AM_Chest_AP10.png,1,1.0000
1198_AM_Chest_AP7.png,1198_AM_Chest_AP8.png,1,0.9983
1198_AM_Chest_AP7.png,1198_AM_Chest_AP6.png,1,0.3503
1198_AM_Chest_AP8.png,1198_AM_Chest_AP6.png,1,0.3499
1320_AM_Chest_AP6.png,1320_AM_Chest_AP5.png,1,1.0000
116_AM_Chest_AP18.png,116_AM_Chest_AP14.png,1,1.0000
116_AM_Chest_AP18.png,116_AM_Chest_AP19.png,1,1.0000
116_AM_Chest_AP18.png,116_AM_Chest_AP17.png,1,1.0000
116_AM_Chest_AP18.png,116_AM_Chest_AP15.png,1,1.0000
116_AM_Chest_AP18.png,116_AM_Chest_AP16.png,1,1.0000
116_AM_Chest_AP14.png,116_AM_Chest_AP19.png,1,1.0000
116_AM_Chest_AP14.png,116_AM_Chest_AP17.png,1,1.0000
116_AM_Chest_AP14.png,116_AM_Chest_AP15.png,1,1.0000
116_AM_Chest_AP14.png,116_AM_Chest_AP16.png,1,1.0000
116_AM_Chest_AP19.png,116_AM_Chest_AP17.png,1,1.0000
116_AM_Chest_AP19.png,116_AM_Chest_AP15.png,1,1.0000
116_AM_Chest_AP19.png,116_AM_Chest_AP16.png,1,1.0000
116_AM_Chest_AP17.png,116_AM_Chest_AP15.png,1,1.0000
116_AM_Chest_AP17.png,116_AM_Chest_AP16.png,1,1.0000
116_AM_Chest_AP15.png,116_AM_Chest_AP16.png,1,1.0000
1025_AM_Chest_AP10.png,1025_AM_Chest_AP11.png,1,0.3268
1025_AM_Chest_AP10.png,1025_AM_Chest_AP9.png,1,0.0841
1025_AM_Chest_AP10.png,1025_AM_Chest_AP8.png,1,0.0057
1025_AM_Chest_AP11.png,1025_AM_Chest_AP9.png,1,0.0111
1025_AM_Chest_AP11.png,1025_AM_Chest_AP8.png,1,0.0012
1025_AM_Chest_AP9.png,1025_AM_Chest_AP8.png,1,0.0727
976_AM_Chest_AP9.png,976_AM_Chest_AP5.png,1,0.9709
976_AM_Chest_AP9.png,976_AM_Chest_AP8.png,1,1.0000
976_AM_Chest_AP5.png,976_AM_Chest_AP8.png,1,0.9709
1149_AM_Chest_AP4.png,1149_AM_Chest_AP5.png,1,1.0000
1294_AM_Chest_AP4.png,1294_AM_Chest_AP5.png,1,1.0000
1133_AM_Chest_AP6.png,1133_AM_Chest_AP5.png,1,0.9999
506_AM_Chest_AP5.png,506_AM_Chest_AP4.png,1,1.0000
482_AM_Chest_AP4.png,482_AM_Chest_AP5.png,1,1.0000
1059_AM_Chest_AP12.png,1059_AM_Chest_AP11.png,1,1.0000
1059_AM_Chest_AP12.png,1059_AM_Chest_AP10.png,1,0.9999
1059_AM_Chest_AP12.png,1059_AM_Chest_AP13.png,1,1.0000
1059_AM_Chest_AP11.png,1059_AM_Chest_AP10.png,1,0.9999
1059_AM_Chest_AP11.png,1059_AM_Chest_AP13.png,1,1.0000
1059_AM_Chest_AP10.png,1059_AM_Chest_AP13.png,1,0.9999
1233_AM_Chest_AP6.png,1233_AM_Chest_AP5.png,1,0.0033
412_AM_Chest_AP12.png,412_AM_Chest_AP15.png,1,1.0000
412_AM_Chest_AP12.png,412_AM_Chest_AP18.png,1,1.0000
412_AM_Chest_AP12.png,412_AM_Chest_AP16.png,1,1.0000
412_AM_Chest_AP12.png,412_AM_Chest_AP17.png,1,1.0000
412_AM_Chest_AP15.png,412_AM_Chest_AP18.png,1,1.0000
412_AM_Chest_AP15.png,412_AM_Chest_AP16.png,1,1.0000
412_AM_Chest_AP15.png,412_AM_Chest_AP17.png,1,1.0000
412_AM_Chest_AP18.png,412_AM_Chest_AP16.png,1,1.0000
412_AM_Chest_AP18.png,412_AM_Chest_AP17.png,1,1.0000
412_AM_Chest_AP16.png,412_AM_Chest_AP17.png,1,1.0000
975_AM_Chest_AP17.png,975_AM_Chest_AP12.png,1,1.0000
975_AM_Chest_AP17.png,975_AM_Chest_AP16.png,1,1.0000
975_AM_Chest_AP17.png,975_AM_Chest_AP13.png,1,1.0000
975_AM_Chest_AP17.png,975_AM_Chest_AP11.png,1,1.0000
975_AM_Chest_AP12.png,975_AM_Chest_AP16.png,1,1.0000
975_AM_Chest_AP12.png,975_AM_Chest_AP13.png,1,1.0000
975_AM_Chest_AP12.png,975_AM_Chest_AP11.png,1,1.0000
975_AM_Chest_AP16.png,975_AM_Chest_AP13.png,1,1.0000
975_AM_Chest_AP16.png,975_AM_Chest_AP11.png,1,1.0000
975_AM_Chest_AP13.png,975_AM_Chest_AP11.png,1,1.0000
1180_AM_Chest_AP6.png,1180_AM_Chest_AP7.png,1,0.9525
1180_AM_Chest_AP6.png,1180_AM_Chest_AP5.png,1,1.0000
1180_AM_Chest_AP7.png,1180_AM_Chest_AP5.png,1,0.9525
1195_AM_Chest_AP8.png,1195_AM_Chest_AP6.png,1,1.0000
1195_AM_Chest_AP8.png,1195_AM_Chest_AP7.png,1,1.0000
1195_AM_Chest_AP6.png,1195_AM_Chest_AP7.png,1,1.0000
1061_AM_Chest_AP4.png,1061_AM_Chest_AP3.png,1,0.0032
156_AM_Chest_AP3.png,156_AM_Chest_AP4.png,1,1.0000
670_AM_Chest_AP4.png,670_AM_Chest_AP5.png,1,1.0000
669_AM_Chest_AP6.png,669_AM_Chest_AP7.png,1,0.9982
945_AM_Chest_AP18.png,945_AM_Chest_AP19.png,1,1.0000
945_AM_Chest_AP18.png,945_AM_Chest_AP20.png,1,1.0000
945_AM_Chest_AP18.png,945_AM_Chest_AP25.png,1,1.0000
945_AM_Chest_AP18.png,945_AM_Chest_AP22.png,1,1.0000
945_AM_Chest_AP18.png,945_AM_Chest_AP21.png,1,0.9999
945_AM_Chest_AP18.png,945_AM_Chest_AP23.png,1,1.0000
945_AM_Chest_AP18.png,945_AM_Chest_AP24.png,1,1.0000
945_AM_Chest_AP19.png,945_AM_Chest_AP20.png,1,1.0000
945_AM_Chest_AP19.png,945_AM_Chest_AP25.png,1,1.0000
945_AM_Chest_AP19.png,945_AM_Chest_AP22.png,1,1.0000
945_AM_Chest_AP19.png,945_AM_Chest_AP21.png,1,0.9999
945_AM_Chest_AP19.png,945_AM_Chest_AP23.png,1,1.0000
945_AM_Chest_AP19.png,945_AM_Chest_AP24.png,1,1.0000
945_AM_Chest_AP20.png,945_AM_Chest_AP25.png,1,1.0000
945_AM_Chest_AP20.png,945_AM_Chest_AP22.png,1,1.0000
945_AM_Chest_AP20.png,945_AM_Chest_AP21.png,1,0.9999
945_AM_Chest_AP20.png,945_AM_Chest_AP23.png,1,1.0000
945_AM_Chest_AP20.png,945_AM_Chest_AP24.png,1,1.0000
945_AM_Chest_AP25.png,945_AM_Chest_AP22.png,1,1.0000
945_AM_Chest_AP25.png,945_AM_Chest_AP21.png,1,0.9999
945_AM_Chest_AP25.png,945_AM_Chest_AP23.png,1,1.0000
945_AM_Chest_AP25.png,945_AM_Chest_AP24.png,1,1.0000
945_AM_Chest_AP22.png,945_AM_Chest_AP21.png,1,0.9999
945_AM_Chest_AP22.png,945_AM_Chest_AP23.png,1,1.0000
945_AM_Chest_AP22.png,945_AM_Chest_AP24.png,1,1.0000
945_AM_Chest_AP21.png,945_AM_Chest_AP23.png,1,0.9999
945_AM_Chest_AP21.png,945_AM_Chest_AP24.png,1,0.9999
945_AM_Chest_AP23.png,945_AM_Chest_AP24.png,1,1.0000
1102_AM_Chest_AP7.png,1102_AM_Chest_AP6.png,1,1.0000
1102_AM_Chest_AP7.png,1102_AM_Chest_AP8.png,1,1.0000
1102_AM_Chest_AP6.png,1102_AM_Chest_AP8.png,1,1.0000
211_AM_Chest_AP11.png,211_AM_Chest_AP12.png,1,1.0000
211_AM_Chest_AP11.png,211_AM_Chest_AP9.png,1,1.0000
211_AM_Chest_AP11.png,211_AM_Chest_AP10.png,1,0.9986
211_AM_Chest_AP12.png,211_AM_Chest_AP9.png,1,1.0000
211_AM_Chest_AP12.png,211_AM_Chest_AP10.png,1,0.9986
211_AM_Chest_AP9.png,211_AM_Chest_AP10.png,1,0.9986
076_AM_Chest_AP25.png,076_AM_Chest_AP20.png,1,1.0000
076_AM_Chest_AP25.png,076_AM_Chest_AP17.png,1,1.0000
076_AM_Chest_AP25.png,076_AM_Chest_AP19.png,1,1.0000
076_AM_Chest_AP25.png,076_AM_Chest_AP22.png,1,1.0000
076_AM_Chest_AP25.png,076_AM_Chest_AP24.png,1,0.9999
076_AM_Chest_AP25.png,076_AM_Chest_AP23.png,1,1.0000
076_AM_Chest_AP25.png,076_AM_Chest_AP21.png,1,1.0000
076_AM_Chest_AP20.png,076_AM_Chest_AP17.png,1,1.0000
076_AM_Chest_AP20.png,076_AM_Chest_AP19.png,1,1.0000
076_AM_Chest_AP20.png,076_AM_Chest_AP22.png,1,1.0000
076_AM_Chest_AP20.png,076_AM_Chest_AP24.png,1,0.9999
076_AM_Chest_AP20.png,076_AM_Chest_AP23.png,1,1.0000
076_AM_Chest_AP20.png,076_AM_Chest_AP21.png,1,1.0000
076_AM_Chest_AP17.png,076_AM_Chest_AP19.png,1,1.0000
076_AM_Chest_AP17.png,076_AM_Chest_AP22.png,1,1.0000
076_AM_Chest_AP17.png,076_AM_Chest_AP24.png,1,0.9999
076_AM_Chest_AP17.png,076_AM_Chest_AP23.png,1,1.0000
076_AM_Chest_AP17.png,076_AM_Chest_AP21.png,1,1.0000
076_AM_Chest_AP19.png,076_AM_Chest_AP22.png,1,1.0000
076_AM_Chest_AP19.png,076_AM_Chest_AP24.png,1,0.9999
076_AM_Chest_AP19.png,076_AM_Chest_AP23.png,1,1.0000
076_AM_Chest_AP19.png,076_AM_Chest_AP21.png,1,1.0000
076_AM_Chest_AP22.png,076_AM_Chest_AP24.png,1,0.9999
076_AM_Chest_AP22.png,076_AM_Chest_AP23.png,1,1.0000
076_AM_Chest_AP22.png,076_AM_Chest_AP21.png,1,1.0000
076_AM_Chest_AP24.png,076_AM_Chest_AP23.png,1,0.9999
076_AM_Chest_AP24.png,076_AM_Chest_AP21.png,1,0.9999
076_AM_Chest_AP23.png,076_AM_Chest_AP21.png,1,1.0000
956_AM_Chest_AP6.png,956_AM_Chest_AP5.png,1,0.1868
1119_AM_Chest_AP6.png,1119_AM_Chest_AP7.png,1,1.0000
902_AM_Chest_AP5.png,902_AM_Chest_AP4.png,1,1.0000
944_AM_Chest_AP4.png,944_AM_Chest_AP3.png,1,0.4627
1222_AM_Chest_AP11.png,1222_AM_Chest_AP10.png,1,1.0000
1222_AM_Chest_AP11.png,1222_AM_Chest_AP9.png,1,1.0000
1222_AM_Chest_AP11.png,1222_AM_Chest_AP8.png,1,1.0000
1222_AM_Chest_AP10.png,1222_AM_Chest_AP9.png,1,1.0000
1222_AM_Chest_AP10.png,1222_AM_Chest_AP8.png,1,1.0000
1222_AM_Chest_AP9.png,1222_AM_Chest_AP8.png,1,1.0000
1240_AM_Chest_AP4.png,1240_AM_Chest_AP5.png,1,0.0168
651_AM_Chest_AP17.png,651_AM_Chest_AP14.png,1,1.0000
651_AM_Chest_AP17.png,651_AM_Chest_AP19.png,1,1.0000
651_AM_Chest_AP17.png,651_AM_Chest_AP16.png,1,1.0000
651_AM_Chest_AP17.png,651_AM_Chest_AP18.png,1,1.0000
651_AM_Chest_AP17.png,651_AM_Chest_AP15.png,1,1.0000
651_AM_Chest_AP14.png,651_AM_Chest_AP19.png,1,1.0000
651_AM_Chest_AP14.png,651_AM_Chest_AP16.png,1,1.0000
651_AM_Chest_AP14.png,651_AM_Chest_AP18.png,1,1.0000
651_AM_Chest_AP14.png,651_AM_Chest_AP15.png,1,1.0000
651_AM_Chest_AP19.png,651_AM_Chest_AP16.png,1,1.0000
651_AM_Chest_AP19.png,651_AM_Chest_AP18.png,1,1.0000
651_AM_Chest_AP19.png,651_AM_Chest_AP15.png,1,1.0000
651_AM_Chest_AP16.png,651_AM_Chest_AP18.png,1,1.0000
651_AM_Chest_AP16.png,651_AM_Chest_AP15.png,1,1.0000
651_AM_Chest_AP18.png,651_AM_Chest_AP15.png,1,1.0000
992_AM_Chest_AP4.png,992_AM_Chest_AP5.png,1,0.7097
1041_AM_Chest_AP5.png,1041_AM_Chest_AP4.png,1,1.0000
1208_AM_Chest_AP5.png,1208_AM_Chest_AP4.png,1,1.0000
613_AM_Chest_AP20.png,613_AM_Chest_AP22.png,1,1.0000
613_AM_Chest_AP20.png,613_AM_Chest_AP23.png,1,0.9780
613_AM_Chest_AP20.png,613_AM_Chest_AP18.png,1,1.0000
613_AM_Chest_AP20.png,613_AM_Chest_AP25.png,1,1.0000
613_AM_Chest_AP20.png,613_AM_Chest_AP26.png,1,1.0000
613_AM_Chest_AP20.png,613_AM_Chest_AP24.png,1,1.0000
613_AM_Chest_AP22.png,613_AM_Chest_AP23.png,1,0.9780
613_AM_Chest_AP22.png,613_AM_Chest_AP18.png,1,1.0000
613_AM_Chest_AP22.png,613_AM_Chest_AP25.png,1,1.0000
613_AM_Chest_AP22.png,613_AM_Chest_AP26.png,1,1.0000
613_AM_Chest_AP22.png,613_AM_Chest_AP24.png,1,1.0000
613_AM_Chest_AP23.png,613_AM_Chest_AP18.png,1,0.9780
613_AM_Chest_AP23.png,613_AM_Chest_AP25.png,1,0.9780
613_AM_Chest_AP23.png,613_AM_Chest_AP26.png,1,0.9780
613_AM_Chest_AP23.png,613_AM_Chest_AP24.png,1,0.9780
613_AM_Chest_AP18.png,613_AM_Chest_AP25.png,1,1.0000
613_AM_Chest_AP18.png,613_AM_Chest_AP26.png,1,1.0000
613_AM_Chest_AP18.png,613_AM_Chest_AP24.png,1,1.0000
613_AM_Chest_AP25.png,613_AM_Chest_AP26.png,1,1.0000
613_AM_Chest_AP25.png,613_AM_Chest_AP24.png,1,1.0000
613_AM_Chest_AP26.png,613_AM_Chest_AP24.png,1,1.0000
942_AM_Chest_AP4.png,942_AM_Chest_AP3.png,1,1.0000
089_AM_Chest_AP5.png,089_AM_Chest_AP4.png,1,0.0196
985_AM_Chest_AP10.png,985_AM_Chest_AP11.png,1,0.0043
985_AM_Chest_AP10.png,985_AM_Chest_AP13.png,1,0.0043
985_AM_Chest_AP10.png,985_AM_Chest_AP12.png,1,0.0043
985_AM_Chest_AP11.png,985_AM_Chest_AP13.png,1,1.0000
985_AM_Chest_AP11.png,985_AM_Chest_AP12.png,1,1.0000
985_AM_Chest_AP13.png,985_AM_Chest_AP12.png,1,1.0000
981_AM_Chest_AP18.png,981_AM_Chest_AP24.png,1,1.0000
981_AM_Chest_AP18.png,981_AM_Chest_AP16.png,1,1.0000
981_AM_Chest_AP18.png,981_AM_Chest_AP19.png,1,1.0000
981_AM_Chest_AP18.png,981_AM_Chest_AP20.png,1,1.0000
981_AM_Chest_AP18.png,981_AM_Chest_AP17.png,1,1.0000
981_AM_Chest_AP18.png,981_AM_Chest_AP23.png,1,1.0000
981_AM_Chest_AP24.png,981_AM_Chest_AP16.png,1,1.0000
981_AM_Chest_AP24.png,981_AM_Chest_AP19.png,1,1.0000
981_AM_Chest_AP24.png,981_AM_Chest_AP20.png,1,1.0000
981_AM_Chest_AP24.png,981_AM_Chest_AP17.png,1,1.0000
981_AM_Chest_AP24.png,981_AM_Chest_AP23.png,1,1.0000
981_AM_Chest_AP16.png,981_AM_Chest_AP19.png,1,1.0000
981_AM_Chest_AP16.png,981_AM_Chest_AP20.png,1,1.0000
981_AM_Chest_AP16.png,981_AM_Chest_AP17.png,1,1.0000
981_AM_Chest_AP16.png,981_AM_Chest_AP23.png,1,1.0000
981_AM_Chest_AP19.png,981_AM_Chest_AP20.png,1,1.0000
981_AM_Chest_AP19.png,981_AM_Chest_AP17.png,1,1.0000
981_AM_Chest_AP19.png,981_AM_Chest_AP23.png,1,1.0000
981_AM_Chest_AP20.png,981_AM_Chest_AP17.png,1,1.0000
981_AM_Chest_AP20.png,981_AM_Chest_AP23.png,1,1.0000
981_AM_Chest_AP17.png,981_AM_Chest_AP23.png,1,1.0000
1137_AM_Chest_AP6.png,1137_AM_Chest_AP7.png,1,1.0000
1137_AM_Chest_AP6.png,1137_AM_Chest_AP8.png,1,1.0000
1137_AM_Chest_AP7.png,1137_AM_Chest_AP8.png,1,1.0000
1154_AM_Chest_AP6.png,1154_AM_Chest_AP7.png,1,0.9253
1154_AM_Chest_AP6.png,1154_AM_Chest_AP5.png,1,0.2883
1154_AM_Chest_AP7.png,1154_AM_Chest_AP5.png,1,0.2415
360_AM_Chest_AP3.png,360_AM_Chest_AP4.png,1,0.0003
1273_AM_Chest_AP7.png,1273_AM_Chest_AP5.png,1,1.0000
1273_AM_Chest_AP7.png,1273_AM_Chest_AP6.png,1,1.0000
1273_AM_Chest_AP5.png,1273_AM_Chest_AP6.png,1,1.0000
893_AM_Chest_AP27.png,893_AM_Chest_AP22.png,1,1.0000
893_AM_Chest_AP27.png,893_AM_Chest_AP25.png,1,1.0000
893_AM_Chest_AP27.png,893_AM_Chest_AP20.png,1,1.0000
893_AM_Chest_AP27.png,893_AM_Chest_AP21.png,1,1.0000
893_AM_Chest_AP27.png,893_AM_Chest_AP23.png,1,1.0000
893_AM_Chest_AP27.png,893_AM_Chest_AP28.png,1,1.0000
893_AM_Chest_AP27.png,893_AM_Chest_AP26.png,1,1.0000
893_AM_Chest_AP27.png,893_AM_Chest_AP24.png,1,1.0000
893_AM_Chest_AP22.png,893_AM_Chest_AP25.png,1,1.0000
893_AM_Chest_AP22.png,893_AM_Chest_AP20.png,1,1.0000
893_AM_Chest_AP22.png,893_AM_Chest_AP21.png,1,1.0000
893_AM_Chest_AP22.png,893_AM_Chest_AP23.png,1,1.0000
893_AM_Chest_AP22.png,893_AM_Chest_AP28.png,1,1.0000
893_AM_Chest_AP22.png,893_AM_Chest_AP26.png,1,1.0000
893_AM_Chest_AP22.png,893_AM_Chest_AP24.png,1,1.0000
893_AM_Chest_AP25.png,893_AM_Chest_AP20.png,1,1.0000
893_AM_Chest_AP25.png,893_AM_Chest_AP21.png,1,1.0000
893_AM_Chest_AP25.png,893_AM_Chest_AP23.png,1,1.0000
893_AM_Chest_AP25.png,893_AM_Chest_AP28.png,1,1.0000
893_AM_Chest_AP25.png,893_AM_Chest_AP26.png,1,1.0000
893_AM_Chest_AP25.png,893_AM_Chest_AP24.png,1,1.0000
893_AM_Chest_AP20.png,893_AM_Chest_AP21.png,1,1.0000
893_AM_Chest_AP20.png,893_AM_Chest_AP23.png,1,1.0000
893_AM_Chest_AP20.png,893_AM_Chest_AP28.png,1,1.0000
893_AM_Chest_AP20.png,893_AM_Chest_AP26.png,1,1.0000
893_AM_Chest_AP20.png,893_AM_Chest_AP24.png,1,1.0000
893_AM_Chest_AP21.png,893_AM_Chest_AP23.png,1,1.0000
893_AM_Chest_AP21.png,893_AM_Chest_AP28.png,1,1.0000
893_AM_Chest_AP21.png,893_AM_Chest_AP26.png,1,1.0000
893_AM_Chest_AP21.png,893_AM_Chest_AP24.png,1,1.0000
893_AM_Chest_AP23.png,893_AM_Chest_AP28.png,1,1.0000
893_AM_Chest_AP23.png,893_AM_Chest_AP26.png,1,1.0000
893_AM_Chest_AP23.png,893_AM_Chest_AP24.png,1,1.0000
893_AM_Chest_AP28.png,893_AM_Chest_AP26.png,1,1.0000
893_AM_Chest_AP28.png,893_AM_Chest_AP24.png,1,1.0000
893_AM_Chest_AP26.png,893_AM_Chest_AP24.png,1,1.0000
1244_AM_Chest_AP7.png,1244_AM_Chest_AP8.png,1,1.0000
1244_AM_Chest_AP7.png,1244_AM_Chest_AP6.png,1,1.0000
1244_AM_Chest_AP8.png,1244_AM_Chest_AP6.png,1,1.0000
1202_AM_Chest_AP7.png,1202_AM_Chest_AP8.png,1,1.0000
1202_AM_Chest_AP7.png,1202_AM_Chest_AP9.png,1,1.0000
1202_AM_Chest_AP8.png,1202_AM_Chest_AP9.png,1,1.0000
1364_PM_Chest_AP2.png,1364_AM_Chest_AP3.png,1,0.0020
1068_AM_Chest_AP10.png,1068_AM_Chest_AP12.png,1,1.0000
1068_AM_Chest_AP10.png,1068_AM_Chest_AP11.png,1,0.9999
1068_AM_Chest_AP12.png,1068_AM_Chest_AP11.png,1,0.9999
1341_PM_Chest_AP4.png,1341_PM_Chest_AP1.png,1,0.2468
1341_PM_Chest_AP4.png,1341_PM_Chest_AP3.png,1,0.4696
1341_PM_Chest_AP4.png,1341_PM_Chest_AP2.png,1,0.2309
1341_PM_Chest_AP4.png,1341_AM_Chest_AP11.png,1,0.1148
1341_PM_Chest_AP1.png,1341_PM_Chest_AP3.png,1,0.0474
1341_PM_Chest_AP1.png,1341_PM_Chest_AP2.png,1,0.2010
1341_PM_Chest_AP1.png,1341_AM_Chest_AP11.png,1,0.0990
1341_PM_Chest_AP3.png,1341_PM_Chest_AP2.png,1,0.1301
1341_PM_Chest_AP3.png,1341_AM_Chest_AP11.png,1,0.0299
1341_PM_Chest_AP2.png,1341_AM_Chest_AP11.png,1,0.9818
414_AM_Chest_AP4.png,414_AM_Chest_AP5.png,1,0.9961
1177_AM_Chest_AP9.png,1177_AM_Chest_AP7.png,1,0.0646
1177_AM_Chest_AP9.png,1177_AM_Chest_AP8.png,1,0.0023
1177_AM_Chest_AP7.png,1177_AM_Chest_AP8.png,1,0.8847
371_AM_Chest_AP3.png,371_AM_Chest_AP4.png,1,0.2757
930_AM_Chest_AP4.png,930_AM_Chest_AP5.png,1,1.0000
919_AM_Chest_AP9.png,919_AM_Chest_AP7.png,1,1.0000
919_AM_Chest_AP9.png,919_AM_Chest_AP8.png,1,1.0000
919_AM_Chest_AP7.png,919_AM_Chest_AP8.png,1,1.0000
894_AM_Chest_AP7.png,894_AM_Chest_AP6.png,1,1.0000
894_AM_Chest_AP7.png,894_AM_Chest_AP5.png,1,1.0000
894_AM_Chest_AP6.png,894_AM_Chest_AP5.png,1,1.0000
1331_AM_Chest_AP9.png,1331_AM_Chest_AP11.png,1,1.0000
1331_AM_Chest_AP9.png,1331_AM_Chest_AP12.png,1,1.0000
1331_AM_Chest_AP9.png,1331_AM_Chest_AP10.png,1,1.0000
1331_AM_Chest_AP11.png,1331_AM_Chest_AP12.png,1,1.0000
1331_AM_Chest_AP11.png,1331_AM_Chest_AP10.png,1,1.0000
1331_AM_Chest_AP12.png,1331_AM_Chest_AP10.png,1,1.0000
640_AM_Chest_AP5.png,640_AM_Chest_AP4.png,1,1.0000
1085_AM_Chest_AP3.png,1085_AM_Chest_AP5.png,1,0.9882
830_AM_Chest_AP8.png,830_AM_Chest_AP9.png,1,1.0000
830_AM_Chest_AP8.png,830_AM_Chest_AP7.png,1,1.0000
830_AM_Chest_AP9.png,830_AM_Chest_AP7.png,1,1.0000
1175_AM_Chest_AP6.png,1175_AM_Chest_AP5.png,1,0.1537
1062_AM_Chest_AP7.png,1062_AM_Chest_AP8.png,1,0.9998
1062_AM_Chest_AP7.png,1062_AM_Chest_AP9.png,1,0.0054
1062_AM_Chest_AP8.png,1062_AM_Chest_AP9.png,1,0.0027
899_AM_Chest_AP6.png,899_AM_Chest_AP5.png,1,1.0000
633_AM_Chest_AP9.png,633_AM_Chest_AP10.png,1,0.0161
633_AM_Chest_AP9.png,633_AM_Chest_AP12.png,1,0.9960
633_AM_Chest_AP10.png,633_AM_Chest_AP12.png,1,0.0160
577_PM_Chest_AP6.png,577_PM_Chest_AP5.png,1,0.0019
983_AM_Chest_AP8.png,983_AM_Chest_AP7.png,1,1.0000
1087_AM_Chest_AP7.png,1087_AM_Chest_AP5.png,1,0.9997
896_AM_Chest_AP17.png,896_AM_Chest_AP13.png,1,1.0000
896_AM_Chest_AP17.png,896_AM_Chest_AP16.png,1,1.0000
896_AM_Chest_AP17.png,896_AM_Chest_AP12.png,1,1.0000
896_AM_Chest_AP17.png,896_AM_Chest_AP15.png,1,1.0000
896_AM_Chest_AP17.png,896_AM_Chest_AP14.png,1,1.0000
896_AM_Chest_AP13.png,896_AM_Chest_AP16.png,1,1.0000
896_AM_Chest_AP13.png,896_AM_Chest_AP12.png,1,1.0000
896_AM_Chest_AP13.png,896_AM_Chest_AP15.png,1,1.0000
896_AM_Chest_AP13.png,896_AM_Chest_AP14.png,1,1.0000
896_AM_Chest_AP16.png,896_AM_Chest_AP12.png,1,1.0000
896_AM_Chest_AP16.png,896_AM_Chest_AP15.png,1,1.0000
896_AM_Chest_AP16.png,896_AM_Chest_AP14.png,1,1.0000
896_AM_Chest_AP12.png,896_AM_Chest_AP15.png,1,1.0000
896_AM_Chest_AP12.png,896_AM_Chest_AP14.png,1,1.0000
896_AM_Chest_AP15.png,896_AM_Chest_AP14.png,1,1.0000
150_AM_Chest_AP8.png,150_AM_Chest_AP9.png,1,1.0000
150_AM_Chest_AP8.png,150_AM_Chest_AP7.png,1,1.0000
150_AM_Chest_AP9.png,150_AM_Chest_AP7.png,1,1.0000
800_AM_Chest_AP13.png,800_AM_Chest_AP15.png,1,0.9997
800_AM_Chest_AP13.png,800_AM_Chest_AP11.png,1,0.0031
800_AM_Chest_AP13.png,800_AM_Chest_AP14.png,1,1.0000
800_AM_Chest_AP13.png,800_AM_Chest_AP12.png,1,0.8612
800_AM_Chest_AP15.png,800_AM_Chest_AP11.png,1,0.0033
800_AM_Chest_AP15.png,800_AM_Chest_AP14.png,1,0.9997
800_AM_Chest_AP15.png,800_AM_Chest_AP12.png,1,0.8620
800_AM_Chest_AP11.png,800_AM_Chest_AP14.png,1,0.0031
800_AM_Chest_AP11.png,800_AM_Chest_AP12.png,1,0.0073
800_AM_Chest_AP14.png,800_AM_Chest_AP12.png,1,0.8613
499_PM_Chest_AP1.png,499_PM_Chest_AP2.png,1,0.0749
493_AM_Chest_AP7.png,493_AM_Chest_AP9.png,1,1.0000
493_AM_Chest_AP7.png,493_AM_Chest_AP8.png,1,1.0000
493_AM_Chest_AP9.png,493_AM_Chest_AP8.png,1,1.0000
1328_AM_Chest_AP9.png,1328_AM_Chest_AP8.png,1,1.0000
1328_AM_Chest_AP9.png,1328_AM_Chest_AP7.png,1,1.0000
1328_AM_Chest_AP8.png,1328_AM_Chest_AP7.png,1,1.0000
938_AM_Chest_AP34.png,938_AM_Chest_AP27.png,1,1.0000
938_AM_Chest_AP34.png,938_AM_Chest_AP30.png,1,1.0000
938_AM_Chest_AP34.png,938_AM_Chest_AP31.png,1,1.0000
938_AM_Chest_AP34.png,938_AM_Chest_AP33.png,1,1.0000
938_AM_Chest_AP34.png,938_AM_Chest_AP28.png,1,1.0000
938_AM_Chest_AP34.png,938_AM_Chest_AP32.png,1,1.0000
938_AM_Chest_AP34.png,938_AM_Chest_AP35.png,1,1.0000
938_AM_Chest_AP34.png,938_AM_Chest_AP25.png,1,1.0000
938_AM_Chest_AP34.png,938_AM_Chest_AP26.png,1,1.0000
938_AM_Chest_AP34.png,938_AM_Chest_AP29.png,1,1.0000
938_AM_Chest_AP27.png,938_AM_Chest_AP30.png,1,1.0000
938_AM_Chest_AP27.png,938_AM_Chest_AP31.png,1,1.0000
938_AM_Chest_AP27.png,938_AM_Chest_AP33.png,1,1.0000
938_AM_Chest_AP27.png,938_AM_Chest_AP28.png,1,1.0000
938_AM_Chest_AP27.png,938_AM_Chest_AP32.png,1,1.0000
938_AM_Chest_AP27.png,938_AM_Chest_AP35.png,1,1.0000
938_AM_Chest_AP27.png,938_AM_Chest_AP25.png,1,1.0000
938_AM_Chest_AP27.png,938_AM_Chest_AP26.png,1,1.0000
938_AM_Chest_AP27.png,938_AM_Chest_AP29.png,1,1.0000
938_AM_Chest_AP30.png,938_AM_Chest_AP31.png,1,1.0000
938_AM_Chest_AP30.png,938_AM_Chest_AP33.png,1,1.0000
938_AM_Chest_AP30.png,938_AM_Chest_AP28.png,1,1.0000
938_AM_Chest_AP30.png,938_AM_Chest_AP32.png,1,1.0000
938_AM_Chest_AP30.png,938_AM_Chest_AP35.png,1,1.0000
938_AM_Chest_AP30.png,938_AM_Chest_AP25.png,1,1.0000
938_AM_Chest_AP30.png,938_AM_Chest_AP26.png,1,1.0000
938_AM_Chest_AP30.png,938_AM_Chest_AP29.png,1,1.0000
938_AM_Chest_AP31.png,938_AM_Chest_AP33.png,1,1.0000
938_AM_Chest_AP31.png,938_AM_Chest_AP28.png,1,1.0000
938_AM_Chest_AP31.png,938_AM_Chest_AP32.png,1,1.0000
938_AM_Chest_AP31.png,938_AM_Chest_AP35.png,1,1.0000
938_AM_Chest_AP31.png,938_AM_Chest_AP25.png,1,1.0000
938_AM_Chest_AP31.png,938_AM_Chest_AP26.png,1,1.0000
938_AM_Chest_AP31.png,938_AM_Chest_AP29.png,1,1.0000
938_AM_Chest_AP33.png,938_AM_Chest_AP28.png,1,1.0000
938_AM_Chest_AP33.png,938_AM_Chest_AP32.png,1,1.0000
938_AM_Chest_AP33.png,938_AM_Chest_AP35.png,1,1.0000
938_AM_Chest_AP33.png,938_AM_Chest_AP25.png,1,1.0000
938_AM_Chest_AP33.png,938_AM_Chest_AP26.png,1,1.0000
938_AM_Chest_AP33.png,938_AM_Chest_AP29.png,1,1.0000
938_AM_Chest_AP28.png,938_AM_Chest_AP32.png,1,1.0000
938_AM_Chest_AP28.png,938_AM_Chest_AP35.png,1,1.0000
938_AM_Chest_AP28.png,938_AM_Chest_AP25.png,1,1.0000
938_AM_Chest_AP28.png,938_AM_Chest_AP26.png,1,1.0000
938_AM_Chest_AP28.png,938_AM_Chest_AP29.png,1,1.0000
938_AM_Chest_AP32.png,938_AM_Chest_AP35.png,1,1.0000
938_AM_Chest_AP32.png,938_AM_Chest_AP25.png,1,1.0000
938_AM_Chest_AP32.png,938_AM_Chest_AP26.png,1,1.0000
938_AM_Chest_AP32.png,938_AM_Chest_AP29.png,1,1.0000
938_AM_Chest_AP35.png,938_AM_Chest_AP25.png,1,1.0000
938_AM_Chest_AP35.png,938_AM_Chest_AP26.png,1,1.0000
938_AM_Chest_AP35.png,938_AM_Chest_AP29.png,1,1.0000
938_AM_Chest_AP25.png,938_AM_Chest_AP26.png,1,1.0000
938_AM_Chest_AP25.png,938_AM_Chest_AP29.png,1,1.0000
938_AM_Chest_AP26.png,938_AM_Chest_AP29.png,1,1.0000
1096_AM_Chest_AP23.png,1096_AM_Chest_AP18.png,1,1.0000
1096_AM_Chest_AP23.png,1096_AM_Chest_AP20.png,1,1.0000
1096_AM_Chest_AP23.png,1096_AM_Chest_AP19.png,1,1.0000
1096_AM_Chest_AP23.png,1096_AM_Chest_AP21.png,1,1.0000
1096_AM_Chest_AP23.png,1096_AM_Chest_AP24.png,1,1.0000
1096_AM_Chest_AP23.png,1096_AM_Chest_AP22.png,1,1.0000
1096_AM_Chest_AP18.png,1096_AM_Chest_AP20.png,1,1.0000
1096_AM_Chest_AP18.png,1096_AM_Chest_AP19.png,1,1.0000
1096_AM_Chest_AP18.png,1096_AM_Chest_AP21.png,1,1.0000
1096_AM_Chest_AP18.png,1096_AM_Chest_AP24.png,1,1.0000
1096_AM_Chest_AP18.png,1096_AM_Chest_AP22.png,1,1.0000
1096_AM_Chest_AP20.png,1096_AM_Chest_AP19.png,1,1.0000
1096_AM_Chest_AP20.png,1096_AM_Chest_AP21.png,1,1.0000
1096_AM_Chest_AP20.png,1096_AM_Chest_AP24.png,1,1.0000
1096_AM_Chest_AP20.png,1096_AM_Chest_AP22.png,1,1.0000
1096_AM_Chest_AP19.png,1096_AM_Chest_AP21.png,1,1.0000
1096_AM_Chest_AP19.png,1096_AM_Chest_AP24.png,1,1.0000
1096_AM_Chest_AP19.png,1096_AM_Chest_AP22.png,1,1.0000
1096_AM_Chest_AP21.png,1096_AM_Chest_AP24.png,1,1.0000
1096_AM_Chest_AP21.png,1096_AM_Chest_AP22.png,1,1.0000
1096_AM_Chest_AP24.png,1096_AM_Chest_AP22.png,1,1.0000
907_AM_Chest_AP10.png,907_AM_Chest_AP9.png,1,1.0000
907_AM_Chest_AP10.png,907_AM_Chest_AP8.png,1,1.0000
907_AM_Chest_AP9.png,907_AM_Chest_AP8.png,1,1.0000
1300_AM_Chest_AP4.png,1300_AM_Chest_AP5.png,1,0.9695
1173_AM_Chest_AP10.png,1173_AM_Chest_AP9.png,1,0.9998
1173_AM_Chest_AP10.png,1173_AM_Chest_AP8.png,1,0.0009
1173_AM_Chest_AP9.png,1173_AM_Chest_AP8.png,1,0.0009
1249_AM_Chest_AP13.png,1249_AM_Chest_AP14.png,1,0.1545
1249_AM_Chest_AP13.png,1249_AM_Chest_AP11.png,1,0.3083
1249_AM_Chest_AP13.png,1249_AM_Chest_AP15.png,1,0.3078
1249_AM_Chest_AP13.png,1249_AM_Chest_AP12.png,1,0.5913
1249_AM_Chest_AP14.png,1249_AM_Chest_AP11.png,1,0.4922
1249_AM_Chest_AP14.png,1249_AM_Chest_AP15.png,1,0.4923
1249_AM_Chest_AP14.png,1249_AM_Chest_AP12.png,1,0.4486
1249_AM_Chest_AP11.png,1249_AM_Chest_AP15.png,1,1.0000
1249_AM_Chest_AP11.png,1249_AM_Chest_AP12.png,1,0.9090
1249_AM_Chest_AP15.png,1249_AM_Chest_AP12.png,1,0.9088
1250_AM_Chest_AP3.png,1250_AM_Chest_AP4.png,1,1.0000
1302_AM_Chest_AP5.png,1302_AM_Chest_AP6.png,1,1.0000
1302_AM_Chest_AP5.png,1302_AM_Chest_AP7.png,1,1.0000
1302_AM_Chest_AP6.png,1302_AM_Chest_AP7.png,1,1.0000
637_AM_Chest_AP6.png,637_AM_Chest_AP7.png,1,0.9999
637_AM_Chest_AP6.png,637_AM_Chest_AP8.png,1,0.1826
637_AM_Chest_AP7.png,637_AM_Chest_AP8.png,1,0.1842
1139_AM_Chest_AP5.png,1139_AM_Chest_AP4.png,1,0.9941
1213_AM_Chest_AP5.png,1213_AM_Chest_AP6.png,1,0.0000
1122_AM_Chest_AP9.png,1122_AM_Chest_AP7.png,1,1.0000
1122_AM_Chest_AP9.png,1122_AM_Chest_AP8.png,1,0.0022
1122_AM_Chest_AP7.png,1122_AM_Chest_AP8.png,1,0.0022
924_AM_Chest_AP6.png,924_AM_Chest_AP5.png,1,1.0000
1172_AM_Chest_AP8.png,1172_AM_Chest_AP7.png,1,1.0000
1172_AM_Chest_AP8.png,1172_AM_Chest_AP6.png,1,0.9998
1172_AM_Chest_AP7.png,1172_AM_Chest_AP6.png,1,0.9998
1227_AM_Chest_AP4.png,1227_AM_Chest_AP3.png,1,0.0002
691_AM_Chest_AP33.png,691_AM_Chest_AP32.png,1,1.0000
691_AM_Chest_AP33.png,691_AM_Chest_AP27.png,1,1.0000
691_AM_Chest_AP33.png,691_AM_Chest_AP26.png,1,1.0000
691_AM_Chest_AP33.png,691_AM_Chest_AP29.png,1,1.0000
691_AM_Chest_AP33.png,691_AM_Chest_AP25.png,1,1.0000
691_AM_Chest_AP33.png,691_AM_Chest_AP31.png,1,0.9990
691_AM_Chest_AP32.png,691_AM_Chest_AP27.png,1,1.0000
691_AM_Chest_AP32.png,691_AM_Chest_AP26.png,1,1.0000
691_AM_Chest_AP32.png,691_AM_Chest_AP29.png,1,1.0000
691_AM_Chest_AP32.png,691_AM_Chest_AP25.png,1,1.0000
691_AM_Chest_AP32.png,691_AM_Chest_AP31.png,1,0.9990
691_AM_Chest_AP27.png,691_AM_Chest_AP26.png,1,0.9999
691_AM_Chest_AP27.png,691_AM_Chest_AP29.png,1,1.0000
691_AM_Chest_AP27.png,691_AM_Chest_AP25.png,1,1.0000
691_AM_Chest_AP27.png,691_AM_Chest_AP31.png,1,0.9990
691_AM_Chest_AP26.png,691_AM_Chest_AP29.png,1,1.0000
691_AM_Chest_AP26.png,691_AM_Chest_AP25.png,1,1.0000
691_AM_Chest_AP26.png,691_AM_Chest_AP31.png,1,0.9992
691_AM_Chest_AP29.png,691_AM_Chest_AP25.png,1,1.0000
691_AM_Chest_AP29.png,691_AM_Chest_AP31.png,1,0.9990
691_AM_Chest_AP25.png,691_AM_Chest_AP31.png,1,0.9990
1254_AM_Chest_AP3.png,1254_AM_Chest_AP4.png,1,1.0000
886_AM_Chest_AP5.png,886_AM_Chest_AP6.png,1,0.0269
097_AM_Chest_AP4.png,097_AM_Chest_AP3.png,1,0.0908
1192_AM_Chest_AP5.png,1192_AM_Chest_AP4.png,1,1.0000
794_AM_Chest_AP8.png,794_AM_Chest_AP6.png,1,1.0000
794_AM_Chest_AP8.png,794_AM_Chest_AP9.png,1,1.0000
794_AM_Chest_AP6.png,794_AM_Chest_AP9.png,1,1.0000
1239_AM_Chest_AP7.png,1239_AM_Chest_AP5.png,1,0.4429
1239_AM_Chest_AP7.png,1239_AM_Chest_AP6.png,1,0.0103
1239_AM_Chest_AP5.png,1239_AM_Chest_AP6.png,1,0.0008
773_AM_Chest_AP9.png,773_AM_Chest_AP8.png,1,1.0000
773_AM_Chest_AP9.png,773_AM_Chest_AP10.png,1,1.0000
773_AM_Chest_AP8.png,773_AM_Chest_AP10.png,1,1.0000
1197_AM_Chest_AP3.png,1197_AM_Chest_AP4.png,1,1.0000
934_AM_Chest_AP5.png,934_AM_Chest_AP6.png,1,1.0000
1120_AM_Chest_AP6.png,1120_AM_Chest_AP8.png,1,1.0000
1120_AM_Chest_AP6.png,1120_AM_Chest_AP7.png,1,0.9996
1120_AM_Chest_AP8.png,1120_AM_Chest_AP7.png,1,0.9996
1166_AM_Chest_AP11.png,1166_AM_Chest_AP10.png,1,1.0000
1166_AM_Chest_AP11.png,1166_AM_Chest_AP8.png,1,1.0000
1166_AM_Chest_AP11.png,1166_AM_Chest_AP9.png,1,1.0000
1166_AM_Chest_AP10.png,1166_AM_Chest_AP8.png,1,1.0000
1166_AM_Chest_AP10.png,1166_AM_Chest_AP9.png,1,1.0000
1166_AM_Chest_AP8.png,1166_AM_Chest_AP9.png,1,1.0000
881_PM_Chest_AP3.png,881_PM_Chest_AP2.png,1,1.0000
1093_AM_Chest_AP7.png,1093_AM_Chest_AP5.png,1,0.2103
1286_AM_Chest_AP8.png,1286_AM_Chest_AP7.png,1,1.0000
1123_AM_Chest_AP6.png,1123_AM_Chest_AP5.png,1,1.0000
1338_PM_Chest_AP1.png,1338_PM_Chest_AP2.png,1,0.0837
1016_AM_Chest_AP8.png,1016_AM_Chest_AP7.png,1,1.0000
1016_AM_Chest_AP8.png,1016_AM_Chest_AP6.png,1,1.0000
1016_AM_Chest_AP7.png,1016_AM_Chest_AP6.png,1,1.0000
1146_AM_Chest_AP17.png,1146_AM_Chest_AP20.png,1,1.0000
1146_AM_Chest_AP17.png,1146_AM_Chest_AP16.png,1,1.0000
1146_AM_Chest_AP17.png,1146_AM_Chest_AP18.png,1,1.0000
1146_AM_Chest_AP17.png,1146_AM_Chest_AP19.png,1,1.0000
1146_AM_Chest_AP17.png,1146_AM_Chest_AP15.png,1,1.0000
1146_AM_Chest_AP20.png,1146_AM_Chest_AP16.png,1,1.0000
1146_AM_Chest_AP20.png,1146_AM_Chest_AP18.png,1,1.0000
1146_AM_Chest_AP20.png,1146_AM_Chest_AP19.png,1,1.0000
1146_AM_Chest_AP20.png,1146_AM_Chest_AP15.png,1,1.0000
1146_AM_Chest_AP16.png,1146_AM_Chest_AP18.png,1,1.0000
1146_AM_Chest_AP16.png,1146_AM_Chest_AP19.png,1,1.0000
1146_AM_Chest_AP16.png,1146_AM_Chest_AP15.png,1,1.0000
1146_AM_Chest_AP18.png,1146_AM_Chest_AP19.png,1,1.0000
1146_AM_Chest_AP18.png,1146_AM_Chest_AP15.png,1,1.0000
1146_AM_Chest_AP19.png,1146_AM_Chest_AP15.png,1,1.0000
1082_AM_Chest_AP14.png,1082_AM_Chest_AP12.png,1,0.9228
1082_AM_Chest_AP14.png,1082_AM_Chest_AP8.png,1,0.9228
1082_AM_Chest_AP12.png,1082_AM_Chest_AP8.png,1,1.0000
677_AM_Chest_AP4.png,677_AM_Chest_AP5.png,1,0.0005
654_AM_Chest_AP5.png,654_AM_Chest_AP6.png,1,1.0000
1283_AM_Chest_AP8.png,1283_AM_Chest_AP7.png,1,1.0000
1283_AM_Chest_AP8.png,1283_AM_Chest_AP6.png,1,1.0000
1283_AM_Chest_AP7.png,1283_AM_Chest_AP6.png,1,1.0000
398_AM_Chest_AP5.png,398_AM_Chest_AP3.png,1,0.5640
1086_AM_Chest_AP8.png,1086_AM_Chest_AP11.png,1,1.0000
1086_AM_Chest_AP8.png,1086_AM_Chest_AP10.png,1,0.0107
1086_AM_Chest_AP11.png,1086_AM_Chest_AP10.png,1,0.0107
931_AM_Chest_AP4.png,931_AM_Chest_AP3.png,1,0.9581
984_AM_Chest_AP8.png,984_AM_Chest_AP7.png,1,1.0000
1277_AM_Chest_AP6.png,1277_AM_Chest_AP7.png,1,1.0000
1277_AM_Chest_AP6.png,1277_AM_Chest_AP8.png,1,1.0000
1277_AM_Chest_AP7.png,1277_AM_Chest_AP8.png,1,1.0000
155_AM_Chest_AP7.png,155_AM_Chest_AP5.png,1,1.0000
155_AM_Chest_AP7.png,155_AM_Chest_AP6.png,1,1.0000
155_AM_Chest_AP5.png,155_AM_Chest_AP6.png,1,1.0000
1185_AM_Chest_AP8.png,1185_AM_Chest_AP9.png,1,0.0042
1185_AM_Chest_AP8.png,1185_AM_Chest_AP7.png,1,0.9993
1185_AM_Chest_AP9.png,1185_AM_Chest_AP7.png,1,0.0042
898_AM_Chest_AP32.png,898_AM_Chest_AP28.png,1,1.0000
898_AM_Chest_AP32.png,898_AM_Chest_AP27.png,1,1.0000
898_AM_Chest_AP32.png,898_AM_Chest_AP29.png,1,1.0000
898_AM_Chest_AP32.png,898_AM_Chest_AP31.png,1,1.0000
898_AM_Chest_AP32.png,898_AM_Chest_AP23.png,1,1.0000
898_AM_Chest_AP32.png,898_AM_Chest_AP30.png,1,0.9733
898_AM_Chest_AP32.png,898_AM_Chest_AP26.png,1,1.0000
898_AM_Chest_AP32.png,898_AM_Chest_AP24.png,1,1.0000
898_AM_Chest_AP32.png,898_AM_Chest_AP25.png,1,1.0000
898_AM_Chest_AP28.png,898_AM_Chest_AP27.png,1,1.0000
898_AM_Chest_AP28.png,898_AM_Chest_AP29.png,1,1.0000
898_AM_Chest_AP28.png,898_AM_Chest_AP31.png,1,1.0000
898_AM_Chest_AP28.png,898_AM_Chest_AP23.png,1,1.0000
898_AM_Chest_AP28.png,898_AM_Chest_AP30.png,1,0.9733
898_AM_Chest_AP28.png,898_AM_Chest_AP26.png,1,1.0000
898_AM_Chest_AP28.png,898_AM_Chest_AP24.png,1,1.0000
898_AM_Chest_AP28.png,898_AM_Chest_AP25.png,1,1.0000
898_AM_Chest_AP27.png,898_AM_Chest_AP29.png,1,1.0000
898_AM_Chest_AP27.png,898_AM_Chest_AP31.png,1,1.0000
898_AM_Chest_AP27.png,898_AM_Chest_AP23.png,1,1.0000
898_AM_Chest_AP27.png,898_AM_Chest_AP30.png,1,0.9733
898_AM_Chest_AP27.png,898_AM_Chest_AP26.png,1,1.0000
898_AM_Chest_AP27.png,898_AM_Chest_AP24.png,1,1.0000
898_AM_Chest_AP27.png,898_AM_Chest_AP25.png,1,1.0000
898_AM_Chest_AP29.png,898_AM_Chest_AP31.png,1,1.0000
898_AM_Chest_AP29.png,898_AM_Chest_AP23.png,1,1.0000
898_AM_Chest_AP29.png,898_AM_Chest_AP30.png,1,0.9733
898_AM_Chest_AP29.png,898_AM_Chest_AP26.png,1,1.0000
898_AM_Chest_AP29.png,898_AM_Chest_AP24.png,1,1.0000
898_AM_Chest_AP29.png,898_AM_Chest_AP25.png,1,1.0000
898_AM_Chest_AP31.png,898_AM_Chest_AP23.png,1,1.0000
898_AM_Chest_AP31.png,898_AM_Chest_AP30.png,1,0.9733
898_AM_Chest_AP31.png,898_AM_Chest_AP26.png,1,1.0000
898_AM_Chest_AP31.png,898_AM_Chest_AP24.png,1,1.0000
898_AM_Chest_AP31.png,898_AM_Chest_AP25.png,1,1.0000
898_AM_Chest_AP23.png,898_AM_Chest_AP30.png,1,0.9734
898_AM_Chest_AP23.png,898_AM_Chest_AP26.png,1,1.0000
898_AM_Chest_AP23.png,898_AM_Chest_AP24.png,1,1.0000
898_AM_Chest_AP23.png,898_AM_Chest_AP25.png,1,1.0000
898_AM_Chest_AP30.png,898_AM_Chest_AP26.png,1,0.9733
898_AM_Chest_AP30.png,898_AM_Chest_AP24.png,1,0.9733
898_AM_Chest_AP30.png,898_AM_Chest_AP25.png,1,0.9733
898_AM_Chest_AP26.png,898_AM_Chest_AP24.png,1,1.0000
898_AM_Chest_AP26.png,898_AM_Chest_AP25.png,1,1.0000
898_AM_Chest_AP24.png,898_AM_Chest_AP25.png,1,1.0000
1055_AM_Chest_AP18.png,1055_AM_Chest_AP20.png,1,1.0000
1055_AM_Chest_AP18.png,1055_AM_Chest_AP22.png,1,1.0000
1055_AM_Chest_AP18.png,1055_AM_Chest_AP21.png,1,1.0000
1055_AM_Chest_AP18.png,1055_AM_Chest_AP16.png,1,1.0000
1055_AM_Chest_AP18.png,1055_AM_Chest_AP19.png,1,1.0000
1055_AM_Chest_AP18.png,1055_AM_Chest_AP17.png,1,1.0000
1055_AM_Chest_AP20.png,1055_AM_Chest_AP22.png,1,1.0000
1055_AM_Chest_AP20.png,1055_AM_Chest_AP21.png,1,1.0000
1055_AM_Chest_AP20.png,1055_AM_Chest_AP16.png,1,1.0000
1055_AM_Chest_AP20.png,1055_AM_Chest_AP19.png,1,1.0000
1055_AM_Chest_AP20.png,1055_AM_Chest_AP17.png,1,1.0000
1055_AM_Chest_AP22.png,1055_AM_Chest_AP21.png,1,1.0000
1055_AM_Chest_AP22.png,1055_AM_Chest_AP16.png,1,1.0000
1055_AM_Chest_AP22.png,1055_AM_Chest_AP19.png,1,1.0000
1055_AM_Chest_AP22.png,1055_AM_Chest_AP17.png,1,1.0000
1055_AM_Chest_AP21.png,1055_AM_Chest_AP16.png,1,1.0000
1055_AM_Chest_AP21.png,1055_AM_Chest_AP19.png,1,1.0000
1055_AM_Chest_AP21.png,1055_AM_Chest_AP17.png,1,1.0000
1055_AM_Chest_AP16.png,1055_AM_Chest_AP19.png,1,1.0000
1055_AM_Chest_AP16.png,1055_AM_Chest_AP17.png,1,1.0000
1055_AM_Chest_AP19.png,1055_AM_Chest_AP17.png,1,1.0000
1084_AM_Chest_AP4.png,1084_AM_Chest_AP6.png,1,0.0014
1348_PM_Chest_AP4.png,1348_PM_Chest_AP3.png,1,0.7204
132_AM_Chest_AP7.png,132_AM_Chest_AP6.png,1,1.0000
132_AM_Chest_AP7.png,132_AM_Chest_AP5.png,1,1.0000
132_AM_Chest_AP6.png,132_AM_Chest_AP5.png,1,1.0000
964_AM_Chest_AP13.png,964_AM_Chest_AP15.png,1,0.0035
964_AM_Chest_AP13.png,964_AM_Chest_AP14.png,1,0.9993
964_AM_Chest_AP13.png,964_AM_Chest_AP16.png,1,0.9970
964_AM_Chest_AP13.png,964_AM_Chest_AP12.png,1,0.9991
964_AM_Chest_AP13.png,964_AM_Chest_AP19.png,1,0.9993
964_AM_Chest_AP15.png,964_AM_Chest_AP14.png,1,0.0035
964_AM_Chest_AP15.png,964_AM_Chest_AP16.png,1,0.0094
964_AM_Chest_AP15.png,964_AM_Chest_AP12.png,1,0.0042
964_AM_Chest_AP15.png,964_AM_Chest_AP19.png,1,0.0035
964_AM_Chest_AP14.png,964_AM_Chest_AP16.png,1,0.9978
964_AM_Chest_AP14.png,964_AM_Chest_AP12.png,1,0.9998
964_AM_Chest_AP14.png,964_AM_Chest_AP19.png,1,1.0000
964_AM_Chest_AP16.png,964_AM_Chest_AP12.png,1,0.9976
964_AM_Chest_AP16.png,964_AM_Chest_AP19.png,1,0.9978
964_AM_Chest_AP12.png,964_AM_Chest_AP19.png,1,0.9998
1193_AM_Chest_AP4.png,1193_AM_Chest_AP5.png,1,0.2150
1132_AM_Chest_AP5.png,1132_AM_Chest_AP6.png,1,1.0000
1129_AM_Chest_AP3.png,1129_AM_Chest_AP4.png,1,0.8477
1231_AM_Chest_AP5.png,1231_AM_Chest_AP4.png,1,0.0057
1036_AM_Chest_AP5.png,1036_AM_Chest_AP4.png,1,0.9999
1345_PM_Chest_AP2.png,1345_PM_Chest_AP4.png,1,0.7622
1179_AM_Chest_AP9.png,1179_AM_Chest_AP10.png,1,1.0000
1179_AM_Chest_AP9.png,1179_AM_Chest_AP11.png,1,1.0000
1179_AM_Chest_AP9.png,1179_AM_Chest_AP12.png,1,1.0000
1179_AM_Chest_AP10.png,1179_AM_Chest_AP11.png,1,1.0000
1179_AM_Chest_AP10.png,1179_AM_Chest_AP12.png,1,1.0000
1179_AM_Chest_AP11.png,1179_AM_Chest_AP12.png,1,1.0000
187_AM_Chest_AP8.png,187_AM_Chest_AP7.png,1,1.0000
187_AM_Chest_AP8.png,187_AM_Chest_AP9.png,1,1.0000
187_AM_Chest_AP7.png,187_AM_Chest_AP9.png,1,1.0000
952_AM_Chest_AP5.png,952_AM_Chest_AP4.png,1,0.2851
1246_AM_Chest_AP4.png,1246_AM_Chest_AP5.png,1,0.1092
1268_AM_Chest_AP4.png,1268_AM_Chest_AP3.png,1,0.9989
1056_AM_Chest_AP4.png,1056_AM_Chest_AP5.png,1,1.0000
892_AM_Chest_AP12.png,892_AM_Chest_AP11.png,1,1.0000
892_AM_Chest_AP12.png,892_AM_Chest_AP9.png,1,1.0000
892_AM_Chest_AP12.png,892_AM_Chest_AP10.png,1,1.0000
892_AM_Chest_AP11.png,892_AM_Chest_AP9.png,1,1.0000
892_AM_Chest_AP11.png,892_AM_Chest_AP10.png,1,1.0000
892_AM_Chest_AP9.png,892_AM_Chest_AP10.png,1,1.0000
1305_AM_Chest_AP8.png,1305_AM_Chest_AP7.png,1,1.0000
1305_AM_Chest_AP8.png,1305_AM_Chest_AP6.png,1,1.0000
1305_AM_Chest_AP7.png,1305_AM_Chest_AP6.png,1,1.0000
1346_AM_Chest_AP11.png,1346_AM_Chest_AP12.png,1,1.0000
1346_AM_Chest_AP11.png,1346_AM_Chest_AP13.png,1,1.0000
1346_AM_Chest_AP11.png,1346_PM_Chest_AP1.png,1,0.8659
1346_AM_Chest_AP12.png,1346_AM_Chest_AP13.png,1,1.0000
1346_AM_Chest_AP12.png,1346_PM_Chest_AP1.png,1,0.8659
1346_AM_Chest_AP13.png,1346_PM_Chest_AP1.png,1,0.8659
1218_AM_Chest_AP8.png,1218_AM_Chest_AP10.png,1,0.9997
1218_AM_Chest_AP8.png,1218_AM_Chest_AP9.png,1,0.9997
1218_AM_Chest_AP10.png,1218_AM_Chest_AP9.png,1,1.0000
959_AM_Chest_AP4.png,959_AM_Chest_AP5.png,1,0.8487
1010_AM_Chest_AP4.png,1010_AM_Chest_AP5.png,1,0.9998
1101_AM_Chest_AP7.png,1101_AM_Chest_AP6.png,1,1.0000
1101_AM_Chest_AP7.png,1101_AM_Chest_AP8.png,1,1.0000
1101_AM_Chest_AP6.png,1101_AM_Chest_AP8.png,1,1.0000
912_AM_Chest_AP18.png,912_AM_Chest_AP17.png,1,1.0000
912_AM_Chest_AP18.png,912_AM_Chest_AP16.png,1,1.0000
912_AM_Chest_AP18.png,912_AM_Chest_AP19.png,1,1.0000
912_AM_Chest_AP18.png,912_AM_Chest_AP20.png,1,1.0000
912_AM_Chest_AP18.png,912_AM_Chest_AP15.png,1,1.0000
912_AM_Chest_AP17.png,912_AM_Chest_AP16.png,1,1.0000
912_AM_Chest_AP17.png,912_AM_Chest_AP19.png,1,1.0000
912_AM_Chest_AP17.png,912_AM_Chest_AP20.png,1,1.0000
912_AM_Chest_AP17.png,912_AM_Chest_AP15.png,1,1.0000
912_AM_Chest_AP16.png,912_AM_Chest_AP19.png,1,1.0000
912_AM_Chest_AP16.png,912_AM_Chest_AP20.png,1,1.0000
912_AM_Chest_AP16.png,912_AM_Chest_AP15.png,1,1.0000
912_AM_Chest_AP19.png,912_AM_Chest_AP20.png,1,1.0000
912_AM_Chest_AP19.png,912_AM_Chest_AP15.png,1,1.0000
912_AM_Chest_AP20.png,912_AM_Chest_AP15.png,1,1.0000
495_AM_Chest_AP10.png,495_AM_Chest_AP13.png,1,1.0000
495_AM_Chest_AP10.png,495_AM_Chest_AP11.png,1,1.0000
495_AM_Chest_AP10.png,495_AM_Chest_AP12.png,1,1.0000
495_AM_Chest_AP13.png,495_AM_Chest_AP11.png,1,1.0000
495_AM_Chest_AP13.png,495_AM_Chest_AP12.png,1,1.0000
495_AM_Chest_AP11.png,495_AM_Chest_AP12.png,1,1.0000
1079_AM_Chest_AP12.png,1079_AM_Chest_AP11.png,1,0.0007
1079_AM_Chest_AP12.png,1079_AM_Chest_AP13.png,1,0.0007
1079_AM_Chest_AP12.png,1079_AM_Chest_AP14.png,1,0.0007
1079_AM_Chest_AP11.png,1079_AM_Chest_AP13.png,1,1.0000
1079_AM_Chest_AP11.png,1079_AM_Chest_AP14.png,1,1.0000
1079_AM_Chest_AP13.png,1079_AM_Chest_AP14.png,1,1.0000
1226_AM_Chest_AP3.png,1226_AM_Chest_AP4.png,1,1.0000
1032_AM_Chest_AP8.png,1032_AM_Chest_AP6.png,1,1.0000
1032_AM_Chest_AP8.png,1032_AM_Chest_AP7.png,1,0.9997
1032_AM_Chest_AP6.png,1032_AM_Chest_AP7.png,1,0.9997
693_AM_Chest_AP6.png,693_AM_Chest_AP4.png,1,1.0000
476_AM_Chest_AP57.png,476_AM_Chest_AP58.png,1,1.0000
476_AM_Chest_AP57.png,476_AM_Chest_AP61.png,1,0.9625
476_AM_Chest_AP57.png,476_AM_Chest_AP48.png,1,1.0000
476_AM_Chest_AP57.png,476_AM_Chest_AP59.png,1,1.0000
476_AM_Chest_AP57.png,476_AM_Chest_AP47.png,1,1.0000
476_AM_Chest_AP57.png,476_AM_Chest_AP50.png,1,1.0000
476_AM_Chest_AP57.png,476_AM_Chest_AP54.png,1,1.0000
476_AM_Chest_AP57.png,476_AM_Chest_AP62.png,1,1.0000
476_AM_Chest_AP57.png,476_AM_Chest_AP46.png,1,1.0000
476_AM_Chest_AP57.png,476_AM_Chest_AP51.png,1,1.0000
476_AM_Chest_AP57.png,476_AM_Chest_AP60.png,1,1.0000
476_AM_Chest_AP57.png,476_AM_Chest_AP49.png,1,1.0000
476_AM_Chest_AP57.png,476_AM_Chest_AP56.png,1,1.0000
476_AM_Chest_AP57.png,476_AM_Chest_AP55.png,1,1.0000
476_AM_Chest_AP57.png,476_AM_Chest_AP53.png,1,1.0000
476_AM_Chest_AP57.png,476_AM_Chest_AP52.png,1,1.0000
476_AM_Chest_AP58.png,476_AM_Chest_AP61.png,1,0.9624
476_AM_Chest_AP58.png,476_AM_Chest_AP48.png,1,1.0000
476_AM_Chest_AP58.png,476_AM_Chest_AP59.png,1,1.0000
476_AM_Chest_AP58.png,476_AM_Chest_AP47.png,1,1.0000
476_AM_Chest_AP58.png,476_AM_Chest_AP50.png,1,1.0000
476_AM_Chest_AP58.png,476_AM_Chest_AP54.png,1,1.0000
476_AM_Chest_AP58.png,476_AM_Chest_AP62.png,1,1.0000
476_AM_Chest_AP58.png,476_AM_Chest_AP46.png,1,1.0000
476_AM_Chest_AP58.png,476_AM_Chest_AP51.png,1,1.0000
476_AM_Chest_AP58.png,476_AM_Chest_AP60.png,1,1.0000
476_AM_Chest_AP58.png,476_AM_Chest_AP49.png,1,1.0000
476_AM_Chest_AP58.png,476_AM_Chest_AP56.png,1,1.0000
476_AM_Chest_AP58.png,476_AM_Chest_AP55.png,1,1.0000
476_AM_Chest_AP58.png,476_AM_Chest_AP53.png,1,1.0000
476_AM_Chest_AP58.png,476_AM_Chest_AP52.png,1,1.0000
476_AM_Chest_AP61.png,476_AM_Chest_AP48.png,1,0.9624
476_AM_Chest_AP61.png,476_AM_Chest_AP59.png,1,0.9624
476_AM_Chest_AP61.png,476_AM_Chest_AP47.png,1,0.9624
476_AM_Chest_AP61.png,476_AM_Chest_AP50.png,1,0.9634
476_AM_Chest_AP61.png,476_AM_Chest_AP54.png,1,0.9624
476_AM_Chest_AP61.png,476_AM_Chest_AP62.png,1,0.9624
476_AM_Chest_AP61.png,476_AM_Chest_AP46.png,1,0.9624
476_AM_Chest_AP61.png,476_AM_Chest_AP51.png,1,0.9624
476_AM_Chest_AP61.png,476_AM_Chest_AP60.png,1,0.9624
476_AM_Chest_AP61.png,476_AM_Chest_AP49.png,1,0.9624
476_AM_Chest_AP61.png,476_AM_Chest_AP56.png,1,0.9624
476_AM_Chest_AP61.png,476_AM_Chest_AP55.png,1,0.9624
476_AM_Chest_AP61.png,476_AM_Chest_AP53.png,1,0.9624
476_AM_Chest_AP61.png,476_AM_Chest_AP52.png,1,0.9624
476_AM_Chest_AP48.png,476_AM_Chest_AP59.png,1,1.0000
476_AM_Chest_AP48.png,476_AM_Chest_AP47.png,1,1.0000
476_AM_Chest_AP48.png,476_AM_Chest_AP50.png,1,1.0000
476_AM_Chest_AP48.png,476_AM_Chest_AP54.png,1,1.0000
476_AM_Chest_AP48.png,476_AM_Chest_AP62.png,1,1.0000
476_AM_Chest_AP48.png,476_AM_Chest_AP46.png,1,1.0000
476_AM_Chest_AP48.png,476_AM_Chest_AP51.png,1,1.0000
476_AM_Chest_AP48.png,476_AM_Chest_AP60.png,1,1.0000
476_AM_Chest_AP48.png,476_AM_Chest_AP49.png,1,1.0000
476_AM_Chest_AP48.png,476_AM_Chest_AP56.png,1,1.0000
476_AM_Chest_AP48.png,476_AM_Chest_AP55.png,1,1.0000
476_AM_Chest_AP48.png,476_AM_Chest_AP53.png,1,1.0000
476_AM_Chest_AP48.png,476_AM_Chest_AP52.png,1,1.0000
476_AM_Chest_AP59.png,476_AM_Chest_AP47.png,1,1.0000
476_AM_Chest_AP59.png,476_AM_Chest_AP50.png,1,1.0000
476_AM_Chest_AP59.png,476_AM_Chest_AP54.png,1,1.0000
476_AM_Chest_AP59.png,476_AM_Chest_AP62.png,1,1.0000
476_AM_Chest_AP59.png,476_AM_Chest_AP46.png,1,1.0000
476_AM_Chest_AP59.png,476_AM_Chest_AP51.png,1,1.0000
476_AM_Chest_AP59.png,476_AM_Chest_AP60.png,1,1.0000
476_AM_Chest_AP59.png,476_AM_Chest_AP49.png,1,1.0000
476_AM_Chest_AP59.png,476_AM_Chest_AP56.png,1,1.0000
476_AM_Chest_AP59.png,476_AM_Chest_AP55.png,1,1.0000
476_AM_Chest_AP59.png,476_AM_Chest_AP53.png,1,1.0000
476_AM_Chest_AP59.png,476_AM_Chest_AP52.png,1,1.0000
476_AM_Chest_AP47.png,476_AM_Chest_AP50.png,1,1.0000
476_AM_Chest_AP47.png,476_AM_Chest_AP54.png,1,1.0000
476_AM_Chest_AP47.png,476_AM_Chest_AP62.png,1,1.0000
476_AM_Chest_AP47.png,476_AM_Chest_AP46.png,1,1.0000
476_AM_Chest_AP47.png,476_AM_Chest_AP51.png,1,1.0000
476_AM_Chest_AP47.png,476_AM_Chest_AP60.png,1,1.0000
476_AM_Chest_AP47.png,476_AM_Chest_AP49.png,1,1.0000
476_AM_Chest_AP47.png,476_AM_Chest_AP56.png,1,1.0000
476_AM_Chest_AP47.png,476_AM_Chest_AP55.png,1,1.0000
476_AM_Chest_AP47.png,476_AM_Chest_AP53.png,1,1.0000
476_AM_Chest_AP47.png,476_AM_Chest_AP52.png,1,1.0000
476_AM_Chest_AP50.png,476_AM_Chest_AP54.png,1,1.0000
476_AM_Chest_AP50.png,476_AM_Chest_AP62.png,1,1.0000
476_AM_Chest_AP50.png,476_AM_Chest_AP46.png,1,1.0000
476_AM_Chest_AP50.png,476_AM_Chest_AP51.png,1,1.0000
476_AM_Chest_AP50.png,476_AM_Chest_AP60.png,1,1.0000
476_AM_Chest_AP50.png,476_AM_Chest_AP49.png,1,1.0000
476_AM_Chest_AP50.png,476_AM_Chest_AP56.png,1,1.0000
476_AM_Chest_AP50.png,476_AM_Chest_AP55.png,1,1.0000
476_AM_Chest_AP50.png,476_AM_Chest_AP53.png,1,1.0000
476_AM_Chest_AP50.png,476_AM_Chest_AP52.png,1,1.0000
476_AM_Chest_AP54.png,476_AM_Chest_AP62.png,1,1.0000
476_AM_Chest_AP54.png,476_AM_Chest_AP46.png,1,1.0000
476_AM_Chest_AP54.png,476_AM_Chest_AP51.png,1,1.0000
476_AM_Chest_AP54.png,476_AM_Chest_AP60.png,1,1.0000
476_AM_Chest_AP54.png,476_AM_Chest_AP49.png,1,1.0000
476_AM_Chest_AP54.png,476_AM_Chest_AP56.png,1,1.0000
476_AM_Chest_AP54.png,476_AM_Chest_AP55.png,1,1.0000
476_AM_Chest_AP54.png,476_AM_Chest_AP53.png,1,1.0000
476_AM_Chest_AP54.png,476_AM_Chest_AP52.png,1,1.0000
476_AM_Chest_AP62.png,476_AM_Chest_AP46.png,1,1.0000
476_AM_Chest_AP62.png,476_AM_Chest_AP51.png,1,1.0000
476_AM_Chest_AP62.png,476_AM_Chest_AP60.png,1,1.0000
476_AM_Chest_AP62.png,476_AM_Chest_AP49.png,1,1.0000
476_AM_Chest_AP62.png,476_AM_Chest_AP56.png,1,1.0000
476_AM_Chest_AP62.png,476_AM_Chest_AP55.png,1,1.0000
476_AM_Chest_AP62.png,476_AM_Chest_AP53.png,1,1.0000
476_AM_Chest_AP62.png,476_AM_Chest_AP52.png,1,1.0000
476_AM_Chest_AP46.png,476_AM_Chest_AP51.png,1,1.0000
476_AM_Chest_AP46.png,476_AM_Chest_AP60.png,1,1.0000
476_AM_Chest_AP46.png,476_AM_Chest_AP49.png,1,1.0000
476_AM_Chest_AP46.png,476_AM_Chest_AP56.png,1,1.0000
476_AM_Chest_AP46.png,476_AM_Chest_AP55.png,1,1.0000
476_AM_Chest_AP46.png,476_AM_Chest_AP53.png,1,1.0000
476_AM_Chest_AP46.png,476_AM_Chest_AP52.png,1,1.0000
476_AM_Chest_AP51.png,476_AM_Chest_AP60.png,1,1.0000
476_AM_Chest_AP51.png,476_AM_Chest_AP49.png,1,1.0000
476_AM_Chest_AP51.png,476_AM_Chest_AP56.png,1,1.0000
476_AM_Chest_AP51.png,476_AM_Chest_AP55.png,1,1.0000
476_AM_Chest_AP51.png,476_AM_Chest_AP53.png,1,1.0000
476_AM_Chest_AP51.png,476_AM_Chest_AP52.png,1,1.0000
476_AM_Chest_AP60.png,476_AM_Chest_AP49.png,1,1.0000
476_AM_Chest_AP60.png,476_AM_Chest_AP56.png,1,1.0000
476_AM_Chest_AP60.png,476_AM_Chest_AP55.png,1,1.0000
476_AM_Chest_AP60.png,476_AM_Chest_AP53.png,1,1.0000
476_AM_Chest_AP60.png,476_AM_Chest_AP52.png,1,1.0000
476_AM_Chest_AP49.png,476_AM_Chest_AP56.png,1,1.0000
476_AM_Chest_AP49.png,476_AM_Chest_AP55.png,1,1.0000
476_AM_Chest_AP49.png,476_AM_Chest_AP53.png,1,1.0000
476_AM_Chest_AP49.png,476_AM_Chest_AP52.png,1,1.0000
476_AM_Chest_AP56.png,476_AM_Chest_AP55.png,1,1.0000
476_AM_Chest_AP56.png,476_AM_Chest_AP53.png,1,1.0000
476_AM_Chest_AP56.png,476_AM_Chest_AP52.png,1,1.0000
476_AM_Chest_AP55.png,476_AM_Chest_AP53.png,1,1.0000
476_AM_Chest_AP55.png,476_AM_Chest_AP52.png,1,1.0000
476_AM_Chest_AP53.png,476_AM_Chest_AP52.png,1,1.0000
1299_AM_Chest_AP6.png,1299_AM_Chest_AP5.png,1,1.0000
1299_AM_Chest_AP6.png,1299_AM_Chest_AP8.png,1,1.0000
1299_AM_Chest_AP5.png,1299_AM_Chest_AP8.png,1,1.0000
1349_AM_Chest_AP3.png,1349_PM_Chest_AP4.png,1,0.0001
162_AM_Chest_AP10.png,162_AM_Chest_AP11.png,1,0.0702
162_AM_Chest_AP10.png,162_AM_Chest_AP9.png,1,1.0000
162_AM_Chest_AP11.png,162_AM_Chest_AP9.png,1,0.0702
1188_AM_Chest_AP5.png,1188_AM_Chest_AP6.png,1,0.0042
1075_AM_Chest_AP10.png,1075_AM_Chest_AP11.png,1,1.0000
1075_AM_Chest_AP10.png,1075_AM_Chest_AP12.png,1,1.0000
1075_AM_Chest_AP10.png,1075_AM_Chest_AP13.png,1,1.0000
1075_AM_Chest_AP11.png,1075_AM_Chest_AP12.png,1,1.0000
1075_AM_Chest_AP11.png,1075_AM_Chest_AP13.png,1,1.0000
1075_AM_Chest_AP12.png,1075_AM_Chest_AP13.png,1,1.0000
856_AM_Chest_AP10.png,856_AM_Chest_AP9.png,1,1.0000
856_AM_Chest_AP10.png,856_AM_Chest_AP8.png,1,1.0000
856_AM_Chest_AP9.png,856_AM_Chest_AP8.png,1,1.0000
905_AM_Chest_AP14.png,905_AM_Chest_AP15.png,1,1.0000
905_AM_Chest_AP14.png,905_AM_Chest_AP16.png,1,1.0000
905_AM_Chest_AP14.png,905_AM_Chest_AP13.png,1,1.0000
905_AM_Chest_AP14.png,905_AM_Chest_AP12.png,1,1.0000
905_AM_Chest_AP15.png,905_AM_Chest_AP16.png,1,1.0000
905_AM_Chest_AP15.png,905_AM_Chest_AP13.png,1,1.0000
905_AM_Chest_AP15.png,905_AM_Chest_AP12.png,1,1.0000
905_AM_Chest_AP16.png,905_AM_Chest_AP13.png,1,1.0000
905_AM_Chest_AP16.png,905_AM_Chest_AP12.png,1,1.0000
905_AM_Chest_AP13.png,905_AM_Chest_AP12.png,1,1.0000
933_AM_Chest_AP5.png,933_AM_Chest_AP4.png,1,0.0129
492_AM_Chest_AP6.png,492_AM_Chest_AP7.png,1,1.0000
492_AM_Chest_AP6.png,492_AM_Chest_AP5.png,1,1.0000
492_AM_Chest_AP7.png,492_AM_Chest_AP5.png,1,1.0000
1134_AM_Chest_AP3.png,1134_AM_Chest_AP4.png,1,0.0277
923_AM_Chest_AP6.png,923_AM_Chest_AP8.png,1,1.0000
923_AM_Chest_AP6.png,923_AM_Chest_AP5.png,1,1.0000
923_AM_Chest_AP8.png,923_AM_Chest_AP5.png,1,1.0000
939_AM_Chest_AP8.png,939_AM_Chest_AP10.png,1,1.0000
939_AM_Chest_AP8.png,939_AM_Chest_AP12.png,1,0.9995
939_AM_Chest_AP8.png,939_AM_Chest_AP9.png,1,1.0000
939_AM_Chest_AP10.png,939_AM_Chest_AP12.png,1,0.9995
939_AM_Chest_AP10.png,939_AM_Chest_AP9.png,1,1.0000
939_AM_Chest_AP12.png,939_AM_Chest_AP9.png,1,0.9995
962_AM_Chest_AP13.png,962_AM_Chest_AP12.png,1,1.0000
962_AM_Chest_AP13.png,962_AM_Chest_AP10.png,1,0.3265
962_AM_Chest_AP13.png,962_AM_Chest_AP11.png,1,0.0707
962_AM_Chest_AP12.png,962_AM_Chest_AP10.png,1,0.3265
962_AM_Chest_AP12.png,962_AM_Chest_AP11.png,1,0.0707
962_AM_Chest_AP10.png,962_AM_Chest_AP11.png,1,0.2656
813_AM_Chest_AP5.png,813_AM_Chest_AP6.png,1,1.0000
813_AM_Chest_AP5.png,813_AM_Chest_AP7.png,1,0.0006
813_AM_Chest_AP6.png,813_AM_Chest_AP7.png,1,0.0006
1124_AM_Chest_AP5.png,1124_AM_Chest_AP6.png,1,1.0000
1020_AM_Chest_AP3.png,1020_AM_Chest_AP4.png,1,1.0000
966_AM_Chest_AP57.png,966_AM_Chest_AP54.png,1,1.0000
966_AM_Chest_AP57.png,966_AM_Chest_AP45.png,1,1.0000
966_AM_Chest_AP57.png,966_AM_Chest_AP47.png,1,1.0000
966_AM_Chest_AP57.png,966_AM_Chest_AP42.png,1,1.0000
966_AM_Chest_AP57.png,966_AM_Chest_AP46.png,1,1.0000
966_AM_Chest_AP57.png,966_AM_Chest_AP43.png,1,1.0000
966_AM_Chest_AP57.png,966_AM_Chest_AP51.png,1,1.0000
966_AM_Chest_AP57.png,966_AM_Chest_AP44.png,1,1.0000
966_AM_Chest_AP57.png,966_AM_Chest_AP48.png,1,1.0000
966_AM_Chest_AP57.png,966_AM_Chest_AP61.png,1,1.0000
966_AM_Chest_AP57.png,966_AM_Chest_AP52.png,1,1.0000
966_AM_Chest_AP57.png,966_AM_Chest_AP55.png,1,0.9997
966_AM_Chest_AP57.png,966_AM_Chest_AP56.png,1,0.9975
966_AM_Chest_AP57.png,966_AM_Chest_AP41.png,1,1.0000
966_AM_Chest_AP57.png,966_AM_Chest_AP50.png,1,1.0000
966_AM_Chest_AP57.png,966_AM_Chest_AP49.png,1,1.0000
966_AM_Chest_AP57.png,966_AM_Chest_AP60.png,1,1.0000
966_AM_Chest_AP54.png,966_AM_Chest_AP45.png,1,1.0000
966_AM_Chest_AP54.png,966_AM_Chest_AP47.png,1,1.0000
966_AM_Chest_AP54.png,966_AM_Chest_AP42.png,1,1.0000
966_AM_Chest_AP54.png,966_AM_Chest_AP46.png,1,1.0000
966_AM_Chest_AP54.png,966_AM_Chest_AP43.png,1,1.0000
966_AM_Chest_AP54.png,966_AM_Chest_AP51.png,1,1.0000
966_AM_Chest_AP54.png,966_AM_Chest_AP44.png,1,1.0000
966_AM_Chest_AP54.png,966_AM_Chest_AP48.png,1,1.0000
966_AM_Chest_AP54.png,966_AM_Chest_AP61.png,1,1.0000
966_AM_Chest_AP54.png,966_AM_Chest_AP52.png,1,1.0000
966_AM_Chest_AP54.png,966_AM_Chest_AP55.png,1,0.9997
966_AM_Chest_AP54.png,966_AM_Chest_AP56.png,1,0.9975
966_AM_Chest_AP54.png,966_AM_Chest_AP41.png,1,1.0000
966_AM_Chest_AP54.png,966_AM_Chest_AP50.png,1,1.0000
966_AM_Chest_AP54.png,966_AM_Chest_AP49.png,1,1.0000
966_AM_Chest_AP54.png,966_AM_Chest_AP60.png,1,1.0000
966_AM_Chest_AP45.png,966_AM_Chest_AP47.png,1,1.0000
966_AM_Chest_AP45.png,966_AM_Chest_AP42.png,1,1.0000
966_AM_Chest_AP45.png,966_AM_Chest_AP46.png,1,1.0000
966_AM_Chest_AP45.png,966_AM_Chest_AP43.png,1,1.0000
966_AM_Chest_AP45.png,966_AM_Chest_AP51.png,1,1.0000
966_AM_Chest_AP45.png,966_AM_Chest_AP44.png,1,1.0000
966_AM_Chest_AP45.png,966_AM_Chest_AP48.png,1,1.0000
966_AM_Chest_AP45.png,966_AM_Chest_AP61.png,1,1.0000
966_AM_Chest_AP45.png,966_AM_Chest_AP52.png,1,1.0000
966_AM_Chest_AP45.png,966_AM_Chest_AP55.png,1,0.9997
966_AM_Chest_AP45.png,966_AM_Chest_AP56.png,1,0.9975
966_AM_Chest_AP45.png,966_AM_Chest_AP41.png,1,1.0000
966_AM_Chest_AP45.png,966_AM_Chest_AP50.png,1,1.0000
966_AM_Chest_AP45.png,966_AM_Chest_AP49.png,1,1.0000
966_AM_Chest_AP45.png,966_AM_Chest_AP60.png,1,1.0000
966_AM_Chest_AP47.png,966_AM_Chest_AP42.png,1,1.0000
966_AM_Chest_AP47.png,966_AM_Chest_AP46.png,1,1.0000
966_AM_Chest_AP47.png,966_AM_Chest_AP43.png,1,1.0000
966_AM_Chest_AP47.png,966_AM_Chest_AP51.png,1,1.0000
966_AM_Chest_AP47.png,966_AM_Chest_AP44.png,1,1.0000
966_AM_Chest_AP47.png,966_AM_Chest_AP48.png,1,1.0000
966_AM_Chest_AP47.png,966_AM_Chest_AP61.png,1,1.0000
966_AM_Chest_AP47.png,966_AM_Chest_AP52.png,1,1.0000
966_AM_Chest_AP47.png,966_AM_Chest_AP55.png,1,0.9997
966_AM_Chest_AP47.png,966_AM_Chest_AP56.png,1,0.9975
966_AM_Chest_AP47.png,966_AM_Chest_AP41.png,1,1.0000
966_AM_Chest_AP47.png,966_AM_Chest_AP50.png,1,1.0000
966_AM_Chest_AP47.png,966_AM_Chest_AP49.png,1,1.0000
966_AM_Chest_AP47.png,966_AM_Chest_AP60.png,1,1.0000
966_AM_Chest_AP42.png,966_AM_Chest_AP46.png,1,1.0000
966_AM_Chest_AP42.png,966_AM_Chest_AP43.png,1,1.0000
966_AM_Chest_AP42.png,966_AM_Chest_AP51.png,1,1.0000
966_AM_Chest_AP42.png,966_AM_Chest_AP44.png,1,1.0000
966_AM_Chest_AP42.png,966_AM_Chest_AP48.png,1,1.0000
966_AM_Chest_AP42.png,966_AM_Chest_AP61.png,1,1.0000
966_AM_Chest_AP42.png,966_AM_Chest_AP52.png,1,1.0000
966_AM_Chest_AP42.png,966_AM_Chest_AP55.png,1,0.9997
966_AM_Chest_AP42.png,966_AM_Chest_AP56.png,1,0.9975
966_AM_Chest_AP42.png,966_AM_Chest_AP41.png,1,1.0000
966_AM_Chest_AP42.png,966_AM_Chest_AP50.png,1,1.0000
966_AM_Chest_AP42.png,966_AM_Chest_AP49.png,1,1.0000
966_AM_Chest_AP42.png,966_AM_Chest_AP60.png,1,1.0000
966_AM_Chest_AP46.png,966_AM_Chest_AP43.png,1,1.0000
966_AM_Chest_AP46.png,966_AM_Chest_AP51.png,1,1.0000
966_AM_Chest_AP46.png,966_AM_Chest_AP44.png,1,1.0000
966_AM_Chest_AP46.png,966_AM_Chest_AP48.png,1,1.0000
966_AM_Chest_AP46.png,966_AM_Chest_AP61.png,1,1.0000
966_AM_Chest_AP46.png,966_AM_Chest_AP52.png,1,1.0000
966_AM_Chest_AP46.png,966_AM_Chest_AP55.png,1,0.9997
966_AM_Chest_AP46.png,966_AM_Chest_AP56.png,1,0.9975
966_AM_Chest_AP46.png,966_AM_Chest_AP41.png,1,1.0000
966_AM_Chest_AP46.png,966_AM_Chest_AP50.png,1,1.0000
966_AM_Chest_AP46.png,966_AM_Chest_AP49.png,1,1.0000
966_AM_Chest_AP46.png,966_AM_Chest_AP60.png,1,1.0000
966_AM_Chest_AP43.png,966_AM_Chest_AP51.png,1,1.0000
966_AM_Chest_AP43.png,966_AM_Chest_AP44.png,1,1.0000
966_AM_Chest_AP43.png,966_AM_Chest_AP48.png,1,1.0000
966_AM_Chest_AP43.png,966_AM_Chest_AP61.png,1,1.0000
966_AM_Chest_AP43.png,966_AM_Chest_AP52.png,1,1.0000
966_AM_Chest_AP43.png,966_AM_Chest_AP55.png,1,0.9997
966_AM_Chest_AP43.png,966_AM_Chest_AP56.png,1,0.9975
966_AM_Chest_AP43.png,966_AM_Chest_AP41.png,1,1.0000
966_AM_Chest_AP43.png,966_AM_Chest_AP50.png,1,1.0000
966_AM_Chest_AP43.png,966_AM_Chest_AP49.png,1,1.0000
966_AM_Chest_AP43.png,966_AM_Chest_AP60.png,1,1.0000
966_AM_Chest_AP51.png,966_AM_Chest_AP44.png,1,1.0000
966_AM_Chest_AP51.png,966_AM_Chest_AP48.png,1,1.0000
966_AM_Chest_AP51.png,966_AM_Chest_AP61.png,1,1.0000
966_AM_Chest_AP51.png,966_AM_Chest_AP52.png,1,1.0000
966_AM_Chest_AP51.png,966_AM_Chest_AP55.png,1,0.9997
966_AM_Chest_AP51.png,966_AM_Chest_AP56.png,1,0.9975
966_AM_Chest_AP51.png,966_AM_Chest_AP41.png,1,1.0000
966_AM_Chest_AP51.png,966_AM_Chest_AP50.png,1,1.0000
966_AM_Chest_AP51.png,966_AM_Chest_AP49.png,1,1.0000
966_AM_Chest_AP51.png,966_AM_Chest_AP60.png,1,1.0000
966_AM_Chest_AP44.png,966_AM_Chest_AP48.png,1,1.0000
966_AM_Chest_AP44.png,966_AM_Chest_AP61.png,1,1.0000
966_AM_Chest_AP44.png,966_AM_Chest_AP52.png,1,1.0000
966_AM_Chest_AP44.png,966_AM_Chest_AP55.png,1,0.9997
966_AM_Chest_AP44.png,966_AM_Chest_AP56.png,1,0.9975
966_AM_Chest_AP44.png,966_AM_Chest_AP41.png,1,1.0000
966_AM_Chest_AP44.png,966_AM_Chest_AP50.png,1,1.0000
966_AM_Chest_AP44.png,966_AM_Chest_AP49.png,1,1.0000
966_AM_Chest_AP44.png,966_AM_Chest_AP60.png,1,1.0000
966_AM_Chest_AP48.png,966_AM_Chest_AP61.png,1,1.0000
966_AM_Chest_AP48.png,966_AM_Chest_AP52.png,1,1.0000
966_AM_Chest_AP48.png,966_AM_Chest_AP55.png,1,0.9997
966_AM_Chest_AP48.png,966_AM_Chest_AP56.png,1,0.9975
966_AM_Chest_AP48.png,966_AM_Chest_AP41.png,1,1.0000
966_AM_Chest_AP48.png,966_AM_Chest_AP50.png,1,1.0000
966_AM_Chest_AP48.png,966_AM_Chest_AP49.png,1,1.0000
966_AM_Chest_AP48.png,966_AM_Chest_AP60.png,1,1.0000
966_AM_Chest_AP61.png,966_AM_Chest_AP52.png,1,1.0000
966_AM_Chest_AP61.png,966_AM_Chest_AP55.png,1,0.9997
966_AM_Chest_AP61.png,966_AM_Chest_AP56.png,1,0.9975
966_AM_Chest_AP61.png,966_AM_Chest_AP41.png,1,1.0000
966_AM_Chest_AP61.png,966_AM_Chest_AP50.png,1,1.0000
966_AM_Chest_AP61.png,966_AM_Chest_AP49.png,1,1.0000
966_AM_Chest_AP61.png,966_AM_Chest_AP60.png,1,1.0000
966_AM_Chest_AP52.png,966_AM_Chest_AP55.png,1,0.9997
966_AM_Chest_AP52.png,966_AM_Chest_AP56.png,1,0.9975
966_AM_Chest_AP52.png,966_AM_Chest_AP41.png,1,1.0000
966_AM_Chest_AP52.png,966_AM_Chest_AP50.png,1,1.0000
966_AM_Chest_AP52.png,966_AM_Chest_AP49.png,1,1.0000
966_AM_Chest_AP52.png,966_AM_Chest_AP60.png,1,1.0000
966_AM_Chest_AP55.png,966_AM_Chest_AP56.png,1,0.9972
966_AM_Chest_AP55.png,966_AM_Chest_AP41.png,1,0.9997
966_AM_Chest_AP55.png,966_AM_Chest_AP50.png,1,0.9997
966_AM_Chest_AP55.png,966_AM_Chest_AP49.png,1,0.9997
966_AM_Chest_AP55.png,966_AM_Chest_AP60.png,1,0.9997
966_AM_Chest_AP56.png,966_AM_Chest_AP41.png,1,0.9975
966_AM_Chest_AP56.png,966_AM_Chest_AP50.png,1,0.9975
966_AM_Chest_AP56.png,966_AM_Chest_AP49.png,1,0.9975
966_AM_Chest_AP56.png,966_AM_Chest_AP60.png,1,0.9975
966_AM_Chest_AP41.png,966_AM_Chest_AP50.png,1,1.0000
966_AM_Chest_AP41.png,966_AM_Chest_AP49.png,1,1.0000
966_AM_Chest_AP41.png,966_AM_Chest_AP60.png,1,1.0000
966_AM_Chest_AP50.png,966_AM_Chest_AP49.png,1,1.0000
966_AM_Chest_AP50.png,966_AM_Chest_AP60.png,1,1.0000
966_AM_Chest_AP49.png,966_AM_Chest_AP60.png,1,1.0000
1034_AM_Chest_AP4.png,1034_AM_Chest_AP3.png,1,0.8079
901_AM_Chest_AP9.png,901_AM_Chest_AP7.png,1,1.0000
901_AM_Chest_AP9.png,901_AM_Chest_AP8.png,1,1.0000
901_AM_Chest_AP7.png,901_AM_Chest_AP8.png,1,1.0000
182_AM_Chest_AP6.png,182_AM_Chest_AP5.png,1,1.0000
699_AM_Chest_AP13.png,699_AM_Chest_AP15.png,1,1.0000
699_AM_Chest_AP13.png,699_AM_Chest_AP14.png,1,1.0000
699_AM_Chest_AP13.png,699_AM_Chest_AP12.png,1,1.0000
699_AM_Chest_AP13.png,699_AM_Chest_AP16.png,1,1.0000
699_AM_Chest_AP15.png,699_AM_Chest_AP14.png,1,1.0000
699_AM_Chest_AP15.png,699_AM_Chest_AP12.png,1,1.0000
699_AM_Chest_AP15.png,699_AM_Chest_AP16.png,1,1.0000
699_AM_Chest_AP14.png,699_AM_Chest_AP12.png,1,1.0000
699_AM_Chest_AP14.png,699_AM_Chest_AP16.png,1,1.0000
699_AM_Chest_AP12.png,699_AM_Chest_AP16.png,1,1.0000
674_AM_Chest_AP4.png,674_AM_Chest_AP3.png,1,0.0007
1205_AM_Chest_AP20.png,1205_AM_Chest_AP19.png,1,0.9998
1205_AM_Chest_AP20.png,1205_AM_Chest_AP17.png,1,0.0164
1205_AM_Chest_AP20.png,1205_AM_Chest_AP21.png,1,0.9998
1205_AM_Chest_AP20.png,1205_AM_Chest_AP22.png,1,0.9998
1205_AM_Chest_AP20.png,1205_AM_Chest_AP18.png,1,0.0066
1205_AM_Chest_AP19.png,1205_AM_Chest_AP17.png,1,0.0156
1205_AM_Chest_AP19.png,1205_AM_Chest_AP21.png,1,1.0000
1205_AM_Chest_AP19.png,1205_AM_Chest_AP22.png,1,1.0000
1205_AM_Chest_AP19.png,1205_AM_Chest_AP18.png,1,0.0041
1205_AM_Chest_AP17.png,1205_AM_Chest_AP21.png,1,0.0157
1205_AM_Chest_AP17.png,1205_AM_Chest_AP22.png,1,0.0157
1205_AM_Chest_AP17.png,1205_AM_Chest_AP18.png,1,0.0268
1205_AM_Chest_AP21.png,1205_AM_Chest_AP22.png,1,1.0000
1205_AM_Chest_AP21.png,1205_AM_Chest_AP18.png,1,0.0044
1205_AM_Chest_AP22.png,1205_AM_Chest_AP18.png,1,0.0042
1160_AM_Chest_AP4.png,1160_AM_Chest_AP3.png,1,0.1040
165_AM_Chest_AP5.png,165_AM_Chest_AP4.png,1,1.0000
498_AM_Chest_AP55.png,498_AM_Chest_AP58.png,1,1.0000
498_AM_Chest_AP55.png,498_AM_Chest_AP48.png,1,1.0000
498_AM_Chest_AP55.png,498_AM_Chest_AP47.png,1,1.0000
498_AM_Chest_AP55.png,498_AM_Chest_AP61.png,1,1.0000
498_AM_Chest_AP55.png,498_AM_Chest_AP52.png,1,1.0000
498_AM_Chest_AP55.png,498_AM_Chest_AP54.png,1,1.0000
498_AM_Chest_AP55.png,498_AM_Chest_AP49.png,1,1.0000
498_AM_Chest_AP55.png,498_AM_Chest_AP56.png,1,1.0000
498_AM_Chest_AP55.png,498_AM_Chest_AP60.png,1,1.0000
498_AM_Chest_AP55.png,498_AM_Chest_AP44.png,1,1.0000
498_AM_Chest_AP55.png,498_AM_Chest_AP43.png,1,1.0000
498_AM_Chest_AP55.png,498_AM_Chest_AP59.png,1,1.0000
498_AM_Chest_AP55.png,498_AM_Chest_AP57.png,1,1.0000
498_AM_Chest_AP55.png,498_AM_Chest_AP53.png,1,1.0000
498_AM_Chest_AP55.png,498_AM_Chest_AP51.png,1,1.0000
498_AM_Chest_AP58.png,498_AM_Chest_AP48.png,1,1.0000
498_AM_Chest_AP58.png,498_AM_Chest_AP47.png,1,1.0000
498_AM_Chest_AP58.png,498_AM_Chest_AP61.png,1,1.0000
498_AM_Chest_AP58.png,498_AM_Chest_AP52.png,1,1.0000
498_AM_Chest_AP58.png,498_AM_Chest_AP54.png,1,1.0000
498_AM_Chest_AP58.png,498_AM_Chest_AP49.png,1,1.0000
498_AM_Chest_AP58.png,498_AM_Chest_AP56.png,1,1.0000
498_AM_Chest_AP58.png,498_AM_Chest_AP60.png,1,1.0000
498_AM_Chest_AP58.png,498_AM_Chest_AP44.png,1,1.0000
498_AM_Chest_AP58.png,498_AM_Chest_AP43.png,1,1.0000
498_AM_Chest_AP58.png,498_AM_Chest_AP59.png,1,1.0000
498_AM_Chest_AP58.png,498_AM_Chest_AP57.png,1,1.0000
498_AM_Chest_AP58.png,498_AM_Chest_AP53.png,1,1.0000
498_AM_Chest_AP58.png,498_AM_Chest_AP51.png,1,1.0000
498_AM_Chest_AP48.png,498_AM_Chest_AP47.png,1,1.0000
498_AM_Chest_AP48.png,498_AM_Chest_AP61.png,1,1.0000
498_AM_Chest_AP48.png,498_AM_Chest_AP52.png,1,1.0000
498_AM_Chest_AP48.png,498_AM_Chest_AP54.png,1,1.0000
498_AM_Chest_AP48.png,498_AM_Chest_AP49.png,1,1.0000
498_AM_Chest_AP48.png,498_AM_Chest_AP56.png,1,1.0000
498_AM_Chest_AP48.png,498_AM_Chest_AP60.png,1,1.0000
498_AM_Chest_AP48.png,498_AM_Chest_AP44.png,1,1.0000
498_AM_Chest_AP48.png,498_AM_Chest_AP43.png,1,1.0000
498_AM_Chest_AP48.png,498_AM_Chest_AP59.png,1,1.0000
498_AM_Chest_AP48.png,498_AM_Chest_AP57.png,1,1.0000
498_AM_Chest_AP48.png,498_AM_Chest_AP53.png,1,1.0000
498_AM_Chest_AP48.png,498_AM_Chest_AP51.png,1,1.0000
498_AM_Chest_AP47.png,498_AM_Chest_AP61.png,1,1.0000
498_AM_Chest_AP47.png,498_AM_Chest_AP52.png,1,1.0000
498_AM_Chest_AP47.png,498_AM_Chest_AP54.png,1,1.0000
498_AM_Chest_AP47.png,498_AM_Chest_AP49.png,1,1.0000
498_AM_Chest_AP47.png,498_AM_Chest_AP56.png,1,1.0000
498_AM_Chest_AP47.png,498_AM_Chest_AP60.png,1,1.0000
498_AM_Chest_AP47.png,498_AM_Chest_AP44.png,1,1.0000
498_AM_Chest_AP47.png,498_AM_Chest_AP43.png,1,1.0000
498_AM_Chest_AP47.png,498_AM_Chest_AP59.png,1,1.0000
498_AM_Chest_AP47.png,498_AM_Chest_AP57.png,1,1.0000
498_AM_Chest_AP47.png,498_AM_Chest_AP53.png,1,1.0000
498_AM_Chest_AP47.png,498_AM_Chest_AP51.png,1,1.0000
498_AM_Chest_AP61.png,498_AM_Chest_AP52.png,1,1.0000
498_AM_Chest_AP61.png,498_AM_Chest_AP54.png,1,1.0000
498_AM_Chest_AP61.png,498_AM_Chest_AP49.png,1,1.0000
498_AM_Chest_AP61.png,498_AM_Chest_AP56.png,1,1.0000
498_AM_Chest_AP61.png,498_AM_Chest_AP60.png,1,1.0000
498_AM_Chest_AP61.png,498_AM_Chest_AP44.png,1,1.0000
498_AM_Chest_AP61.png,498_AM_Chest_AP43.png,1,1.0000
498_AM_Chest_AP61.png,498_AM_Chest_AP59.png,1,1.0000
498_AM_Chest_AP61.png,498_AM_Chest_AP57.png,1,1.0000
498_AM_Chest_AP61.png,498_AM_Chest_AP53.png,1,1.0000
498_AM_Chest_AP61.png,498_AM_Chest_AP51.png,1,1.0000
498_AM_Chest_AP52.png,498_AM_Chest_AP54.png,1,1.0000
498_AM_Chest_AP52.png,498_AM_Chest_AP49.png,1,1.0000
498_AM_Chest_AP52.png,498_AM_Chest_AP56.png,1,1.0000
498_AM_Chest_AP52.png,498_AM_Chest_AP60.png,1,1.0000
498_AM_Chest_AP52.png,498_AM_Chest_AP44.png,1,1.0000
498_AM_Chest_AP52.png,498_AM_Chest_AP43.png,1,1.0000
498_AM_Chest_AP52.png,498_AM_Chest_AP59.png,1,1.0000
498_AM_Chest_AP52.png,498_AM_Chest_AP57.png,1,1.0000
498_AM_Chest_AP52.png,498_AM_Chest_AP53.png,1,1.0000
498_AM_Chest_AP52.png,498_AM_Chest_AP51.png,1,1.0000
498_AM_Chest_AP54.png,498_AM_Chest_AP49.png,1,1.0000
498_AM_Chest_AP54.png,498_AM_Chest_AP56.png,1,1.0000
498_AM_Chest_AP54.png,498_AM_Chest_AP60.png,1,1.0000
498_AM_Chest_AP54.png,498_AM_Chest_AP44.png,1,1.0000
498_AM_Chest_AP54.png,498_AM_Chest_AP43.png,1,1.0000
498_AM_Chest_AP54.png,498_AM_Chest_AP59.png,1,1.0000
498_AM_Chest_AP54.png,498_AM_Chest_AP57.png,1,1.0000
498_AM_Chest_AP54.png,498_AM_Chest_AP53.png,1,1.0000
498_AM_Chest_AP54.png,498_AM_Chest_AP51.png,1,1.0000
498_AM_Chest_AP49.png,498_AM_Chest_AP56.png,1,1.0000
498_AM_Chest_AP49.png,498_AM_Chest_AP60.png,1,1.0000
498_AM_Chest_AP49.png,498_AM_Chest_AP44.png,1,1.0000
498_AM_Chest_AP49.png,498_AM_Chest_AP43.png,1,1.0000
498_AM_Chest_AP49.png,498_AM_Chest_AP59.png,1,1.0000
498_AM_Chest_AP49.png,498_AM_Chest_AP57.png,1,1.0000
498_AM_Chest_AP49.png,498_AM_Chest_AP53.png,1,1.0000
498_AM_Chest_AP49.png,498_AM_Chest_AP51.png,1,1.0000
498_AM_Chest_AP56.png,498_AM_Chest_AP60.png,1,1.0000
498_AM_Chest_AP56.png,498_AM_Chest_AP44.png,1,1.0000
498_AM_Chest_AP56.png,498_AM_Chest_AP43.png,1,1.0000
498_AM_Chest_AP56.png,498_AM_Chest_AP59.png,1,1.0000
498_AM_Chest_AP56.png,498_AM_Chest_AP57.png,1,1.0000
498_AM_Chest_AP56.png,498_AM_Chest_AP53.png,1,1.0000
498_AM_Chest_AP56.png,498_AM_Chest_AP51.png,1,1.0000
498_AM_Chest_AP60.png,498_AM_Chest_AP44.png,1,1.0000
498_AM_Chest_AP60.png,498_AM_Chest_AP43.png,1,1.0000
498_AM_Chest_AP60.png,498_AM_Chest_AP59.png,1,1.0000
498_AM_Chest_AP60.png,498_AM_Chest_AP57.png,1,1.0000
498_AM_Chest_AP60.png,498_AM_Chest_AP53.png,1,1.0000
498_AM_Chest_AP60.png,498_AM_Chest_AP51.png,1,1.0000
498_AM_Chest_AP44.png,498_AM_Chest_AP43.png,1,1.0000
498_AM_Chest_AP44.png,498_AM_Chest_AP59.png,1,1.0000
498_AM_Chest_AP44.png,498_AM_Chest_AP57.png,1,1.0000
498_AM_Chest_AP44.png,498_AM_Chest_AP53.png,1,1.0000
498_AM_Chest_AP44.png,498_AM_Chest_AP51.png,1,1.0000
498_AM_Chest_AP43.png,498_AM_Chest_AP59.png,1,1.0000
498_AM_Chest_AP43.png,498_AM_Chest_AP57.png,1,1.0000
498_AM_Chest_AP43.png,498_AM_Chest_AP53.png,1,1.0000
498_AM_Chest_AP43.png,498_AM_Chest_AP51.png,1,1.0000
498_AM_Chest_AP59.png,498_AM_Chest_AP57.png,1,1.0000
498_AM_Chest_AP59.png,498_AM_Chest_AP53.png,1,1.0000
498_AM_Chest_AP59.png,498_AM_Chest_AP51.png,1,1.0000
498_AM_Chest_AP57.png,498_AM_Chest_AP53.png,1,1.0000
498_AM_Chest_AP57.png,498_AM_Chest_AP51.png,1,1.0000
498_AM_Chest_AP53.png,498_AM_Chest_AP51.png,1,1.0000
1245_AM_Chest_AP8.png,1245_AM_Chest_AP9.png,1,1.0000
1245_AM_Chest_AP8.png,1245_AM_Chest_AP7.png,1,0.6865
1245_AM_Chest_AP9.png,1245_AM_Chest_AP7.png,1,0.6865
1077_AM_Chest_AP5.png,1077_AM_Chest_AP3.png,1,0.9720
1356_PM_Chest_AP2.png,1356_AM_Chest_AP14.png,1,1.0000
1356_PM_Chest_AP2.png,1356_AM_Chest_AP15.png,1,1.0000
1356_PM_Chest_AP2.png,1356_AM_Chest_AP12.png,1,1.0000
1356_PM_Chest_AP2.png,1356_AM_Chest_AP13.png,1,1.0000
1356_PM_Chest_AP2.png,1356_PM_Chest_AP1.png,1,1.0000
1356_AM_Chest_AP14.png,1356_AM_Chest_AP15.png,1,1.0000
1356_AM_Chest_AP14.png,1356_AM_Chest_AP12.png,1,1.0000
1356_AM_Chest_AP14.png,1356_AM_Chest_AP13.png,1,1.0000
1356_AM_Chest_AP14.png,1356_PM_Chest_AP1.png,1,1.0000
1356_AM_Chest_AP15.png,1356_AM_Chest_AP12.png,1,1.0000
1356_AM_Chest_AP15.png,1356_AM_Chest_AP13.png,1,1.0000
1356_AM_Chest_AP15.png,1356_PM_Chest_AP1.png,1,1.0000
1356_AM_Chest_AP12.png,1356_AM_Chest_AP13.png,1,1.0000
1356_AM_Chest_AP12.png,1356_PM_Chest_AP1.png,1,1.0000
1356_AM_Chest_AP13.png,1356_PM_Chest_AP1.png,1,1.0000
1270_AM_Chest_AP8.png,1270_AM_Chest_AP10.png,1,1.0000
1270_AM_Chest_AP8.png,1270_AM_Chest_AP9.png,1,0.9810
1270_AM_Chest_AP10.png,1270_AM_Chest_AP9.png,1,0.9810
957_AM_Chest_AP12.png,957_AM_Chest_AP13.png,1,1.0000
957_AM_Chest_AP12.png,957_AM_Chest_AP14.png,1,1.0000
957_AM_Chest_AP12.png,957_AM_Chest_AP15.png,1,1.0000
957_AM_Chest_AP13.png,957_AM_Chest_AP14.png,1,1.0000
957_AM_Chest_AP13.png,957_AM_Chest_AP15.png,1,1.0000
957_AM_Chest_AP14.png,957_AM_Chest_AP15.png,1,1.0000
498_AM_Chest_AP58.png,1077_AM_Chest_AP3.png,0,0.0000
1206_AM_Chest_AP20.png,485_AM_Chest_AP23.png,0,0.0000
557_AM_Chest_AP6.png,1062_AM_Chest_AP7.png,0,0.0001
1324_AM_Chest_AP9.png,198_AM_Chest_AP4.png,0,0.0000
1086_AM_Chest_AP11.png,428_AM_Chest_AP2.png,0,0.0000
1336_AM_Chest_AP7.png,1201_AM_Chest_AP12.png,0,0.0000
1191_AM_Chest_AP5.png,969_AM_Chest_AP8.png,0,0.0000
1025_AM_Chest_AP8.png,162_AM_Chest_AP10.png,0,0.0000
1331_AM_Chest_AP11.png,476_AM_Chest_AP60.png,0,0.0000
579_AM_Chest_AP9.png,292_PM_Chest_AP1.png,0,0.0000
975_AM_Chest_AP13.png,1333_AM_Chest_AP5.png,0,0.0000
973_AM_Chest_AP16.png,858_AM_Chest_AP8.png,0,0.0000
937_AM_Chest_AP12.png,806_AM_Chest_AP4.png,0,0.0000
480_AM_Chest_AP2.png,912_AM_Chest_AP15.png,0,0.0001
390_AM_Chest_AP22.png,973_AM_Chest_AP15.png,0,0.0000
1016_AM_Chest_AP6.png,1146_AM_Chest_AP19.png,0,0.0000
1289_AM_Chest_AP46.png,024_PM_Chest_AP2.png,0,0.0000
1155_AM_Chest_AP26.png,912_AM_Chest_AP20.png,0,0.0000
1045_AM_Chest_AP4.png,1265_AM_Chest_AP8.png,0,0.0000
1263_AM_Chest_AP3.png,900_AM_Chest_AP10.png,0,0.0000
1195_AM_Chest_AP6.png,800_AM_Chest_AP11.png,0,0.0000
982_AM_Chest_AP13.png,1314_AM_Chest_AP24.png,0,0.0000
136_AM_Chest_AP9.png,1024_AM_Chest_AP16.png,0,0.0000
1341_PM_Chest_AP1.png,1345_PM_Chest_AP4.png,0,0.0276
1116_AM_Chest_AP4.png,677_AM_Chest_AP4.png,0,0.0000
1296_AM_Chest_AP54.png,1369_PM_Chest_AP1.png,0,0.0000
786_AM_Chest_AP25.png,917_AM_Chest_AP4.png,0,0.0000
760_PM_Chest_AP3.png,1028_AM_Chest_AP18.png,0,0.0000
386_AM_Chest_AP11.png,613_AM_Chest_AP22.png,0,0.0000
346_AM_Chest_AP4.png,1040_AM_Chest_AP4.png,0,0.0000
1055_AM_Chest_AP22.png,939_AM_Chest_AP9.png,0,0.0000
1314_AM_Chest_AP21.png,165_AM_Chest_AP4.png,0,0.0000
1259_AM_Chest_AP12.png,800_AM_Chest_AP15.png,0,0.0000
1111_AM_Chest_AP6.png,485_AM_Chest_AP23.png,0,0.0000
1209_AM_Chest_AP14.png,116_AM_Chest_AP16.png,0,0.0000
934_AM_Chest_AP6.png,162_AM_Chest_AP10.png,0,0.0000
1076_AM_Chest_AP3.png,1059_AM_Chest_AP10.png,0,0.0001
1071_AM_Chest_AP4.png,390_AM_Chest_AP27.png,0,0.0000
1046_AM_Chest_AP3.png,794_AM_Chest_AP6.png,0,0.0000
1362_PM_Chest_AP1.png,945_AM_Chest_AP24.png,0,0.0000
1236_AM_Chest_AP5.png,1021_AM_Chest_AP15.png,0,0.0000
1002_AM_Chest_AP6.png,898_AM_Chest_AP25.png,0,0.0000
1031_AM_Chest_AP15.png,811_AM_Chest_AP2.png,0,0.0000
195_AM_Chest_AP5.png,1364_PM_Chest_AP2.png,0,0.0000
163_AM_Chest_AP4.png,475_AM_Chest_AP11.png,0,0.0000
1038_AM_Chest_AP3.png,360_AM_Chest_AP3.png,0,0.0002
1178_AM_Chest_AP3.png,1328_AM_Chest_AP9.png,0,0.0000
440_AM_Chest_AP3.png,1246_AM_Chest_AP4.png,0,0.0000
932_AM_Chest_AP15.png,964_AM_Chest_AP15.png,0,0.0000
961_AM_Chest_AP10.png,1205_AM_Chest_AP20.png,0,0.0000
107_AM_Chest_AP22.png,1360_PM_Chest_AP7.png,0,0.0000
046_PM_Chest_AP1.png,322_AM_Chest_AP5.png,0,0.0000
976_AM_Chest_AP9.png,1294_AM_Chest_AP5.png,0,0.0000
1003_AM_Chest_AP3.png,1303_AM_Chest_AP7.png,0,0.0000
107_AM_Chest_AP22.png,1077_AM_Chest_AP5.png,0,0.0000
845_AM_Chest_AP10.png,1149_AM_Chest_AP5.png,0,0.0000
907_AM_Chest_AP8.png,1016_AM_Chest_AP7.png,0,0.0000
506_AM_Chest_AP5.png,1239_AM_Chest_AP6.png,0,0.0001
1182_AM_Chest_AP5.png,1133_AM_Chest_AP6.png,0,0.0000
1058_AM_Chest_AP13.png,298_AM_Chest_AP8.png,0,0.0000
1219_AM_Chest_AP9.png,1155_AM_Chest_AP26.png,0,0.0000
903_AM_Chest_AP6.png,1246_AM_Chest_AP4.png,0,0.0056
971_AM_Chest_AP32.png,915_AM_Chest_AP10.png,0,0.0000
930_AM_Chest_AP5.png,498_AM_Chest_AP53.png,0,0.0000
390_AM_Chest_AP24.png,1244_AM_Chest_AP7.png,0,0.0000
802_AM_Chest_AP3.png,1068_AM_Chest_AP10.png,0,0.0000
1061_AM_Chest_AP3.png,1010_AM_Chest_AP5.png,0,0.0000
786_AM_Chest_AP26.png,1222_AM_Chest_AP10.png,0,0.0000
961_AM_Chest_AP10.png,210_AM_Chest_AP2.png,0,0.0000
973_AM_Chest_AP15.png,945_AM_Chest_AP18.png,0,0.0000
1015_AM_Chest_AP5.png,979_AM_Chest_AP6.png,0,0.0000
339_AM_Chest_AP12.png,1243_AM_Chest_AP8.png,0,0.0000
244_AM_Chest_AP19.png,1032_AM_Chest_AP8.png,0,0.0000
579_AM_Chest_AP11.png,1021_AM_Chest_AP18.png,0,0.0000
107_AM_Chest_AP23.png,773_AM_Chest_AP10.png,0,0.0000
1053_AM_Chest_AP6.png,1348_PM_Chest_AP4.png,0,0.0000
888_AM_Chest_AP3.png,945_AM_Chest_AP25.png,0,0.0000
1262_AM_Chest_AP10.png,1302_AM_Chest_AP5.png,0,0.0000
123_AM_Chest_AP2.png,1224_AM_Chest_AP7.png,0,0.0000
1234_AM_Chest_AP6.png,938_AM_Chest_AP27.png,0,0.0000
1140_AM_Chest_AP5.png,557_AM_Chest_AP6.png,0,0.0009
1109_AM_Chest_AP5.png,1137_AM_Chest_AP6.png,0,0.0000
1141_AM_Chest_AP8.png,116_AM_Chest_AP16.png,0,0.0000
852_AM_Chest_AP3.png,579_AM_Chest_AP10.png,0,0.0116
1114_AM_Chest_AP3.png,976_AM_Chest_AP5.png,0,0.0000
180_AM_Chest_AP5.png,954_AM_Chest_AP2.png,0,0.0007
601_PM_Chest_AP2.png,1055_AM_Chest_AP18.png,0,0.0000
414_AM_Chest_AP4.png,1283_AM_Chest_AP8.png,0,0.0000
1039_AM_Chest_AP8.png,1048_AM_Chest_AP4.png,0,0.0000
974_AM_Chest_AP7.png,626_AM_Chest_AP3.png,0,0.0000
1300_AM_Chest_AP4.png,881_PM_Chest_AP3.png,0,0.0000
1304_AM_Chest_AP3.png,681_AM_Chest_AP2.png,0,0.0000
979_AM_Chest_AP5.png,1265_AM_Chest_AP10.png,0,0.0000
1264_AM_Chest_AP14.png,1131_AM_Chest_AP3.png,0,0.0000
298_AM_Chest_AP6.png,983_AM_Chest_AP8.png,0,0.0000
556_AM_Chest_AP2.png,399_AM_Chest_AP2.png,0,0.0000
863_AM_Chest_AP9.png,931_AM_Chest_AP3.png,0,0.0000
1243_AM_Chest_AP7.png,765_PM_Chest_AP1.png,0,0.0000
1118_AM_Chest_AP13.png,957_AM_Chest_AP13.png,0,0.0000
1050_AM_Chest_AP3.png,1246_AM_Chest_AP5.png,0,0.0002
858_AM_Chest_AP8.png,1357_PM_Chest_AP3.png,0,0.0000
338_AM_Chest_AP5.png,1115_AM_Chest_AP10.png,0,0.0000
1235_AM_Chest_AP3.png,386_AM_Chest_AP12.png,0,0.0000
1083_AM_Chest_AP4.png,471_AM_Chest_AP3.png,0,0.0000
485_AM_Chest_AP22.png,1124_AM_Chest_AP5.png,0,0.0000
845_AM_Chest_AP10.png,1069_AM_Chest_AP13.png,0,0.0000
1165_AM_Chest_AP8.png,928_AM_Chest_AP24.png,0,0.0000
906_AM_Chest_AP3.png,1356_AM_Chest_AP15.png,0,0.0000
1071_AM_Chest_AP4.png,1055_AM_Chest_AP22.png,0,0.0000
992_AM_Chest_AP5.png,1327_AM_Chest_AP3.png,0,0.0000
1289_AM_Chest_AP44.png,024_PM_Chest_AP2.png,0,0.0000
225_AM_Chest_AP4.png,909_AM_Chest_AP6.png,0,0.0000
412_AM_Chest_AP12.png,457_PM_Chest_AP1.png,0,0.0000
1108_AM_Chest_AP12.png,424_AM_Chest_AP7.png,0,0.0000
845_AM_Chest_AP9.png,820_AM_Chest_AP8.png,0,0.0000
1171_AM_Chest_AP6.png,475_AM_Chest_AP16.png,0,0.0000
894_AM_Chest_AP6.png,1179_AM_Chest_AP9.png,0,0.0000
1221_AM_Chest_AP7.png,949_AM_Chest_AP4.png,0,0.0000
1310_AM_Chest_AP9.png,1185_AM_Chest_AP7.png,0,0.0000
822_AM_Chest_AP12.png,938_AM_Chest_AP32.png,0,0.0000
107_AM_Chest_AP21.png,506_AM_Chest_AP5.png,0,0.0000
977_AM_Chest_AP10.png,919_AM_Chest_AP7.png,0,0.0000
1174_AM_Chest_AP7.png,510_AM_Chest_AP4.png,0,0.0000
046_PM_Chest_AP2.png,1289_AM_Chest_AP39.png,0,0.0000
152_AM_Chest_AP9.png,1141_AM_Chest_AP8.png,0,0.0000
689_AM_Chest_AP12.png,1273_AM_Chest_AP7.png,0,0.0000
338_AM_Chest_AP5.png,924_AM_Chest_AP5.png,0,0.0000
892_AM_Chest_AP9.png,1350_PM_Chest_AP2.png,0,0.0000
1115_AM_Chest_AP11.png,904_AM_Chest_AP11.png,0,0.0000
969_AM_Chest_AP9.png,1328_AM_Chest_AP7.png,0,0.0000
1206_AM_Chest_AP23.png,905_AM_Chest_AP13.png,0,0.0000
1156_AM_Chest_AP3.png,485_AM_Chest_AP26.png,0,0.0000
1063_AM_Chest_AP6.png,383_AM_Chest_AP2.png,0,0.0000
1090_AM_Chest_AP4.png,1244_AM_Chest_AP7.png,0,0.0000
1224_AM_Chest_AP6.png,1028_AM_Chest_AP16.png,0,0.0000
1248_AM_Chest_AP18.png,1025_AM_Chest_AP11.png,0,0.0000
1237_AM_Chest_AP11.png,485_AM_Chest_AP27.png,0,0.0000
579_AM_Chest_AP11.png,794_AM_Chest_AP6.png,0,0.0000
820_AM_Chest_AP7.png,1204_AM_Chest_AP10.png,0,0.0021
211_AM_Chest_AP10.png,966_AM_Chest_AP52.png,0,0.0000
1092_AM_Chest_AP4.png,1223_AM_Chest_AP3.png,0,0.0005
900_AM_Chest_AP10.png,1155_AM_Chest_AP22.png,0,0.0000
1368_AM_Chest_AP3.png,498_AM_Chest_AP59.png,0,0.0000
1248_AM_Chest_AP20.png,1097_AM_Chest_AP6.png,0,0.0000
1061_AM_Chest_AP3.png,1205_AM_Chest_AP20.png,0,0.0000
195_AM_Chest_AP6.png,1019_AM_Chest_AP8.png,0,0.0000
1317_AM_Chest_AP10.png,638_AM_Chest_AP2.png,0,0.0000
1289_AM_Chest_AP40.png,398_AM_Chest_AP3.png,0,0.0001
1045_AM_Chest_AP4.png,895_AM_Chest_AP5.png,0,0.0000
950_AM_Chest_AP17.png,1200_AM_Chest_AP9.png,0,0.0000
1031_AM_Chest_AP15.png,345_AM_Chest_AP2.png,0,0.0000
725_AM_Chest_AP5.png,1070_AM_Chest_AP12.png,0,0.0000
1021_AM_Chest_AP19.png,244_AM_Chest_AP21.png,0,0.0000
1106_AM_Chest_AP3.png,1218_AM_Chest_AP10.png,0,0.0000
1204_AM_Chest_AP9.png,637_AM_Chest_AP8.png,0,0.0000
890_AM_Chest_AP9.png,1328_AM_Chest_AP7.png,0,0.0000
1314_AM_Chest_AP21.png,985_AM_Chest_AP12.png,0,0.0000
487_AM_Chest_AP11.png,1273_AM_Chest_AP7.png,0,0.0000
163_AM_Chest_AP4.png,964_AM_Chest_AP19.png,0,0.0000
319_AM_Chest_AP9.png,907_AM_Chest_AP9.png,0,0.0000
921_AM_Chest_AP10.png,1316_AM_Chest_AP9.png,0,0.0000
579_AM_Chest_AP9.png,670_AM_Chest_AP5.png,0,0.0000
977_AM_Chest_AP12.png,498_AM_Chest_AP52.png,0,0.0000
1115_AM_Chest_AP11.png,858_AM_Chest_AP9.png,0,0.0000
437_AM_Chest_AP5.png,1316_AM_Chest_AP7.png,0,0.0000
751_AM_Chest_AP27.png,097_AM_Chest_AP3.png,0,0.0000
1278_AM_Chest_AP13.png,1039_AM_Chest_AP7.png,0,0.0000
390_AM_Chest_AP22.png,1300_AM_Chest_AP5.png,0,0.0000
510_AM_Chest_AP3.png,122_AM_Chest_AP4.png,0,0.0000
981_AM_Chest_AP16.png,893_AM_Chest_AP27.png,0,0.0000
1126_AM_Chest_AP8.png,1027_AM_Chest_AP3.png,0,0.0345
1222_AM_Chest_AP11.png,633_AM_Chest_AP12.png,0,0.0000
920_AM_Chest_AP5.png,1269_AM_Chest_AP7.png,0,0.0000
1083_AM_Chest_AP4.png,594_AM_Chest_AP7.png,0,0.0000
1237_AM_Chest_AP11.png,1008_AM_Chest_AP5.png,0,0.0000
1118_AM_Chest_AP15.png,1307_AM_Chest_AP3.png,0,0.0000
1089_AM_Chest_AP2.png,1160_AM_Chest_AP3.png,0,0.0000
1309_AM_Chest_AP2.png,898_AM_Chest_AP26.png,0,0.0000
594_AM_Chest_AP6.png,476_AM_Chest_AP52.png,0,0.0000
1281_AM_Chest_AP7.png,1122_AM_Chest_AP7.png,0,0.0000
094_AM_Chest_AP5.png,938_AM_Chest_AP26.png,0,0.0000
244_AM_Chest_AP21.png,1239_AM_Chest_AP5.png,0,0.0000
655_AM_Chest_AP38.png,942_AM_Chest_AP3.png,0,0.0000
390_AM_Chest_AP29.png,1012_AM_Chest_AP8.png,0,0.0000
1155_AM_Chest_AP25.png,386_AM_Chest_AP13.png,0,0.0000
1135_AM_Chest_AP5.png,1126_AM_Chest_AP9.png,0,0.0000
966_AM_Chest_AP49.png,498_AM_Chest_AP49.png,0,0.0000
1184_AM_Chest_AP5.png,1151_AM_Chest_AP12.png,0,0.0000
655_AM_Chest_AP28.png,814_AM_Chest_AP3.png,0,0.0000
822_AM_Chest_AP13.png,360_AM_Chest_AP4.png,0,0.0000
1111_AM_Chest_AP5.png,1065_AM_Chest_AP2.png,0,0.0000
1148_AM_Chest_AP8.png,838_AM_Chest_AP3.png,0,0.0000
1260_AM_Chest_AP10.png,1231_AM_Chest_AP5.png,0,0.0003
699_AM_Chest_AP15.png,498_AM_Chest_AP52.png,0,0.0000
1043_AM_Chest_AP11.png,932_AM_Chest_AP17.png,0,0.0000
751_AM_Chest_AP32.png,1353_PM_Chest_AP2.png,0,0.0000
1296_AM_Chest_AP55.png,1203_AM_Chest_AP3.png,0,0.0000
822_AM_Chest_AP14.png,957_AM_Chest_AP14.png,0,0.0000
1076_AM_Chest_AP5.png,1136_AM_Chest_AP9.png,0,0.0000
1178_AM_Chest_AP3.png,637_AM_Chest_AP7.png,0,0.0000
1050_AM_Chest_AP4.png,973_AM_Chest_AP14.png,0,0.0000
123_AM_Chest_AP2.png,1130_AM_Chest_AP5.png,0,0.0000
1110_AM_Chest_AP2.png,1186_AM_Chest_AP6.png,0,0.0000
403_AM_Chest_AP10.png,864_AM_Chest_AP8.png,0,0.0000
450_AM_Chest_AP5.png,898_AM_Chest_AP30.png,0,0.0000
925_AM_Chest_AP8.png,966_AM_Chest_AP45.png,0,0.0001
1294_AM_Chest_AP5.png,1357_PM_Chest_AP3.png,0,0.0000
1066_AM_Chest_AP3.png,1245_AM_Chest_AP7.png,0,0.0004
1320_AM_Chest_AP5.png,476_AM_Chest_AP50.png,0,0.0000
689_AM_Chest_AP15.png,306_AM_Chest_AP2.png,0,0.0000
1030_AM_Chest_AP6.png,499_PM_Chest_AP1.png,0,0.0000
1078_AM_Chest_AP3.png,636_AM_Chest_AP9.png,0,0.0000
979_AM_Chest_AP5.png,1073_AM_Chest_AP2.png,0,0.0000
1107_AM_Chest_AP9.png,905_AM_Chest_AP15.png,0,0.0000
1096_AM_Chest_AP24.png,1332_AM_Chest_AP2.png,0,0.0000
047_PM_Chest_AP1.png,974_AM_Chest_AP7.png,0,0.0000
698_AM_Chest_AP10.png,892_AM_Chest_AP9.png,0,0.0000
590_AM_Chest_AP2.png,1243_AM_Chest_AP7.png,0,0.0000
1144_AM_Chest_AP10.png,902_AM_Chest_AP4.png,0,0.0000
032_AM_Chest_AP6.png,975_AM_Chest_AP11.png,0,0.0000
1058_AM_Chest_AP14.png,912_AM_Chest_AP18.png,0,0.0000
1176_AM_Chest_AP9.png,409_AM_Chest_AP34.png,0,0.0000
390_AM_Chest_AP28.png,1074_AM_Chest_AP4.png,0,0.0000
1096_AM_Chest_AP22.png,1193_AM_Chest_AP5.png,0,0.0000
864_AM_Chest_AP7.png,1231_AM_Chest_AP4.png,0,0.0000
1069_AM_Chest_AP10.png,1210_AM_Chest_AP5.png,0,0.0000
1280_AM_Chest_AP4.png,632_AM_Chest_AP3.png,0,0.0004
1054_AM_Chest_AP3.png,211_AM_Chest_AP12.png,0,0.0000
1115_AM_Chest_AP12.png,201_AM_Chest_AP3.png,0,0.0000
965_AM_Chest_AP6.png,1008_AM_Chest_AP6.png,0,0.0000
980_AM_Chest_AP11.png,637_AM_Chest_AP7.png,0,0.0000
981_AM_Chest_AP18.png,1333_AM_Chest_AP5.png,0,0.0000
765_PM_Chest_AP1.png,713_PM_Chest_AP1.png,0,0.0043
201_AM_Chest_AP3.png,122_AM_Chest_AP4.png,0,0.0000
1143_AM_Chest_AP5.png,669_AM_Chest_AP7.png,0,0.0000
526_PM_Chest_AP3.png,1215_AM_Chest_AP3.png,0,0.0000
975_AM_Chest_AP17.png,476_AM_Chest_AP62.png,0,0.0000
1296_AM_Chest_AP59.png,059_AM_Chest_AP4.png,0,0.0000
1057_AM_Chest_AP13.png,856_AM_Chest_AP9.png,0,0.0000
806_AM_Chest_AP3.png,116_AM_Chest_AP14.png,0,0.0000
960_AM_Chest_AP9.png,1016_AM_Chest_AP6.png,0,0.0000
1329_AM_Chest_AP9.png,219_AM_Chest_AP3.png,0,0.0000
994_AM_Chest_AP6.png,940_AM_Chest_AP9.png,0,0.0000
751_AM_Chest_AP27.png,904_AM_Chest_AP14.png,0,0.0000
867_AM_Chest_AP3.png,490_AM_Chest_AP4.png,0,0.0000
487_AM_Chest_AP9.png,485_AM_Chest_AP26.png,0,0.0000
896_AM_Chest_AP15.png,1213_AM_Chest_AP5.png,0,0.0000
864_AM_Chest_AP6.png,1173_AM_Chest_AP8.png,0,0.0000
185_AM_Chest_AP4.png,1117_AM_Chest_AP6.png,0,0.0008
1048_AM_Chest_AP3.png,966_AM_Chest_AP42.png,0,0.0000
1156_AM_Chest_AP6.png,1204_AM_Chest_AP9.png,0,0.0000
1232_AM_Chest_AP5.png,892_AM_Chest_AP10.png,0,0.0044
896_AM_Chest_AP12.png,1166_AM_Chest_AP9.png,0,0.0000
982_AM_Chest_AP13.png,912_AM_Chest_AP18.png,0,0.0000
1155_AM_Chest_AP30.png,1338_PM_Chest_AP1.png,0,0.0000
760_PM_Chest_AP4.png,150_AM_Chest_AP9.png,0,0.0000
555_AM_Chest_AP15.png,933_AM_Chest_AP5.png,0,0.0000
1038_AM_Chest_AP3.png,409_AM_Chest_AP33.png,0,0.0000
945_AM_Chest_AP23.png,076_AM_Chest_AP24.png,0,0.0000
579_AM_Chest_AP8.png,1312_AM_Chest_AP4.png,0,0.0000
1155_AM_Chest_AP23.png,928_AM_Chest_AP20.png,0,0.0000
1285_AM_Chest_AP6.png,1103_AM_Chest_AP7.png,0,0.0000
1142_AM_Chest_AP6.png,938_AM_Chest_AP31.png,0,0.0000
1289_AM_Chest_AP47.png,1008_AM_Chest_AP5.png,0,0.0000
1024_AM_Chest_AP20.png,984_AM_Chest_AP8.png,0,0.0000
591_AM_Chest_AP29.png,1233_AM_Chest_AP6.png,0,0.0000
887_AM_Chest_AP13.png,733_AM_Chest_AP4.png,0,0.0000
1088_AM_Chest_AP4.png,195_AM_Chest_AP6.png,0,0.0000
1066_AM_Chest_AP4.png,1360_PM_Chest_AP4.png,0,0.0000
1278_AM_Chest_AP11.png,652_AM_Chest_AP3.png,0,0.0000
450_AM_Chest_AP7.png,906_AM_Chest_AP4.png,0,0.0000
971_AM_Chest_AP31.png,1019_AM_Chest_AP6.png,0,0.0000
499_PM_Chest_AP1.png,901_AM_Chest_AP8.png,0,0.0000
510_AM_Chest_AP3.png,945_AM_Chest_AP19.png,0,0.0000
811_AM_Chest_AP2.png,492_AM_Chest_AP5.png,0,0.0000
975_AM_Chest_AP13.png,1060_AM_Chest_AP2.png,0,0.0000
150_AM_Chest_AP7.png,147_AM_Chest_AP3.png,0,0.0000
1069_AM_Chest_AP10.png,891_AM_Chest_AP5.png,0,0.0772
076_AM_Chest_AP17.png,654_AM_Chest_AP5.png,0,0.0000
1337_AM_Chest_AP3.png,342_AM_Chest_AP2.png,0,0.0000
971_AM_Chest_AP32.png,912_AM_Chest_AP17.png,0,0.0000
244_AM_Chest_AP23.png,800_AM_Chest_AP14.png,0,0.0000
670_AM_Chest_AP4.png,1356_PM_Chest_AP2.png,0,0.0000
975_AM_Chest_AP12.png,963_AM_Chest_AP4.png,0,0.0000
227_AM_Chest_AP5.png,693_AM_Chest_AP4.png,0,0.0000
1313_AM_Chest_AP2.png,476_AM_Chest_AP51.png,0,0.0000
820_AM_Chest_AP7.png,116_AM_Chest_AP16.png,0,0.0000
892_AM_Chest_AP10.png,495_AM_Chest_AP12.png,0,0.0000
1275_AM_Chest_AP4.png,1113_AM_Chest_AP3.png,0,0.0000
1098_AM_Chest_AP12.png,813_AM_Chest_AP6.png,0,0.0000
1116_AM_Chest_AP3.png,1088_AM_Chest_AP4.png,0,0.9654
1097_AM_Chest_AP5.png,1243_AM_Chest_AP8.png,0,0.0024
413_AM_Chest_AP3.png,476_AM_Chest_AP51.png,0,0.0000
1193_AM_Chest_AP5.png,892_AM_Chest_AP9.png,0,0.0000
167_AM_Chest_AP9.png,1051_AM_Chest_AP5.png,0,0.0000
1078_AM_Chest_AP4.png,1151_AM_Chest_AP11.png,0,0.0000
513_AM_Chest_AP10.png,1145_AM_Chest_AP2.png,0,0.0000
822_AM_Chest_AP11.png,1205_AM_Chest_AP21.png,0,0.0000
1118_AM_Chest_AP16.png,555_AM_Chest_AP14.png,0,0.0000
162_AM_Chest_AP10.png,905_AM_Chest_AP13.png,0,0.0000
1204_AM_Chest_AP9.png,884_AM_Chest_AP2.png,0,0.0000
1037_AM_Chest_AP7.png,915_AM_Chest_AP8.png,0,0.0000
546_AM_Chest_AP5.png,1183_AM_Chest_AP9.png,0,0.0000
1031_AM_Chest_AP18.png,969_AM_Chest_AP5.png,0,0.0000
555_AM_Chest_AP16.png,1193_AM_Chest_AP5.png,0,0.0000
1274_AM_Chest_AP7.png,964_AM_Chest_AP15.png,0,0.0000
1150_AM_Chest_AP6.png,1075_AM_Chest_AP11.png,0,0.0000
089_AM_Chest_AP4.png,1349_AM_Chest_AP3.png,0,0.0000
940_AM_Chest_AP9.png,945_AM_Chest_AP18.png,0,0.0000
1030_AM_Chest_AP8.png,1333_AM_Chest_AP5.png,0,0.0000
1272_AM_Chest_AP7.png,1040_AM_Chest_AP3.png,0,0.0000
1206_AM_Chest_AP25.png,1226_AM_Chest_AP4.png,0,0.0000
1226_AM_Chest_AP4.png,1077_AM_Chest_AP3.png,0,0.0000
450_AM_Chest_AP7.png,233_PM_Chest_AP1.png,0,0.0000
915_AM_Chest_AP8.png,1059_AM_Chest_AP10.png,0,0.0000
1312_AM_Chest_AP5.png,1021_AM_Chest_AP20.png,0,0.0000
992_AM_Chest_AP4.png,1349_PM_Chest_AP4.png,0,0.0000
613_AM_Chest_AP22.png,165_AM_Chest_AP5.png,0,0.0000
1151_AM_Chest_AP10.png,1074_AM_Chest_AP4.png,0,0.0000
1325_AM_Chest_AP8.png,654_AM_Chest_AP5.png,0,0.0000
172_AM_Chest_AP4.png,067_AM_Chest_AP4.png,0,0.0000
403_AM_Chest_AP11.png,1016_AM_Chest_AP6.png,0,0.0000
1224_AM_Chest_AP6.png,1021_AM_Chest_AP20.png,0,0.0000
1198_AM_Chest_AP8.png,1068_AM_Chest_AP10.png,0,0.0000
440_AM_Chest_AP3.png,1269_AM_Chest_AP8.png,0,0.0000
1275_AM_Chest_AP4.png,637_AM_Chest_AP8.png,0,0.0000
611_AM_Chest_AP6.png,485_AM_Chest_AP23.png,0,0.0000
950_AM_Chest_AP17.png,1208_AM_Chest_AP5.png,0,0.0000
374_PM_Chest_AP2.png,1160_AM_Chest_AP3.png,0,0.0000
888_AM_Chest_AP4.png,764_PM_Chest_AP3.png,0,0.0000
1242_AM_Chest_AP5.png,1195_AM_Chest_AP8.png,0,0.0000
959_AM_Chest_AP5.png,444_AM_Chest_AP3.png,0,0.0000
1080_AM_Chest_AP4.png,1317_AM_Chest_AP9.png,0,0.0000
1043_AM_Chest_AP11.png,966_AM_Chest_AP42.png,0,0.0000
1078_AM_Chest_AP4.png,964_AM_Chest_AP19.png,0,0.0000
1186_AM_Chest_AP7.png,773_AM_Chest_AP10.png,0,0.0000
1215_AM_Chest_AP3.png,513_AM_Chest_AP9.png,0,0.0000
721_AM_Chest_AP6.png,498_AM_Chest_AP53.png,0,0.0000
140_AM_Chest_AP4.png,107_AM_Chest_AP21.png,0,0.0000
1273_AM_Chest_AP7.png,1173_AM_Chest_AP9.png,0,0.0000
221_AM_Chest_AP5.png,712_PM_Chest_AP5.png,0,0.0000
1369_PM_Chest_AP1.png,1043_AM_Chest_AP9.png,0,0.0000
339_AM_Chest_AP11.png,985_AM_Chest_AP10.png,0,0.0000
867_AM_Chest_AP3.png,689_AM_Chest_AP17.png,0,0.0000
979_AM_Chest_AP5.png,984_AM_Chest_AP7.png,0,0.0000
655_AM_Chest_AP30.png,1025_AM_Chest_AP8.png,0,0.0074
1108_AM_Chest_AP11.png,670_AM_Chest_AP4.png,0,0.0000
1325_AM_Chest_AP9.png,931_AM_Chest_AP3.png,0,0.0000
971_AM_Chest_AP25.png,885_AM_Chest_AP3.png,0,0.0000
1259_AM_Chest_AP12.png,952_AM_Chest_AP5.png,0,0.0000
1269_AM_Chest_AP6.png,162_AM_Chest_AP11.png,0,0.0014
601_PM_Chest_AP2.png,891_AM_Chest_AP5.png,0,0.0000
903_AM_Chest_AP6.png,952_AM_Chest_AP5.png,0,0.2607
950_AM_Chest_AP17.png,023_PM_Chest_AP2.png,0,0.0000
551_AM_Chest_AP2.png,963_AM_Chest_AP4.png,0,0.0000
890_AM_Chest_AP7.png,611_AM_Chest_AP5.png,0,0.0000
1004_AM_Chest_AP3.png,1101_AM_Chest_AP8.png,0,0.0000
1008_AM_Chest_AP6.png,314_AM_Chest_AP3.png,0,0.0000
1104_AM_Chest_AP9.png,1102_AM_Chest_AP7.png,0,0.0000
1319_AM_Chest_AP3.png,1240_AM_Chest_AP5.png,0,0.0013
1030_AM_Chest_AP6.png,1286_AM_Chest_AP8.png,0,0.0000
1103_AM_Chest_AP6.png,1014_AM_Chest_AP11.png,0,0.0000
760_PM_Chest_AP3.png,008_PM_Chest_AP5.png,0,0.0000
1088_AM_Chest_AP4.png,478_AM_Chest_AP2.png,0,0.0002
1359_PM_Chest_AP1.png,773_AM_Chest_AP10.png,0,0.0000
887_AM_Chest_AP12.png,390_AM_Chest_AP26.png,0,0.0000
698_AM_Chest_AP9.png,919_AM_Chest_AP8.png,0,0.0000
032_PM_Chest_AP2.png,751_AM_Chest_AP24.png,0,0.0000
980_AM_Chest_AP11.png,1183_AM_Chest_AP8.png,0,0.0000
606_AM_Chest_AP2.png,385_AM_Chest_AP4.png,0,0.0066
1019_AM_Chest_AP6.png,155_AM_Chest_AP5.png,0,0.0000
414_AM_Chest_AP5.png,1277_AM_Chest_AP7.png,0,0.0000
1018_AM_Chest_AP6.png,1262_AM_Chest_AP10.png,0,0.0000
1114_AM_Chest_AP3.png,691_AM_Chest_AP26.png,0,0.0000
032_PM_Chest_AP1.png,1205_AM_Chest_AP19.png,0,0.0000
914_AM_Chest_AP8.png,1100_AM_Chest_AP10.png,0,0.0000
909_AM_Chest_AP10.png,1277_AM_Chest_AP8.png,0,0.0000
1122_AM_Chest_AP8.png,1123_AM_Chest_AP5.png,0,0.0000
914_AM_Chest_AP9.png,618_AM_Chest_AP2.png,0,0.0000
1273_AM_Chest_AP7.png,800_AM_Chest_AP12.png,0,0.0000
1221_AM_Chest_AP7.png,905_AM_Chest_AP16.png,0,0.0000
390_AM_Chest_AP26.png,211_AM_Chest_AP10.png,0,0.0000
932_AM_Chest_AP14.png,930_AM_Chest_AP5.png,0,0.0000
1171_AM_Chest_AP5.png,1319_AM_Chest_AP3.png,0,0.0000
386_AM_Chest_AP11.png,1299_AM_Chest_AP8.png,0,0.0000
1221_AM_Chest_AP7.png,1315_AM_Chest_AP3.png,0,0.0000
905_AM_Chest_AP16.png,498_AM_Chest_AP49.png,0,0.0000
1341_PM_Chest_AP1.png,837_AM_Chest_AP2.png,0,0.0000
691_AM_Chest_AP33.png,1145_AM_Chest_AP2.png,0,0.0000
1287_AM_Chest_AP3.png,963_AM_Chest_AP4.png,0,0.0000
1127_AM_Chest_AP10.png,339_AM_Chest_AP11.png,0,0.0000
1211_AM_Chest_AP10.png,162_AM_Chest_AP11.png,0,0.0000
1190_AM_Chest_AP3.png,923_AM_Chest_AP8.png,0,0.0000
820_AM_Chest_AP7.png,1335_AM_Chest_AP2.png,0,0.0000
1147_AM_Chest_AP10.png,1079_AM_Chest_AP12.png,0,0.0000
156_AM_Chest_AP3.png,1250_AM_Chest_AP3.png,0,0.0000
1314_AM_Chest_AP22.png,928_AM_Chest_AP20.png,0,0.0000
1249_AM_Chest_AP14.png,814_AM_Chest_AP3.png,0,0.0002
897_AM_Chest_AP13.png,1025_AM_Chest_AP11.png,0,0.0000
1174_AM_Chest_AP5.png,009_PM_Chest_AP1.png,0,0.0000
953_AM_Chest_AP4.png,633_AM_Chest_AP9.png,0,0.0000
1244_AM_Chest_AP8.png,1270_AM_Chest_AP8.png,0,0.0000
961_AM_Chest_AP10.png,973_AM_Chest_AP13.png,0,0.0000
950_AM_Chest_AP16.png,413_AM_Chest_AP3.png,0,0.0052
403_AM_Chest_AP11.png,1142_AM_Chest_AP8.png,0,0.0001
1116_AM_Chest_AP4.png,922_AM_Chest_AP2.png,0,0.0004
995_AM_Chest_AP17.png,858_AM_Chest_AP8.png,0,0.0000
1108_AM_Chest_AP12.png,764_PM_Chest_AP2.png,0,0.0000
948_AM_Chest_AP3.png,476_AM_Chest_AP55.png,0,0.0000
107_AM_Chest_AP22.png,548_AM_Chest_AP3.png,0,0.0000
1182_AM_Chest_AP5.png,975_AM_Chest_AP16.png,0,0.0000
739_AM_Chest_AP3.png,1338_PM_Chest_AP1.png,0,0.0000
1304_AM_Chest_AP3.png,613_AM_Chest_AP22.png,0,0.0000
702_AM_Chest_AP4.png,1030_AM_Chest_AP6.png,0,0.0000
1286_AM_Chest_AP8.png,1129_AM_Chest_AP3.png,0,0.0000
1236_AM_Chest_AP5.png,928_AM_Chest_AP23.png,0,0.0000
1114_AM_Chest_AP3.png,1370_PM_Chest_AP2.png,0,0.0000
1127_AM_Chest_AP12.png,1018_AM_Chest_AP6.png,0,0.0000
1368_PM_Chest_AP1.png,1209_AM_Chest_AP16.png,0,0.0000
1003_AM_Chest_AP4.png,424_AM_Chest_AP5.png,0,0.0000
1170_AM_Chest_AP6.png,1194_AM_Chest_AP12.png,0,0.0000
1095_AM_Chest_AP8.png,1096_AM_Chest_AP20.png,0,0.0000
965_AM_Chest_AP9.png,579_AM_Chest_AP11.png,0,0.0000
1177_AM_Chest_AP7.png,894_AM_Chest_AP5.png,0,0.0914
1156_AM_Chest_AP3.png,1173_AM_Chest_AP10.png,0,0.0000
1019_AM_Chest_AP7.png,858_AM_Chest_AP8.png,0,0.0000
1248_AM_Chest_AP18.png,1205_AM_Chest_AP18.png,0,0.0000
1261_AM_Chest_AP12.png,893_AM_Chest_AP22.png,0,0.0000
1182_AM_Chest_AP6.png,1117_AM_Chest_AP6.png,0,0.0000
205_AM_Chest_AP8.png,751_AM_Chest_AP26.png,0,0.0000
631_AM_Chest_AP4.png,319_AM_Chest_AP10.png,0,0.0000
221_AM_Chest_AP6.png,892_AM_Chest_AP11.png,0,0.0000
1211_AM_Chest_AP11.png,409_AM_Chest_AP28.png,0,0.0000
1118_AM_Chest_AP13.png,693_AM_Chest_AP6.png,0,0.0000
1252_AM_Chest_AP3.png,409_AM_Chest_AP26.png,0,0.0000
950_AM_Chest_AP15.png,1008_AM_Chest_AP5.png,0,0.0000
1092_AM_Chest_AP4.png,1018_AM_Chest_AP7.png,0,0.0000
655_AM_Chest_AP28.png,905_AM_Chest_AP13.png,0,0.0000
1116_AM_Chest_AP3.png,1219_AM_Chest_AP9.png,0,0.0000
1092_AM_Chest_AP6.png,234_AM_Chest_AP2.png,0,0.0000
225_AM_Chest_AP3.png,1179_AM_Chest_AP11.png,0,0.0000
1042_AM_Chest_AP5.png,1251_AM_Chest_AP3.png,0,0.0000
560_AM_Chest_AP4.png,1361_PM_Chest_AP2.png,0,0.0000
655_AM_Chest_AP28.png,966_AM_Chest_AP57.png,0,0.0000
161_AM_Chest_AP2.png,1055_AM_Chest_AP21.png,0,0.0000
056_PM_Chest_AP6.png,1310_AM_Chest_AP10.png,0,0.0000
1209_AM_Chest_AP13.png,412_AM_Chest_AP18.png,0,0.0000
1249_AM_Chest_AP14.png,912_AM_Chest_AP18.png,0,0.0000
945_AM_Chest_AP22.png,076_AM_Chest_AP25.png,0,0.0000
1314_AM_Chest_AP24.png,1214_AM_Chest_AP3.png,0,0.0000
1360_PM_Chest_AP7.png,577_PM_Chest_AP6.png,0,0.0000
1216_AM_Chest_AP6.png,826_AM_Chest_AP4.png,0,0.0000
669_AM_Chest_AP6.png,345_AM_Chest_AP2.png,0,0.0000
1091_AM_Chest_AP5.png,1268_AM_Chest_AP3.png,0,0.0000
675_PM_Chest_AP2.png,1077_AM_Chest_AP5.png,0,0.0000
290_PM_Chest_AP1.png,1277_AM_Chest_AP7.png,0,0.0000
152_AM_Chest_AP10.png,215_AM_Chest_AP2.png,0,0.0000
702_AM_Chest_AP4.png,858_AM_Chest_AP9.png,0,0.0000
1019_AM_Chest_AP8.png,881_PM_Chest_AP3.png,0,0.0000
918_AM_Chest_AP5.png,201_AM_Chest_AP3.png,0,0.0006
977_AM_Chest_AP10.png,1269_AM_Chest_AP6.png,0,0.0000
1325_AM_Chest_AP8.png,1205_AM_Chest_AP19.png,0,0.0000
1186_AM_Chest_AP5.png,1205_AM_Chest_AP20.png,0,0.0000
576_PM_Chest_AP2.png,800_AM_Chest_AP12.png,0,0.0002
412_AM_Chest_AP15.png,771_AM_Chest_AP2.png,0,0.0000
052_PM_Chest_AP3.png,1155_AM_Chest_AP24.png,0,0.0000
758_PM_Chest_AP2.png,492_AM_Chest_AP7.png,0,0.0000
1358_PM_Chest_AP3.png,1286_AM_Chest_AP7.png,0,0.0000
390_AM_Chest_AP28.png,1075_AM_Chest_AP13.png,0,0.0000
1248_AM_Chest_AP19.png,492_AM_Chest_AP7.png,0,0.0000
1018_AM_Chest_AP7.png,1093_AM_Chest_AP5.png,0,0.0016
024_PM_Chest_AP2.png,1188_AM_Chest_AP6.png,0,0.0000
1289_AM_Chest_AP38.png,1173_AM_Chest_AP9.png,0,0.0000
889_AM_Chest_AP12.png,1068_AM_Chest_AP10.png,0,0.0000
475_AM_Chest_AP16.png,577_PM_Chest_AP6.png,0,0.0000
485_AM_Chest_AP25.png,1348_PM_Chest_AP4.png,0,0.0000
244_AM_Chest_AP19.png,476_AM_Chest_AP52.png,0,0.0000
914_AM_Chest_AP9.png,156_AM_Chest_AP4.png,0,0.0000
1368_AM_Chest_AP3.png,1245_AM_Chest_AP7.png,0,0.0000
1259_AM_Chest_AP14.png,1246_AM_Chest_AP5.png,0,0.0000
845_AM_Chest_AP10.png,651_AM_Chest_AP15.png,0,0.0000
067_AM_Chest_AP5.png,106_AM_Chest_AP2.png,0,0.0006
555_AM_Chest_AP16.png,577_PM_Chest_AP6.png,0,0.0000
314_AM_Chest_AP3.png,498_AM_Chest_AP57.png,0,0.0000
244_AM_Chest_AP21.png,1268_AM_Chest_AP4.png,0,0.0000
290_PM_Chest_AP1.png,1068_AM_Chest_AP12.png,0,0.0000
852_AM_Chest_AP4.png,988_AM_Chest_AP2.png,0,0.0000
1171_AM_Chest_AP6.png,1329_AM_Chest_AP11.png,0,0.0000
1253_AM_Chest_AP3.png,964_AM_Chest_AP13.png,0,0.0000
122_AM_Chest_AP4.png,813_AM_Chest_AP6.png,0,0.0000
1259_AM_Chest_AP13.png,116_AM_Chest_AP18.png,0,0.0000
1058_AM_Chest_AP14.png,984_AM_Chest_AP7.png,0,0.0000
167_AM_Chest_AP8.png,989_AM_Chest_AP14.png,0,0.0000
1250_AM_Chest_AP4.png,962_AM_Chest_AP10.png,0,0.0000
1294_AM_Chest_AP5.png,992_AM_Chest_AP5.png,0,0.0000
1249_AM_Chest_AP13.png,1283_AM_Chest_AP8.png,0,0.0000
929_AM_Chest_AP6.png,1346_AM_Chest_AP12.png,0,0.0000
1345_PM_Chest_AP2.png,905_AM_Chest_AP15.png,0,0.0000
579_AM_Chest_AP8.png,1175_AM_Chest_AP5.png,0,0.0000
945_AM_Chest_AP24.png,1093_AM_Chest_AP7.png,0,0.0000
1186_AM_Chest_AP5.png,211_AM_Chest_AP11.png,0,0.0000
067_AM_Chest_AP5.png,437_AM_Chest_AP4.png,0,0.0000
1147_AM_Chest_AP9.png,1020_AM_Chest_AP3.png,0,0.0000
233_PM_Chest_AP2.png,1327_AM_Chest_AP3.png,0,0.0000
1029_AM_Chest_AP5.png,966_AM_Chest_AP45.png,0,0.0000
1240_AM_Chest_AP5.png,931_AM_Chest_AP3.png,0,0.0000
1289_AM_Chest_AP46.png,399_AM_Chest_AP2.png,0,0.0000
1102_AM_Chest_AP8.png,1246_AM_Chest_AP4.png,0,0.0000
1206_AM_Chest_AP23.png,952_AM_Chest_AP4.png,0,0.0000
631_AM_Chest_AP4.png,966_AM_Chest_AP61.png,0,0.0000
1275_AM_Chest_AP4.png,971_AM_Chest_AP24.png,0,0.0000
1272_AM_Chest_AP7.png,1055_AM_Chest_AP21.png,0,0.0000
986_AM_Chest_AP6.png,176_AM_Chest_AP2.png,0,0.0004
1264_AM_Chest_AP13.png,1251_AM_Chest_AP4.png,0,0.0000
1272_AM_Chest_AP6.png,1206_AM_Chest_AP19.png,0,0.0000
1054_AM_Chest_AP3.png,1166_AM_Chest_AP8.png,0,0.0000
581_AM_Chest_AP2.png,677_AM_Chest_AP4.png,0,0.0000
655_AM_Chest_AP37.png,975_AM_Chest_AP13.png,0,0.0000
1286_AM_Chest_AP7.png,966_AM_Chest_AP54.png,0,0.0000
513_AM_Chest_AP9.png,922_AM_Chest_AP2.png,0,0.0000
981_AM_Chest_AP23.png,933_AM_Chest_AP5.png,0,0.0000
1194_AM_Chest_AP13.png,1186_AM_Chest_AP7.png,0,0.0000
485_AM_Chest_AP25.png,1020_AM_Chest_AP3.png,0,0.0000
655_AM_Chest_AP38.png,1323_AM_Chest_AP2.png,0,0.0000
1353_PM_Chest_AP2.png,963_AM_Chest_AP4.png,0,0.0000
1058_AM_Chest_AP14.png,136_AM_Chest_AP9.png,0,0.0000
1057_AM_Chest_AP12.png,945_AM_Chest_AP23.png,0,0.0000
1212_AM_Chest_AP2.png,1011_AM_Chest_AP6.png,0,0.0000
689_AM_Chest_AP14.png,1010_AM_Chest_AP4.png,0,0.0000
023_PM_Chest_AP2.png,893_AM_Chest_AP21.png,0,0.0000
1289_AM_Chest_AP47.png,1124_AM_Chest_AP6.png,0,0.0000
1028_AM_Chest_AP16.png,975_AM_Chest_AP11.png,0,0.0000
1296_AM_Chest_AP59.png,1138_AM_Chest_AP10.png,0,0.0000
1023_AM_Chest_AP5.png,593_AM_Chest_AP16.png,0,0.0000
1016_AM_Chest_AP6.png,966_AM_Chest_AP56.png,0,0.0000
1304_AM_Chest_AP3.png,1208_AM_Chest_AP4.png,0,0.0000
129_AM_Chest_AP7.png,1070_AM_Chest_AP13.png,0,0.0000
1357_PM_Chest_AP3.png,691_AM_Chest_AP33.png,0,0.0000
786_AM_Chest_AP19.png,1238_AM_Chest_AP10.png,0,0.0000
323_AM_Chest_AP5.png,950_AM_Chest_AP16.png,0,0.0000
1362_PM_Chest_AP1.png,1239_AM_Chest_AP7.png,0,0.0000
905_AM_Chest_AP12.png,1356_AM_Chest_AP14.png,0,0.0000
547_AM_Chest_AP4.png,1172_AM_Chest_AP8.png,0,0.0000
1029_AM_Chest_AP6.png,1228_AM_Chest_AP4.png,0,0.0000
412_AM_Chest_AP18.png,1270_AM_Chest_AP10.png,0,0.0000
961_AM_Chest_AP9.png,889_AM_Chest_AP9.png,0,0.0000
052_PM_Chest_AP3.png,499_PM_Chest_AP2.png,0,0.0020
593_AM_Chest_AP14.png,1175_AM_Chest_AP5.png,0,0.0000
904_AM_Chest_AP12.png,593_AM_Chest_AP14.png,0,0.0000
979_AM_Chest_AP6.png,1021_AM_Chest_AP16.png,0,0.0000
1014_AM_Chest_AP12.png,938_AM_Chest_AP25.png,0,0.0000
152_AM_Chest_AP11.png,1289_AM_Chest_AP47.png,0,0.0000
052_PM_Chest_AP2.png,906_AM_Chest_AP4.png,0,0.0000
1101_AM_Chest_AP7.png,933_AM_Chest_AP5.png,0,0.0000
555_AM_Chest_AP16.png,962_AM_Chest_AP13.png,0,0.0000
950_AM_Chest_AP13.png,988_AM_Chest_AP2.png,0,0.0000
691_AM_Chest_AP29.png,182_AM_Chest_AP6.png,0,0.0000
172_AM_Chest_AP4.png,893_AM_Chest_AP25.png,0,0.0000
123_AM_Chest_AP2.png,1337_AM_Chest_AP3.png,0,0.0000
460_PM_Chest_AP2.png,921_AM_Chest_AP11.png,0,0.0000
1148_AM_Chest_AP9.png,1188_AM_Chest_AP6.png,0,0.0000
1198_AM_Chest_AP7.png,1231_AM_Chest_AP4.png,0,0.0000
094_AM_Chest_AP4.png,1090_AM_Chest_AP4.png,0,0.0000
560_AM_Chest_AP4.png,466_AM_Chest_AP2.png,0,0.0073
111_AM_Chest_AP4.png,962_AM_Chest_AP12.png,0,0.0000
725_AM_Chest_AP6.png,1299_AM_Chest_AP6.png,0,0.0000
076_AM_Chest_AP17.png,966_AM_Chest_AP57.png,0,0.0000
982_AM_Chest_AP14.png,1314_AM_Chest_AP22.png,0,0.0000
1229_AM_Chest_AP4.png,1102_AM_Chest_AP7.png,0,0.0000
1024_AM_Chest_AP21.png,371_AM_Chest_AP3.png,0,0.0000
1176_AM_Chest_AP9.png,938_AM_Chest_AP27.png,0,0.0000
339_AM_Chest_AP13.png,792_AM_Chest_AP3.png,0,0.0000
067_AM_Chest_AP5.png,162_AM_Chest_AP11.png,0,0.0019
1081_AM_Chest_AP8.png,1356_AM_Chest_AP13.png,0,0.0000
1040_AM_Chest_AP3.png,1205_AM_Chest_AP20.png,0,0.0000
1015_AM_Chest_AP6.png,938_AM_Chest_AP27.png,0,0.0000
1310_AM_Chest_AP10.png,234_AM_Chest_AP2.png,0,0.0000
379_AM_Chest_AP3.png,960_AM_Chest_AP9.png,0,0.0000
606_AM_Chest_AP2.png,898_AM_Chest_AP31.png,0,0.0000
932_AM_Chest_AP14.png,936_AM_Chest_AP2.png,0,0.0000
152_AM_Chest_AP8.png,1028_AM_Chest_AP17.png,0,0.0000
383_AM_Chest_AP2.png,981_AM_Chest_AP23.png,0,0.0000
751_AM_Chest_AP32.png,945_AM_Chest_AP20.png,0,0.0000
185_AM_Chest_AP3.png,515_AM_Chest_AP8.png,0,0.0000
601_PM_Chest_AP2.png,699_AM_Chest_AP14.png,0,0.0000
1083_AM_Chest_AP6.png,1173_AM_Chest_AP10.png,0,0.0000
1216_AM_Chest_AP7.png,244_AM_Chest_AP17.png,0,0.0000
1221_AM_Chest_AP7.png,1096_AM_Chest_AP22.png,0,0.0000
485_AM_Chest_AP26.png,1098_AM_Chest_AP11.png,0,0.0000
1200_AM_Chest_AP8.png,1223_AM_Chest_AP3.png,0,0.0000
1031_AM_Chest_AP15.png,932_AM_Chest_AP16.png,0,0.0000
445_AM_Chest_AP6.png,1197_AM_Chest_AP3.png,0,0.0000
1219_AM_Chest_AP8.png,390_AM_Chest_AP24.png,0,0.0000
691_AM_Chest_AP27.png,1055_AM_Chest_AP17.png,0,0.0000
909_AM_Chest_AP7.png,422_AM_Chest_AP3.png,0,0.0000
675_PM_Chest_AP2.png,928_AM_Chest_AP19.png,0,0.0000
766_PM_Chest_AP1.png,1343_PM_Chest_AP2.png,0,0.0000
1130_AM_Chest_AP7.png,886_AM_Chest_AP6.png,0,0.0000
1070_AM_Chest_AP13.png,981_AM_Chest_AP19.png,0,0.0000
1314_AM_Chest_AP20.png,553_AM_Chest_AP3.png,0,0.0000
075_AM_Chest_AP2.png,1232_AM_Chest_AP4.png,0,0.1853
1206_AM_Chest_AP22.png,702_AM_Chest_AP4.png,0,0.0000
1014_AM_Chest_AP13.png,1322_AM_Chest_AP3.png,0,0.0000
1206_AM_Chest_AP25.png,1196_AM_Chest_AP5.png,0,0.0000
655_AM_Chest_AP33.png,301_AM_Chest_AP3.png,0,0.0000
409_AM_Chest_AP28.png,476_AM_Chest_AP60.png,0,0.0000
409_AM_Chest_AP31.png,975_AM_Chest_AP12.png,0,0.0000
1206_AM_Chest_AP25.png,909_AM_Chest_AP6.png,0,0.0000
863_AM_Chest_AP8.png,476_AM_Chest_AP53.png,0,0.0000
895_AM_Chest_AP5.png,1133_AM_Chest_AP6.png,0,0.0000
554_AM_Chest_AP7.png,1014_AM_Chest_AP13.png,0,0.0000
1182_AM_Chest_AP6.png,1143_AM_Chest_AP5.png,0,0.0000
946_AM_Chest_AP6.png,941_AM_Chest_AP3.png,0,0.0000
390_AM_Chest_AP24.png,985_AM_Chest_AP13.png,0,0.0000
1178_AM_Chest_AP3.png,829_AM_Chest_AP2.png,0,0.0000
904_AM_Chest_AP11.png,371_AM_Chest_AP3.png,0,0.0000
1002_AM_Chest_AP6.png,659_AM_Chest_AP3.png,0,0.0000
297_AM_Chest_AP2.png,898_AM_Chest_AP27.png,0,0.0000
920_AM_Chest_AP3.png,1300_AM_Chest_AP5.png,0,0.0000
371_AM_Chest_AP4.png,1348_PM_Chest_AP3.png,0,0.0002
475_AM_Chest_AP14.png,386_AM_Chest_AP11.png,0,0.0000
056_PM_Chest_AP6.png,1028_AM_Chest_AP18.png,0,0.0000
111_AM_Chest_AP5.png,1114_AM_Chest_AP3.png,0,0.0000
893_AM_Chest_AP21.png,1132_AM_Chest_AP5.png,0,0.0000
1303_AM_Chest_AP7.png,894_AM_Chest_AP5.png,0,0.0000
225_AM_Chest_AP3.png,031_PM_Chest_AP4.png,0,0.0000
1364_AM_Chest_AP3.png,794_AM_Chest_AP9.png,0,0.0000
1080_AM_Chest_AP6.png,1259_AM_Chest_AP11.png,0,0.0000
356_AM_Chest_AP3.png,1107_AM_Chest_AP8.png,0,0.0000
1028_AM_Chest_AP17.png,952_AM_Chest_AP5.png,0,0.0000
1186_AM_Chest_AP5.png,132_AM_Chest_AP6.png,0,0.0000
897_AM_Chest_AP12.png,1133_AM_Chest_AP5.png,0,0.0000
940_AM_Chest_AP8.png,1146_AM_Chest_AP16.png,0,0.0000
1118_AM_Chest_AP12.png,1133_AM_Chest_AP6.png,0,0.0000
1115_AM_Chest_AP14.png,155_AM_Chest_AP6.png,0,0.0000
1237_AM_Chest_AP11.png,1173_AM_Chest_AP8.png,0,0.0002
971_AM_Chest_AP29.png,1133_AM_Chest_AP6.png,0,0.0000
1029_AM_Chest_AP5.png,1238_AM_Chest_AP9.png,0,0.0001
635_AM_Chest_AP6.png,351_AM_Chest_AP10.png,0,0.0000
386_AM_Chest_AP12.png,498_AM_Chest_AP54.png,0,0.0000
712_PM_Chest_AP5.png,1124_AM_Chest_AP6.png,0,0.0000
786_AM_Chest_AP21.png,1361_PM_Chest_AP2.png,0,0.0000
487_AM_Chest_AP11.png,1120_AM_Chest_AP6.png,0,0.0000
689_AM_Chest_AP12.png,945_AM_Chest_AP23.png,0,0.0000
929_AM_Chest_AP5.png,1053_AM_Chest_AP6.png,0,0.0001
1155_AM_Chest_AP27.png,1085_AM_Chest_AP5.png,0,0.0000
961_AM_Chest_AP6.png,1262_AM_Chest_AP11.png,0,0.0000
806_AM_Chest_AP4.png,1186_AM_Chest_AP5.png,0,0.0000
967_AM_Chest_AP4.png,966_AM_Chest_AP52.png,0,0.0000
1234_AM_Chest_AP6.png,555_AM_Chest_AP16.png,0,0.0000
751_AM_Chest_AP29.png,1133_AM_Chest_AP5.png,0,0.0000
1296_AM_Chest_AP60.png,1020_AM_Chest_AP3.png,0,0.0000
1021_AM_Chest_AP18.png,1096_AM_Chest_AP22.png,0,0.0000
1315_AM_Chest_AP3.png,1094_AM_Chest_AP12.png,0,0.0000
889_AM_Chest_AP10.png,1087_AM_Chest_AP7.png,0,0.0000
932_AM_Chest_AP17.png,1241_AM_Chest_AP3.png,0,0.0000
953_AM_Chest_AP6.png,1095_AM_Chest_AP6.png,0,0.0000
1248_AM_Chest_AP18.png,076_AM_Chest_AP21.png,0,0.0000
1099_AM_Chest_AP5.png,1254_AM_Chest_AP4.png,0,0.0000
1108_AM_Chest_AP11.png,636_AM_Chest_AP9.png,0,0.0000
602_PM_Chest_AP3.png,1205_AM_Chest_AP19.png,0,0.0000
1296_AM_Chest_AP54.png,757_PM_Chest_AP2.png,0,0.0000
1117_AM_Chest_AP5.png,874_AM_Chest_AP2.png,0,0.0000
424_AM_Chest_AP7.png,1353_PM_Chest_AP3.png,0,0.0000
452_AM_Chest_AP5.png,1238_AM_Chest_AP11.png,0,0.0000
959_AM_Chest_AP4.png,966_AM_Chest_AP57.png,0,0.0000
386_AM_Chest_AP10.png,1300_AM_Chest_AP4.png,0,0.0000
1139_AM_Chest_AP5.png,1185_AM_Chest_AP8.png,0,0.0000
390_AM_Chest_AP24.png,360_AM_Chest_AP4.png,0,0.0000
466_AM_Chest_AP2.png,244_AM_Chest_AP21.png,0,0.0002
314_AM_Chest_AP3.png,813_AM_Chest_AP5.png,0,0.0000
888_AM_Chest_AP3.png,938_AM_Chest_AP26.png,0,0.0000
757_PM_Chest_AP2.png,966_AM_Chest_AP51.png,0,0.0000
655_AM_Chest_AP34.png,942_AM_Chest_AP4.png,0,0.0000
1144_AM_Chest_AP12.png,498_AM_Chest_AP60.png,0,0.0000
1346_PM_Chest_AP1.png,492_AM_Chest_AP5.png,0,0.0000
1074_AM_Chest_AP4.png,1205_AM_Chest_AP18.png,0,0.0000
1238_AM_Chest_AP8.png,1346_PM_Chest_AP1.png,0,0.0000
1130_AM_Chest_AP5.png,694_AM_Chest_AP2.png,0,0.0000
1210_AM_Chest_AP5.png,1273_AM_Chest_AP7.png,0,0.0000
529_AM_Chest_AP5.png,830_AM_Chest_AP8.png,0,0.0000
950_AM_Chest_AP15.png,1242_AM_Chest_AP5.png,0,0.0000
1174_AM_Chest_AP7.png,764_PM_Chest_AP2.png,0,0.0000
1237_AM_Chest_AP10.png,983_AM_Chest_AP8.png,0,0.0000
1050_AM_Chest_AP4.png,670_AM_Chest_AP5.png,0,0.0000
485_AM_Chest_AP22.png,1345_PM_Chest_AP4.png,0,0.0000
1242_AM_Chest_AP6.png,898_AM_Chest_AP24.png,0,0.0000
1084_AM_Chest_AP6.png,1332_AM_Chest_AP2.png,0,0.0001
1198_AM_Chest_AP8.png,506_AM_Chest_AP4.png,0,0.0000
1346_AM_Chest_AP13.png,966_AM_Chest_AP41.png,0,0.0000
548_AM_Chest_AP4.png,498_AM_Chest_AP53.png,0,0.0000
1157_AM_Chest_AP3.png,1244_AM_Chest_AP7.png,0,0.0000
890_AM_Chest_AP9.png,076_AM_Chest_AP19.png,0,0.0000
046_PM_Chest_AP1.png,298_AM_Chest_AP6.png,0,0.0000
613_AM_Chest_AP22.png,414_AM_Chest_AP4.png,0,0.0000
1028_AM_Chest_AP21.png,1055_AM_Chest_AP16.png,0,0.0000
1022_AM_Chest_AP3.png,1210_AM_Chest_AP5.png,0,0.0000
971_AM_Chest_AP30.png,031_PM_Chest_AP6.png,0,0.0000
794_AM_Chest_AP6.png,498_AM_Chest_AP59.png,0,0.0000
1194_AM_Chest_AP12.png,1283_AM_Chest_AP8.png,0,0.0000
968_AM_Chest_AP6.png,526_PM_Chest_AP3.png,0,0.0000
1206_AM_Chest_AP21.png,898_AM_Chest_AP26.png,0,0.0000
1303_AM_Chest_AP7.png,983_AM_Chest_AP7.png,0,0.0000
888_AM_Chest_AP3.png,864_AM_Chest_AP7.png,0,0.0000
445_AM_Chest_AP7.png,1202_AM_Chest_AP8.png,0,0.0000
996_AM_Chest_AP5.png,1354_PM_Chest_AP1.png,0,0.0000
689_AM_Chest_AP16.png,1015_AM_Chest_AP7.png,0,0.0000
468_AM_Chest_AP2.png,856_AM_Chest_AP10.png,0,0.0000
1371_PM_Chest_AP2.png,1358_PM_Chest_AP3.png,0,0.0000
1194_AM_Chest_AP11.png,903_AM_Chest_AP6.png,0,0.0000
506_AM_Chest_AP5.png,856_AM_Chest_AP9.png,0,0.0000
1149_AM_Chest_AP5.png,132_AM_Chest_AP5.png,0,0.0000
822_AM_Chest_AP14.png,1013_AM_Chest_AP3.png,0,0.0000
1341_PM_Chest_AP1.png,165_AM_Chest_AP4.png,0,0.0000
689_AM_Chest_AP13.png,498_AM_Chest_AP56.png,0,0.0000
390_AM_Chest_AP21.png,677_AM_Chest_AP4.png,0,0.0000
1023_AM_Chest_AP5.png,1013_AM_Chest_AP4.png,0,0.0000
698_AM_Chest_AP9.png,1055_AM_Chest_AP22.png,0,0.0000
1320_AM_Chest_AP5.png,1245_AM_Chest_AP9.png,0,0.0000
167_AM_Chest_AP9.png,1152_AM_Chest_AP3.png,0,0.0000
900_AM_Chest_AP9.png,1060_AM_Chest_AP2.png,0,0.0000
334_AM_Chest_AP6.png,498_AM_Chest_AP58.png,0,0.0000
398_AM_Chest_AP5.png,966_AM_Chest_AP44.png,0,0.0000
1368_AM_Chest_AP3.png,946_AM_Chest_AP5.png,0,0.0000
937_AM_Chest_AP12.png,195_AM_Chest_AP6.png,0,0.0000
1064_AM_Chest_AP4.png,1018_AM_Chest_AP7.png,0,0.0002
932_AM_Chest_AP16.png,896_AM_Chest_AP13.png,0,0.0000
1204_AM_Chest_AP9.png,893_AM_Chest_AP26.png,0,0.0000
945_AM_Chest_AP20.png,1197_AM_Chest_AP4.png,0,0.0000
1031_AM_Chest_AP19.png,1314_AM_Chest_AP24.png,0,0.0000
1319_AM_Chest_AP3.png,923_AM_Chest_AP8.png,0,0.0000
1331_AM_Chest_AP9.png,1179_AM_Chest_AP11.png,0,0.0000
1271_AM_Chest_AP3.png,962_AM_Chest_AP10.png,0,0.0000
046_PM_Chest_AP1.png,1102_AM_Chest_AP8.png,0,0.0000
529_AM_Chest_AP4.png,938_AM_Chest_AP35.png,0,0.0000
1064_AM_Chest_AP4.png,1152_AM_Chest_AP3.png,0,0.0000
991_AM_Chest_AP7.png,906_AM_Chest_AP4.png,0,0.0000
1104_AM_Chest_AP10.png,1137_AM_Chest_AP7.png,0,0.0000
1005_AM_Chest_AP3.png,147_AM_Chest_AP3.png,0,0.0000
315_AM_Chest_AP4.png,889_AM_Chest_AP12.png,0,0.0000
054_PM_Chest_AP2.png,476_AM_Chest_AP57.png,0,0.0000
1265_AM_Chest_AP10.png,485_AM_Chest_AP27.png,0,0.0000
1039_AM_Chest_AP8.png,893_AM_Chest_AP27.png,0,0.0000
914_AM_Chest_AP8.png,1087_AM_Chest_AP7.png,0,0.0000
487_AM_Chest_AP10.png,1186_AM_Chest_AP7.png,0,0.0000
379_AM_Chest_AP3.png,360_AM_Chest_AP4.png,0,0.0000
889_AM_Chest_AP11.png,728_AM_Chest_AP7.png,0,0.0000
1058_AM_Chest_AP11.png,758_PM_Chest_AP4.png,0,0.0000
136_AM_Chest_AP11.png,1356_PM_Chest_AP2.png,0,0.0000
1039_AM_Chest_AP8.png,613_AM_Chest_AP24.png,0,0.0000
1140_AM_Chest_AP7.png,1134_AM_Chest_AP4.png,0,0.0000
590_AM_Chest_AP2.png,698_AM_Chest_AP11.png,0,0.0000
593_AM_Chest_AP14.png,901_AM_Chest_AP8.png,0,0.0000
1042_AM_Chest_AP6.png,374_PM_Chest_AP2.png,0,0.0000
100_AM_Chest_AP4.png,966_AM_Chest_AP57.png,0,0.0000
445_AM_Chest_AP6.png,498_AM_Chest_AP44.png,0,0.0000
890_AM_Chest_AP7.png,1101_AM_Chest_AP8.png,0,0.0000
547_AM_Chest_AP4.png,1281_AM_Chest_AP8.png,0,0.0000
1107_AM_Chest_AP10.png,1239_AM_Chest_AP7.png,0,0.0000
1015_AM_Chest_AP5.png,301_AM_Chest_AP3.png,0,0.0000
403_AM_Chest_AP11.png,1314_AM_Chest_AP20.png,0,0.0000
437_AM_Chest_AP5.png,959_AM_Chest_AP4.png,0,0.0000
813_AM_Chest_AP7.png,966_AM_Chest_AP45.png,0,0.0000
633_AM_Chest_AP12.png,896_AM_Chest_AP16.png,0,0.0000
593_AM_Chest_AP16.png,1121_AM_Chest_AP2.png,0,0.0000
1089_AM_Chest_AP2.png,905_AM_Chest_AP15.png,0,0.0000
1282_AM_Chest_AP3.png,637_AM_Chest_AP6.png,0,0.0000
1156_AM_Chest_AP3.png,1294_AM_Chest_AP4.png,0,0.0000
1113_AM_Chest_AP3.png,1072_AM_Chest_AP4.png,0,0.0000
1296_AM_Chest_AP59.png,1092_AM_Chest_AP4.png,0,0.0000
1040_AM_Chest_AP4.png,1036_AM_Chest_AP5.png,0,0.0000
1307_AM_Chest_AP3.png,1231_AM_Chest_AP4.png,0,0.0000
533_AM_Chest_AP9.png,1207_AM_Chest_AP6.png,0,0.0000
1279_AM_Chest_AP2.png,1356_PM_Chest_AP1.png,0,0.0000
1314_AM_Chest_AP25.png,1277_AM_Chest_AP8.png,0,0.0000
961_AM_Chest_AP10.png,1073_AM_Chest_AP2.png,0,0.0000
1215_AM_Chest_AP5.png,1341_PM_Chest_AP4.png,0,0.0000
1269_AM_Chest_AP7.png,1262_AM_Chest_AP10.png,0,0.0001
1063_AM_Chest_AP6.png,390_AM_Chest_AP22.png,0,0.0000
991_AM_Chest_AP7.png,1296_AM_Chest_AP58.png,0,0.0000
1004_AM_Chest_AP4.png,626_AM_Chest_AP3.png,0,0.0000
764_PM_Chest_AP2.png,1121_AM_Chest_AP2.png,0,0.0000
157_AM_Chest_AP2.png,898_AM_Chest_AP26.png,0,0.0000
152_AM_Chest_AP8.png,1370_PM_Chest_AP2.png,0,0.0000
1069_AM_Chest_AP12.png,1085_AM_Chest_AP3.png,0,0.0000
973_AM_Chest_AP13.png,1177_AM_Chest_AP9.png,0,0.0000
1314_AM_Chest_AP19.png,1124_AM_Chest_AP5.png,0,0.0000
1262_AM_Chest_AP10.png,945_AM_Chest_AP21.png,0,0.0000
1001_AM_Chest_AP3.png,984_AM_Chest_AP8.png,0,0.0000
802_AM_Chest_AP3.png,1219_AM_Chest_AP8.png,0,0.0000
979_AM_Chest_AP6.png,412_AM_Chest_AP16.png,0,0.0000
1314_AM_Chest_AP25.png,1195_AM_Chest_AP6.png,0,0.0000
973_AM_Chest_AP14.png,981_AM_Chest_AP23.png,0,0.0000
888_AM_Chest_AP3.png,1201_AM_Chest_AP12.png,0,0.0000
904_AM_Chest_AP14.png,686_AM_Chest_AP6.png,0,0.0000
989_AM_Chest_AP11.png,1064_AM_Chest_AP4.png,0,0.0000
1004_AM_Chest_AP4.png,613_AM_Chest_AP24.png,0,0.0000
593_AM_Chest_AP13.png,618_AM_Chest_AP2.png,0,0.0000
689_AM_Chest_AP12.png,1155_AM_Chest_AP23.png,0,0.0000
1228_AM_Chest_AP5.png,545_AM_Chest_AP2.png,0,0.0000
1229_AM_Chest_AP4.png,013_PM_Chest_AP2.png,0,0.0000
1148_AM_Chest_AP9.png,1093_AM_Chest_AP5.png,0,0.0000
1172_AM_Chest_AP8.png,898_AM_Chest_AP27.png,0,0.0000
1190_AM_Chest_AP3.png,897_AM_Chest_AP15.png,0,0.0000
1207_AM_Chest_AP5.png,1166_AM_Chest_AP9.png,0,0.0000
1182_AM_Chest_AP5.png,950_AM_Chest_AP14.png,0,0.0000
822_AM_Chest_AP14.png,1323_AM_Chest_AP2.png,0,0.0000
1076_AM_Chest_AP5.png,829_AM_Chest_AP2.png,0,0.0000
925_AM_Chest_AP8.png,1101_AM_Chest_AP7.png,0,0.0000
979_AM_Chest_AP5.png,024_PM_Chest_AP2.png,0,0.0000
445_AM_Chest_AP7.png,1267_AM_Chest_AP8.png,0,0.2019
1202_AM_Chest_AP8.png,1192_AM_Chest_AP5.png,0,0.0000
1064_AM_Chest_AP4.png,485_AM_Chest_AP25.png,0,0.0000
973_AM_Chest_AP16.png,1227_AM_Chest_AP4.png,0,0.0000
1143_AM_Chest_AP6.png,1281_AM_Chest_AP8.png,0,0.0000
450_AM_Chest_AP6.png,904_AM_Chest_AP12.png,0,0.0000
1256_AM_Chest_AP3.png,409_AM_Chest_AP31.png,0,0.0000
982_AM_Chest_AP15.png,1138_AM_Chest_AP10.png,0,0.0000
452_AM_Chest_AP6.png,973_AM_Chest_AP15.png,0,0.0000
487_AM_Chest_AP11.png,874_AM_Chest_AP2.png,0,0.0000
806_AM_Chest_AP3.png,757_PM_Chest_AP2.png,0,0.0000
554_AM_Chest_AP7.png,1191_AM_Chest_AP7.png,0,0.0000
1092_AM_Chest_AP6.png,334_AM_Chest_AP5.png,0,0.0000
773_AM_Chest_AP8.png,905_AM_Chest_AP12.png,0,0.0000
884_AM_Chest_AP2.png,966_AM_Chest_AP60.png,0,0.0000
989_AM_Chest_AP14.png,964_AM_Chest_AP14.png,0,0.0000
984_AM_Chest_AP7.png,939_AM_Chest_AP9.png,0,0.0000
845_AM_Chest_AP14.png,1101_AM_Chest_AP6.png,0,0.0000
953_AM_Chest_AP4.png,1302_AM_Chest_AP6.png,0,0.0000
1213_AM_Chest_AP6.png,1101_AM_Chest_AP8.png,0,0.0000
725_AM_Chest_AP6.png,1320_AM_Chest_AP6.png,0,0.0000
1081_AM_Chest_AP5.png,1096_AM_Chest_AP24.png,0,0.0000
1172_AM_Chest_AP6.png,1166_AM_Chest_AP11.png,0,0.0003
1028_AM_Chest_AP18.png,495_AM_Chest_AP10.png,0,0.0000
572_AM_Chest_AP9.png,1145_AM_Chest_AP2.png,0,0.0000
1026_AM_Chest_AP3.png,107_AM_Chest_AP31.png,0,0.0000
1118_AM_Chest_AP16.png,180_AM_Chest_AP5.png,0,0.0000
980_AM_Chest_AP10.png,1365_AM_Chest_AP4.png,0,0.0000
1261_AM_Chest_AP12.png,054_PM_Chest_AP2.png,0,0.0000
1206_AM_Chest_AP21.png,1299_AM_Chest_AP6.png,0,0.0000
1194_AM_Chest_AP10.png,637_AM_Chest_AP8.png,0,0.0000
092_AM_Chest_AP2.png,985_AM_Chest_AP10.png,0,0.0000
897_AM_Chest_AP13.png,898_AM_Chest_AP30.png,0,0.0000
1132_AM_Chest_AP6.png,1179_AM_Chest_AP11.png,0,0.0000
733_AM_Chest_AP5.png,928_AM_Chest_AP22.png,0,0.0000
971_AM_Chest_AP30.png,919_AM_Chest_AP7.png,0,0.0000
1111_AM_Chest_AP6.png,795_AM_Chest_AP8.png,0,0.0000
1045_AM_Chest_AP4.png,982_AM_Chest_AP15.png,0,0.0000
1225_AM_Chest_AP3.png,386_AM_Chest_AP11.png,0,0.0000
1027_AM_Chest_AP3.png,1059_AM_Chest_AP11.png,0,0.0017
1028_AM_Chest_AP20.png,139_AM_Chest_AP3.png,0,0.0000
1045_AM_Chest_AP4.png,677_AM_Chest_AP5.png,0,0.0000
994_AM_Chest_AP5.png,930_AM_Chest_AP5.png,0,0.0000
1043_AM_Chest_AP9.png,139_AM_Chest_AP3.png,0,0.0000
1039_AM_Chest_AP6.png,1248_AM_Chest_AP22.png,0,0.0026
485_AM_Chest_AP27.png,975_AM_Chest_AP12.png,0,0.0000
195_AM_Chest_AP6.png,147_AM_Chest_AP3.png,0,0.0000
084_AM_Chest_AP3.png,1063_AM_Chest_AP6.png,0,0.0000
1045_AM_Chest_AP3.png,1118_AM_Chest_AP13.png,0,0.0000
1362_AM_Chest_AP9.png,1036_AM_Chest_AP5.png,0,0.0000
917_AM_Chest_AP5.png,651_AM_Chest_AP19.png,0,0.0000
386_AM_Chest_AP13.png,1185_AM_Chest_AP7.png,0,0.0000
056_PM_Chest_AP5.png,1149_AM_Chest_AP4.png,0,0.0000
976_AM_Chest_AP5.png,1154_AM_Chest_AP7.png,0,0.0000
385_AM_Chest_AP3.png,452_AM_Chest_AP5.png,0,0.0000
579_AM_Chest_AP11.png,917_AM_Chest_AP4.png,0,0.0000
877_PM_Chest_AP2.png,1089_AM_Chest_AP2.png,0,0.0000
1057_AM_Chest_AP13.png,1122_AM_Chest_AP9.png,0,0.0000
244_AM_Chest_AP23.png,1086_AM_Chest_AP8.png,0,0.0000
1057_AM_Chest_AP14.png,1005_AM_Chest_AP3.png,0,0.0001
136_AM_Chest_AP9.png,904_AM_Chest_AP14.png,0,0.0003
1224_AM_Chest_AP7.png,1222_AM_Chest_AP11.png,0,0.0000
863_AM_Chest_AP9.png,1248_AM_Chest_AP23.png,0,0.0000
937_AM_Chest_AP9.png,1140_AM_Chest_AP5.png,0,0.0000
591_AM_Chest_AP28.png,107_AM_Chest_AP26.png,0,0.0001
593_AM_Chest_AP13.png,1199_AM_Chest_AP3.png,0,0.0000
1108_AM_Chest_AP12.png,553_AM_Chest_AP3.png,0,0.0000
907_AM_Chest_AP10.png,966_AM_Chest_AP46.png,0,0.0000
1170_AM_Chest_AP6.png,468_AM_Chest_AP2.png,0,0.0000
362_AM_Chest_AP4.png,215_AM_Chest_AP2.png,0,0.0000
1285_AM_Chest_AP7.png,691_AM_Chest_AP31.png,0,0.0000
633_AM_Chest_AP12.png,476_AM_Chest_AP46.png,0,0.0000
1103_AM_Chest_AP7.png,498_AM_Chest_AP49.png,0,0.0000
1289_AM_Chest_AP38.png,973_AM_Chest_AP17.png,0,0.0000
613_AM_Chest_AP26.png,1177_AM_Chest_AP7.png,0,0.0000
932_AM_Chest_AP14.png,555_AM_Chest_AP15.png,0,0.0000
1191_AM_Chest_AP7.png,1096_AM_Chest_AP24.png,0,0.0000
1024_AM_Chest_AP19.png,1254_AM_Chest_AP4.png,0,0.0000
510_AM_Chest_AP4.png,1226_AM_Chest_AP3.png,0,0.0000
591_AM_Chest_AP33.png,1126_AM_Chest_AP10.png,0,0.0000
994_AM_Chest_AP6.png,1146_AM_Chest_AP15.png,0,0.0000
806_AM_Chest_AP3.png,292_PM_Chest_AP1.png,0,0.0000
392_AM_Chest_AP3.png,476_AM_Chest_AP47.png,0,0.0004
1107_AM_Chest_AP8.png,409_AM_Chest_AP34.png,0,0.0000
1324_AM_Chest_AP10.png,1079_AM_Chest_AP13.png,0,0.0000
1200_AM_Chest_AP7.png,931_AM_Chest_AP4.png,0,0.0000
964_AM_Chest_AP13.png,966_AM_Chest_AP55.png,0,0.0000
419_AM_Chest_AP3.png,1138_AM_Chest_AP8.png,0,0.0000
056_PM_Chest_AP6.png,1090_AM_Chest_AP4.png,0,0.0006
937_AM_Chest_AP10.png,1070_AM_Chest_AP10.png,0,0.0000
945_AM_Chest_AP25.png,1240_AM_Chest_AP4.png,0,0.0000
594_AM_Chest_AP7.png,721_AM_Chest_AP6.png,0,0.0000
1182_AM_Chest_AP5.png,945_AM_Chest_AP18.png,0,0.0000
1043_AM_Chest_AP8.png,658_AM_Chest_AP3.png,0,0.0000
1041_AM_Chest_AP4.png,1246_AM_Chest_AP5.png,0,0.0000
980_AM_Chest_AP11.png,1012_AM_Chest_AP6.png,0,0.0000
758_PM_Chest_AP2.png,1146_AM_Chest_AP17.png,0,0.0000
1051_AM_Chest_AP6.png,912_AM_Chest_AP19.png,0,0.0000
591_AM_Chest_AP26.png,797_AM_Chest_AP10.png,0,0.0000
1130_AM_Chest_AP6.png,1132_AM_Chest_AP5.png,0,0.0000
930_AM_Chest_AP5.png,907_AM_Chest_AP9.png,0,0.0000
1140_AM_Chest_AP7.png,1260_AM_Chest_AP8.png,0,0.0000
655_AM_Chest_AP30.png,412_AM_Chest_AP12.png,0,0.0000
485_AM_Chest_AP23.png,1145_AM_Chest_AP2.png,0,0.0000
1031_AM_Chest_AP15.png,1289_AM_Chest_AP45.png,0,0.0000
1025_AM_Chest_AP9.png,398_AM_Chest_AP3.png,0,0.0000
1213_AM_Chest_AP6.png,1075_AM_Chest_AP10.png,0,0.0000
1368_PM_Chest_AP1.png,945_AM_Chest_AP23.png,0,0.0000
1015_AM_Chest_AP7.png,655_AM_Chest_AP31.png,0,0.0000
1031_AM_Chest_AP19.png,1222_AM_Chest_AP11.png,0,0.0000
1099_AM_Chest_AP5.png,1030_AM_Chest_AP7.png,0,0.0000
1232_AM_Chest_AP5.png,1211_AM_Chest_AP8.png,0,0.0009
751_AM_Chest_AP22.png,1008_AM_Chest_AP5.png,0,0.0000
591_AM_Chest_AP24.png,153_AM_Chest_AP6.png,0,0.0000
1201_AM_Chest_AP10.png,1117_AM_Chest_AP6.png,0,0.0000
689_AM_Chest_AP14.png,513_AM_Chest_AP11.png,0,0.0000
1211_AM_Chest_AP9.png,1218_AM_Chest_AP8.png,0,0.0000
221_AM_Chest_AP6.png,013_PM_Chest_AP2.png,0,0.0000
244_AM_Chest_AP16.png,874_AM_Chest_AP2.png,0,0.0000
611_AM_Chest_AP6.png,957_AM_Chest_AP12.png,0,0.0000
1079_AM_Chest_AP13.png,1266_AM_Chest_AP2.png,0,0.0000
1024_AM_Chest_AP21.png,1028_AM_Chest_AP21.png,0,0.0000
360_AM_Chest_AP3.png,893_AM_Chest_AP21.png,0,0.0000
1076_AM_Chest_AP3.png,995_AM_Chest_AP20.png,0,0.0000
602_PM_Chest_AP3.png,1188_AM_Chest_AP6.png,0,0.0000
191_AM_Chest_AP3.png,362_AM_Chest_AP4.png,0,0.0000
1170_AM_Chest_AP5.png,1186_AM_Chest_AP7.png,0,0.0000
1210_AM_Chest_AP6.png,1281_AM_Chest_AP9.png,0,0.0000
916_AM_Chest_AP3.png,1220_AM_Chest_AP6.png,0,0.0000
1261_AM_Chest_AP10.png,476_AM_Chest_AP53.png,0,0.0000
1225_AM_Chest_AP3.png,637_AM_Chest_AP7.png,0,0.0000
976_AM_Chest_AP8.png,1244_AM_Chest_AP8.png,0,0.0000
1147_AM_Chest_AP10.png,214_AM_Chest_AP4.png,0,0.0000
955_AM_Chest_AP8.png,907_AM_Chest_AP9.png,0,0.0000
1086_AM_Chest_AP11.png,498_AM_Chest_AP47.png,0,0.0000
1306_AM_Chest_AP3.png,390_AM_Chest_AP24.png,0,0.0000
965_AM_Chest_AP10.png,1328_AM_Chest_AP9.png,0,0.0000
1195_AM_Chest_AP7.png,1096_AM_Chest_AP19.png,0,0.0000
1117_AM_Chest_AP6.png,1312_AM_Chest_AP4.png,0,0.0002
867_AM_Chest_AP3.png,1172_AM_Chest_AP8.png,0,0.0000
390_AM_Chest_AP22.png,893_AM_Chest_AP23.png,0,0.0000
1371_PM_Chest_AP2.png,1172_AM_Chest_AP8.png,0,0.0000
315_AM_Chest_AP3.png,893_AM_Chest_AP27.png,0,0.0000
950_AM_Chest_AP19.png,136_AM_Chest_AP10.png,0,0.0000
903_AM_Chest_AP7.png,1201_AM_Chest_AP9.png,0,0.0000
022_PM_Chest_AP1.png,1249_AM_Chest_AP14.png,0,0.0000
795_AM_Chest_AP8.png,1025_AM_Chest_AP10.png,0,0.0000
1324_AM_Chest_AP9.png,412_AM_Chest_AP16.png,0,0.0000
1105_AM_Chest_AP5.png,466_AM_Chest_AP2.png,0,0.0000
1066_AM_Chest_AP4.png,670_AM_Chest_AP5.png,0,0.0001
1031_AM_Chest_AP20.png,633_AM_Chest_AP10.png,0,0.0000
1362_PM_Chest_AP1.png,651_AM_Chest_AP18.png,0,0.0000
1022_AM_Chest_AP3.png,933_AM_Chest_AP4.png,0,0.0038
390_AM_Chest_AP24.png,1124_AM_Chest_AP5.png,0,0.0000
1099_AM_Chest_AP5.png,1155_AM_Chest_AP30.png,0,0.0000
1171_AM_Chest_AP6.png,901_AM_Chest_AP7.png,0,0.0000
966_AM_Chest_AP46.png,182_AM_Chest_AP5.png,0,0.0000
1037_AM_Chest_AP6.png,1202_AM_Chest_AP8.png,0,0.0000
971_AM_Chest_AP33.png,670_AM_Chest_AP5.png,0,0.0000
1324_AM_Chest_AP10.png,1370_PM_Chest_AP2.png,0,0.0000
013_PM_Chest_AP2.png,896_AM_Chest_AP16.png,0,0.0000
1098_AM_Chest_AP13.png,1177_AM_Chest_AP7.png,0,0.0000
1137_AM_Chest_AP6.png,1346_AM_Chest_AP11.png,0,0.0000
403_AM_Chest_AP10.png,1203_AM_Chest_AP3.png,0,0.0000
1216_AM_Chest_AP6.png,1119_AM_Chest_AP6.png,0,0.0000
953_AM_Chest_AP4.png,1107_AM_Chest_AP9.png,0,0.0000
691_AM_Chest_AP32.png,1346_AM_Chest_AP13.png,0,0.0000
445_AM_Chest_AP6.png,1249_AM_Chest_AP12.png,0,0.0001
554_AM_Chest_AP9.png,856_AM_Chest_AP8.png,0,0.0000
594_AM_Chest_AP6.png,1222_AM_Chest_AP9.png,0,0.0000
1031_AM_Chest_AP19.png,693_AM_Chest_AP6.png,0,0.0000
863_AM_Chest_AP7.png,1057_AM_Chest_AP14.png,0,0.0006
468_AM_Chest_AP2.png,1208_AM_Chest_AP4.png,0,0.0000
1043_AM_Chest_AP11.png,1205_AM_Chest_AP17.png,0,0.0000
694_AM_Chest_AP2.png,251_AM_Chest_AP3.png,0,0.0000
996_AM_Chest_AP6.png,928_AM_Chest_AP22.png,0,0.0000
932_AM_Chest_AP15.png,1024_AM_Chest_AP20.png,0,0.0000
1127_AM_Chest_AP11.png,1244_AM_Chest_AP6.png,0,0.0000
1177_AM_Chest_AP9.png,896_AM_Chest_AP15.png,0,0.0000
111_AM_Chest_AP5.png,482_AM_Chest_AP5.png,0,0.0000
022_PM_Chest_AP1.png,1129_AM_Chest_AP3.png,0,0.0000
032_PM_Chest_AP2.png,452_AM_Chest_AP5.png,0,0.0000
320_AM_Chest_AP3.png,1070_AM_Chest_AP11.png,0,0.0000
499_PM_Chest_AP2.png,1020_AM_Chest_AP4.png,0,0.0000
180_AM_Chest_AP5.png,1051_AM_Chest_AP6.png,0,0.0000
1115_AM_Chest_AP14.png,565_AM_Chest_AP3.png,0,0.0000
176_AM_Chest_AP2.png,1101_AM_Chest_AP7.png,0,0.0000
1217_AM_Chest_AP6.png,1277_AM_Chest_AP6.png,0,0.0000
1143_AM_Chest_AP5.png,618_AM_Chest_AP2.png,0,0.0000
944_AM_Chest_AP3.png,444_AM_Chest_AP3.png,0,0.0000
995_AM_Chest_AP16.png,1021_AM_Chest_AP18.png,0,0.0000
1331_AM_Chest_AP11.png,907_AM_Chest_AP9.png,0,0.0000
1128_AM_Chest_AP4.png,1179_AM_Chest_AP12.png,0,0.0000
1123_AM_Chest_AP6.png,187_AM_Chest_AP8.png,0,0.0000
689_AM_Chest_AP13.png,1233_AM_Chest_AP5.png,0,0.0039
1078_AM_Chest_AP3.png,412_AM_Chest_AP18.png,0,0.0000
298_AM_Chest_AP7.png,1205_AM_Chest_AP22.png,0,0.0000
1310_AM_Chest_AP8.png,160_AM_Chest_AP3.png,0,0.0000
1085_AM_Chest_AP5.png,1036_AM_Chest_AP5.png,0,0.0000
937_AM_Chest_AP10.png,495_AM_Chest_AP10.png,0,0.0000
096_AM_Chest_AP2.png,476_AM_Chest_AP60.png,0,0.0000
1183_AM_Chest_AP8.png,992_AM_Chest_AP4.png,0,0.0000
1147_AM_Chest_AP9.png,1146_AM_Chest_AP18.png,0,0.0000
572_AM_Chest_AP9.png,1281_AM_Chest_AP7.png,0,0.0000
822_AM_Chest_AP12.png,463_AM_Chest_AP3.png,0,0.0000
1274_AM_Chest_AP8.png,476_AM_Chest_AP61.png,0,0.0000
1184_AM_Chest_AP7.png,901_AM_Chest_AP9.png,0,0.0000
1148_AM_Chest_AP11.png,1327_AM_Chest_AP3.png,0,0.0000
1229_AM_Chest_AP3.png,1179_AM_Chest_AP9.png,0,0.0000
205_AM_Chest_AP10.png,1154_AM_Chest_AP6.png,0,0.0163
221_AM_Chest_AP7.png,440_AM_Chest_AP3.png,0,0.0000
1258_AM_Chest_AP3.png,1233_AM_Chest_AP5.png,0,0.0013
932_AM_Chest_AP15.png,1145_AM_Chest_AP2.png,0,0.0000
1274_AM_Chest_AP7.png,482_AM_Chest_AP5.png,0,0.0000
996_AM_Chest_AP6.png,914_AM_Chest_AP7.png,0,0.0000
1130_AM_Chest_AP6.png,882_PM_Chest_AP1.png,0,0.0000
221_AM_Chest_AP5.png,733_AM_Chest_AP4.png,0,0.0000
1180_AM_Chest_AP5.png,1062_AM_Chest_AP8.png,0,0.0000
795_AM_Chest_AP8.png,890_AM_Chest_AP9.png,0,0.0011
356_AM_Chest_AP3.png,1069_AM_Chest_AP12.png,0,0.0000
1238_AM_Chest_AP9.png,412_AM_Chest_AP12.png,0,0.0000
655_AM_Chest_AP32.png,1146_AM_Chest_AP20.png,0,0.0000
1300_AM_Chest_AP5.png,1231_AM_Chest_AP4.png,0,0.0000
863_AM_Chest_AP8.png,513_AM_Chest_AP9.png,0,0.0000
795_AM_Chest_AP11.png,1281_AM_Chest_AP8.png,0,0.0000
668_AM_Chest_AP13.png,822_AM_Chest_AP12.png,0,0.0000
1289_AM_Chest_AP44.png,498_AM_Chest_AP57.png,0,0.0000
1120_AM_Chest_AP6.png,1132_AM_Chest_AP6.png,0,0.0000
136_AM_Chest_AP12.png,1024_AM_Chest_AP19.png,0,0.0000
795_AM_Chest_AP11.png,966_AM_Chest_AP44.png,0,0.0000
1096_AM_Chest_AP20.png,677_AM_Chest_AP5.png,0,0.0000
1342_PM_Chest_AP2.png,126_AM_Chest_AP3.png,0,0.0000
751_AM_Chest_AP25.png,1274_AM_Chest_AP7.png,0,0.0000
173_AM_Chest_AP3.png,1023_AM_Chest_AP6.png,0,0.0000
971_AM_Chest_AP33.png,399_AM_Chest_AP2.png,0,0.0000
760_PM_Chest_AP2.png,187_AM_Chest_AP9.png,0,0.0000
591_AM_Chest_AP24.png,1196_AM_Chest_AP4.png,0,0.0000
820_AM_Chest_AP7.png,1155_AM_Chest_AP28.png,0,0.0000
786_AM_Chest_AP19.png,938_AM_Chest_AP25.png,0,0.0000
1281_AM_Chest_AP7.png,930_AM_Chest_AP4.png,0,0.0000
1148_AM_Chest_AP10.png,877_PM_Chest_AP3.png,0,0.0000
751_AM_Chest_AP30.png,557_AM_Chest_AP5.png,0,0.0000
1021_AM_Chest_AP18.png,1100_AM_Chest_AP9.png,0,0.0000
1008_AM_Chest_AP5.png,017_PM_Chest_AP2.png,0,0.0000
1142_AM_Chest_AP6.png,894_AM_Chest_AP5.png,0,0.0000
893_AM_Chest_AP20.png,1079_AM_Chest_AP12.png,0,0.0000
152_AM_Chest_AP9.png,1155_AM_Chest_AP24.png,0,0.0000
1314_AM_Chest_AP24.png,096_AM_Chest_AP2.png,0,0.0000
921_AM_Chest_AP11.png,1206_AM_Chest_AP20.png,0,0.0000
669_AM_Chest_AP7.png,1205_AM_Chest_AP22.png,0,0.0000
668_AM_Chest_AP15.png,740_AM_Chest_AP5.png,0,0.0000
475_AM_Chest_AP14.png,1155_AM_Chest_AP31.png,0,0.0000
735_AM_Chest_AP6.png,072_AM_Chest_AP3.png,0,0.0000
1262_AM_Chest_AP10.png,1240_AM_Chest_AP5.png,0,0.0000
908_AM_Chest_AP10.png,1177_AM_Chest_AP8.png,0,0.0000
1042_AM_Chest_AP6.png,076_AM_Chest_AP24.png,0,0.0000
076_AM_Chest_AP23.png,1122_AM_Chest_AP9.png,0,0.0000
1098_AM_Chest_AP13.png,444_AM_Chest_AP3.png,0,0.0000
1118_AM_Chest_AP13.png,1110_AM_Chest_AP2.png,0,0.0000
895_AM_Chest_AP6.png,314_AM_Chest_AP3.png,0,0.0001
1206_AM_Chest_AP18.png,1275_AM_Chest_AP5.png,0,0.0000
089_AM_Chest_AP4.png,1305_AM_Chest_AP7.png,0,0.0000
735_AM_Chest_AP6.png,498_AM_Chest_AP57.png,0,0.0000
1191_AM_Chest_AP6.png,176_AM_Chest_AP2.png,0,0.0000
338_AM_Chest_AP5.png,1192_AM_Chest_AP5.png,0,0.0000
974_AM_Chest_AP7.png,1096_AM_Chest_AP22.png,0,0.0000
1194_AM_Chest_AP13.png,493_AM_Chest_AP9.png,0,0.0000
321_AM_Chest_AP3.png,409_AM_Chest_AP33.png,0,0.0000
593_AM_Chest_AP13.png,626_AM_Chest_AP3.png,0,0.0000
227_AM_Chest_AP4.png,1061_AM_Chest_AP4.png,0,0.0000
152_AM_Chest_AP8.png,698_AM_Chest_AP10.png,0,0.0000
550_AM_Chest_AP3.png,1262_AM_Chest_AP9.png,0,0.0000
930_AM_Chest_AP5.png,1146_AM_Chest_AP20.png,0,0.0000
845_AM_Chest_AP14.png,1209_AM_Chest_AP13.png,0,0.0022
1023_AM_Chest_AP6.png,960_AM_Chest_AP5.png,0,0.0000
987_AM_Chest_AP7.png,1030_AM_Chest_AP6.png,0,0.0000
1141_AM_Chest_AP8.png,1277_AM_Chest_AP6.png,0,0.0000
1127_AM_Chest_AP9.png,971_AM_Chest_AP27.png,0,0.0000
1278_AM_Chest_AP11.png,1143_AM_Chest_AP5.png,0,0.0000
906_AM_Chest_AP3.png,691_AM_Chest_AP27.png,0,0.0000
907_AM_Chest_AP8.png,1123_AM_Chest_AP6.png,0,0.0000
786_AM_Chest_AP21.png,041_PM_Chest_AP1.png,0,0.0001
908_AM_Chest_AP8.png,1192_AM_Chest_AP5.png,0,0.0000
982_AM_Chest_AP14.png,1048_AM_Chest_AP4.png,0,0.0000
1127_AM_Chest_AP11.png,794_AM_Chest_AP8.png,0,0.0000
887_AM_Chest_AP15.png,946_AM_Chest_AP5.png,0,0.0000
576_PM_Chest_AP2.png,360_AM_Chest_AP3.png,0,0.0000
969_AM_Chest_AP5.png,182_AM_Chest_AP5.png,0,0.0000
904_AM_Chest_AP12.png,928_AM_Chest_AP25.png,0,0.0000
1206_AM_Chest_AP21.png,939_AM_Chest_AP10.png,0,0.0000
889_AM_Chest_AP10.png,1139_AM_Chest_AP4.png,0,0.0000
031_PM_Chest_AP5.png,1283_AM_Chest_AP8.png,0,0.0000
1099_AM_Chest_AP3.png,132_AM_Chest_AP5.png,0,0.0000
961_AM_Chest_AP10.png,1016_AM_Chest_AP6.png,0,0.0000
319_AM_Chest_AP9.png,1201_AM_Chest_AP10.png,0,0.0000
751_AM_Chest_AP22.png,342_AM_Chest_AP2.png,0,0.0000
689_AM_Chest_AP17.png,1155_AM_Chest_AP30.png,0,0.0000
468_AM_Chest_AP2.png,1081_AM_Chest_AP5.png,0,0.0000
606_AM_Chest_AP2.png,751_AM_Chest_AP23.png,0,0.0000
533_AM_Chest_AP10.png,440_AM_Chest_AP3.png,0,0.0000
1204_AM_Chest_AP10.png,1281_AM_Chest_AP8.png,0,0.0000
1141_AM_Chest_AP6.png,864_AM_Chest_AP6.png,0,0.0000
060_AM_Chest_AP3.png,838_AM_Chest_AP3.png,0,0.0000
1283_AM_Chest_AP8.png,457_PM_Chest_AP1.png,0,0.0000
1037_AM_Chest_AP8.png,424_AM_Chest_AP6.png,0,0.0000
971_AM_Chest_AP28.png,956_AM_Chest_AP6.png,0,0.0000
1116_AM_Chest_AP3.png,1021_AM_Chest_AP15.png,0,0.0000
1107_AM_Chest_AP10.png,1100_AM_Chest_AP8.png,0,0.0000
123_AM_Chest_AP2.png,591_AM_Chest_AP29.png,0,0.0000
887_AM_Chest_AP14.png,1082_AM_Chest_AP12.png,0,0.0000
1107_AM_Chest_AP8.png,1286_AM_Chest_AP7.png,0,0.0000
1247_AM_Chest_AP3.png,1179_AM_Chest_AP9.png,0,0.0000
903_AM_Chest_AP5.png,319_AM_Chest_AP9.png,0,0.0000
979_AM_Chest_AP6.png,1049_AM_Chest_AP5.png,0,0.0000
1004_AM_Chest_AP4.png,1244_AM_Chest_AP7.png,0,0.0969
987_AM_Chest_AP6.png,1329_AM_Chest_AP9.png,0,0.0000
1136_AM_Chest_AP10.png,1262_AM_Chest_AP12.png,0,0.0000
290_PM_Chest_AP1.png,1195_AM_Chest_AP8.png,0,0.0001
195_AM_Chest_AP5.png,651_AM_Chest_AP16.png,0,0.0000
172_AM_Chest_AP4.png,1262_AM_Chest_AP12.png,0,0.0000
889_AM_Chest_AP9.png,985_AM_Chest_AP12.png,0,0.0000
1364_PM_Chest_AP2.png,1302_AM_Chest_AP5.png,0,0.0000
315_AM_Chest_AP3.png,1068_AM_Chest_AP12.png,0,0.0000
786_AM_Chest_AP25.png,913_AM_Chest_AP3.png,0,0.0000
1126_AM_Chest_AP10.png,445_AM_Chest_AP7.png,0,0.0000
1227_AM_Chest_AP3.png,1020_AM_Chest_AP3.png,0,0.0000
735_AM_Chest_AP6.png,1096_AM_Chest_AP24.png,0,0.0000
939_AM_Chest_AP12.png,1160_AM_Chest_AP3.png,0,0.0000
1015_AM_Chest_AP5.png,1230_AM_Chest_AP2.png,0,0.0002
1011_AM_Chest_AP7.png,881_PM_Chest_AP2.png,0,0.0000
1120_AM_Chest_AP6.png,398_AM_Chest_AP3.png,0,0.0000
107_AM_Chest_AP30.png,967_AM_Chest_AP4.png,0,0.0000
1174_AM_Chest_AP6.png,1034_AM_Chest_AP4.png,0,0.0000
060_AM_Chest_AP3.png,1194_AM_Chest_AP13.png,0,0.0000
1336_AM_Chest_AP6.png,1107_AM_Chest_AP10.png,0,0.0000
794_AM_Chest_AP9.png,1056_AM_Chest_AP5.png,0,0.0000
1130_AM_Chest_AP6.png,924_AM_Chest_AP5.png,0,0.0000
655_AM_Chest_AP31.png,1314_AM_Chest_AP24.png,0,0.0000
925_AM_Chest_AP7.png,1054_AM_Chest_AP3.png,0,0.0000
890_AM_Chest_AP7.png,498_AM_Chest_AP56.png,0,0.0000
320_AM_Chest_AP3.png,1346_AM_Chest_AP13.png,0,0.0000
1144_AM_Chest_AP9.png,1160_AM_Chest_AP3.png,0,0.0000
994_AM_Chest_AP6.png,966_AM_Chest_AP45.png,0,0.0000
898_AM_Chest_AP28.png,1349_AM_Chest_AP3.png,0,0.0000
1217_AM_Chest_AP6.png,482_AM_Chest_AP5.png,0,0.0000
1063_AM_Chest_AP7.png,929_AM_Chest_AP5.png,0,0.0000
1198_AM_Chest_AP7.png,674_AM_Chest_AP3.png,0,0.0000
655_AM_Chest_AP33.png,116_AM_Chest_AP14.png,0,0.0002
1329_AM_Chest_AP9.png,1121_AM_Chest_AP2.png,0,0.0000
1200_AM_Chest_AP9.png,371_AM_Chest_AP4.png,0,0.0000
1314_AM_Chest_AP22.png,1105_AM_Chest_AP5.png,0,0.0000
150_AM_Chest_AP7.png,1231_AM_Chest_AP5.png,0,0.0000
1325_AM_Chest_AP9.png,1268_AM_Chest_AP4.png,0,0.0000
247_AM_Chest_AP2.png,942_AM_Chest_AP3.png,0,0.0001
247_AM_Chest_AP2.png,1146_AM_Chest_AP19.png,0,0.0000
914_AM_Chest_AP9.png,476_AM_Chest_AP53.png,0,0.0000
1024_AM_Chest_AP20.png,171_AM_Chest_AP2.png,0,0.0000
390_AM_Chest_AP29.png,1273_AM_Chest_AP7.png,0,0.0000
1015_AM_Chest_AP6.png,1331_AM_Chest_AP9.png,0,0.0000
1289_AM_Chest_AP38.png,1170_AM_Chest_AP6.png,0,0.0000
863_AM_Chest_AP7.png,903_AM_Chest_AP6.png,0,0.0000
897_AM_Chest_AP13.png,893_AM_Chest_AP21.png,0,0.0000
1171_AM_Chest_AP6.png,498_AM_Chest_AP48.png,0,0.0000
786_AM_Chest_AP24.png,1283_AM_Chest_AP7.png,0,0.0000
320_AM_Chest_AP3.png,800_AM_Chest_AP12.png,0,0.0000
652_AM_Chest_AP3.png,1021_AM_Chest_AP15.png,0,0.0000
1288_AM_Chest_AP8.png,1227_AM_Chest_AP3.png,0,0.0000
1109_AM_Chest_AP5.png,1288_AM_Chest_AP7.png,0,0.0000
557_AM_Chest_AP5.png,895_AM_Chest_AP6.png,0,0.0000
581_AM_Chest_AP2.png,116_AM_Chest_AP15.png,0,0.0000
153_AM_Chest_AP6.png,1028_AM_Chest_AP20.png,0,0.0000
1005_AM_Chest_AP3.png,1371_PM_Chest_AP2.png,0,0.0001
1063_AM_Chest_AP6.png,1174_AM_Chest_AP6.png,0,0.0000
971_AM_Chest_AP26.png,513_AM_Chest_AP11.png,0,0.0000
733_AM_Chest_AP4.png,1024_AM_Chest_AP20.png,0,0.0000
766_PM_Chest_AP1.png,1306_AM_Chest_AP3.png,0,0.0000
1264_AM_Chest_AP11.png,758_PM_Chest_AP2.png,0,0.0000
912_AM_Chest_AP19.png,1298_AM_Chest_AP2.png,0,0.0000
980_AM_Chest_AP7.png,915_AM_Chest_AP10.png,0,0.0000
152_AM_Chest_AP9.png,1278_AM_Chest_AP11.png,0,0.0012
1206_AM_Chest_AP24.png,1205_AM_Chest_AP22.png,0,0.0000
689_AM_Chest_AP14.png,1155_AM_Chest_AP27.png,0,0.0000
1281_AM_Chest_AP7.png,1214_AM_Chest_AP3.png,0,0.0000
409_AM_Chest_AP29.png,126_AM_Chest_AP3.png,0,0.0000
915_AM_Chest_AP10.png,1079_AM_Chest_AP12.png,0,0.0000
698_AM_Chest_AP11.png,1055_AM_Chest_AP16.png,0,0.0000
1255_AM_Chest_AP3.png,1270_AM_Chest_AP10.png,0,0.0000
356_AM_Chest_AP4.png,971_AM_Chest_AP26.png,0,0.0000
927_AM_Chest_AP2.png,1052_AM_Chest_AP2.png,0,0.0000
1113_AM_Chest_AP3.png,1267_AM_Chest_AP8.png,0,0.0000
172_AM_Chest_AP4.png,1016_AM_Chest_AP8.png,0,0.0000
1031_AM_Chest_AP20.png,973_AM_Chest_AP17.png,0,0.0000
1157_AM_Chest_AP3.png,874_AM_Chest_AP2.png,0,0.0000
903_AM_Chest_AP7.png,966_AM_Chest_AP50.png,0,0.0000
1289_AM_Chest_AP38.png,1275_AM_Chest_AP4.png,0,0.0018
323_AM_Chest_AP5.png,471_AM_Chest_AP3.png,0,0.0000
1285_AM_Chest_AP6.png,1287_AM_Chest_AP3.png,0,0.0000
1329_AM_Chest_AP10.png,1215_AM_Chest_AP5.png,0,0.0000
655_AM_Chest_AP29.png,795_AM_Chest_AP11.png,0,0.0000
153_AM_Chest_AP5.png,938_AM_Chest_AP31.png,0,0.0000
909_AM_Chest_AP6.png,1024_AM_Chest_AP15.png,0,0.0000
136_AM_Chest_AP11.png,830_AM_Chest_AP9.png,0,0.0000
1058_AM_Chest_AP14.png,107_AM_Chest_AP29.png,0,0.0000
1255_AM_Chest_AP3.png,452_AM_Chest_AP6.png,0,0.0000
1204_AM_Chest_AP10.png,1261_AM_Chest_AP9.png,0,0.0000
1324_AM_Chest_AP9.png,1132_AM_Chest_AP6.png,0,0.0000
153_AM_Chest_AP6.png,613_AM_Chest_AP18.png,0,0.0000
1264_AM_Chest_AP12.png,067_AM_Chest_AP4.png,0,0.0000
969_AM_Chest_AP5.png,651_AM_Chest_AP18.png,0,0.0000
1033_AM_Chest_AP3.png,974_AM_Chest_AP7.png,0,0.0000
032_PM_Chest_AP1.png,023_PM_Chest_AP2.png,0,0.0000
1096_AM_Chest_AP18.png,498_AM_Chest_AP53.png,0,0.0000
1088_AM_Chest_AP6.png,116_AM_Chest_AP15.png,0,0.0000
852_AM_Chest_AP4.png,1231_AM_Chest_AP5.png,0,0.0000
1015_AM_Chest_AP6.png,733_AM_Chest_AP5.png,0,0.0000
1259_AM_Chest_AP14.png,1286_AM_Chest_AP8.png,0,0.0000
961_AM_Chest_AP9.png,1010_AM_Chest_AP4.png,0,0.0000
476_AM_Chest_AP47.png,1245_AM_Chest_AP7.png,0,0.0000
626_AM_Chest_AP3.png,1299_AM_Chest_AP8.png,0,0.0000
403_AM_Chest_AP11.png,1043_AM_Chest_AP8.png,0,0.0000
1123_AM_Chest_AP5.png,1348_PM_Chest_AP3.png,0,0.0000
934_AM_Chest_AP5.png,1286_AM_Chest_AP8.png,0,0.0000
1019_AM_Chest_AP8.png,1239_AM_Chest_AP5.png,0,0.0000
655_AM_Chest_AP32.png,1365_AM_Chest_AP4.png,0,0.0000
786_AM_Chest_AP26.png,1341_PM_Chest_AP3.png,0,0.0000
097_AM_Chest_AP4.png,984_AM_Chest_AP8.png,0,0.0000
1263_AM_Chest_AP3.png,1118_AM_Chest_AP16.png,0,0.0000
351_AM_Chest_AP10.png,1145_AM_Chest_AP2.png,0,0.0000
1243_AM_Chest_AP6.png,1359_PM_Chest_AP1.png,0,0.0000
591_AM_Chest_AP32.png,1281_AM_Chest_AP7.png,0,0.0005
925_AM_Chest_AP7.png,691_AM_Chest_AP25.png,0,0.0000
1204_AM_Chest_AP9.png,1030_AM_Chest_AP6.png,0,0.0000
975_AM_Chest_AP16.png,651_AM_Chest_AP19.png,0,0.0000
046_PM_Chest_AP2.png,1146_AM_Chest_AP15.png,0,0.0000
1371_PM_Chest_AP2.png,906_AM_Chest_AP3.png,0,0.0000
1170_AM_Chest_AP6.png,1017_AM_Chest_AP4.png,0,0.0000
1097_AM_Chest_AP5.png,1086_AM_Chest_AP11.png,0,0.0000
712_PM_Chest_AP5.png,1215_AM_Chest_AP3.png,0,0.0000
346_AM_Chest_AP4.png,1247_AM_Chest_AP3.png,0,0.0000
991_AM_Chest_AP7.png,957_AM_Chest_AP15.png,0,0.0000
613_AM_Chest_AP24.png,498_AM_Chest_AP55.png,0,0.0000
412_AM_Chest_AP17.png,1277_AM_Chest_AP8.png,0,0.0000
1070_AM_Chest_AP11.png,881_PM_Chest_AP2.png,0,0.0000
996_AM_Chest_AP5.png,1213_AM_Chest_AP6.png,0,0.0000
485_AM_Chest_AP25.png,1021_AM_Chest_AP19.png,0,0.0000
1296_AM_Chest_AP55.png,476_AM_Chest_AP54.png,0,0.0000
689_AM_Chest_AP17.png,356_AM_Chest_AP3.png,0,0.0000
1147_AM_Chest_AP8.png,1164_AM_Chest_AP2.png,0,0.0000
1005_AM_Chest_AP3.png,990_AM_Chest_AP8.png,0,0.0000
386_AM_Chest_AP12.png,613_AM_Chest_AP24.png,0,0.0000
1015_AM_Chest_AP7.png,1324_AM_Chest_AP11.png,0,0.0000
1264_AM_Chest_AP11.png,1170_AM_Chest_AP6.png,0,0.0000
739_AM_Chest_AP3.png,176_AM_Chest_AP2.png,0,0.0001
1024_AM_Chest_AP15.png,223_AM_Chest_AP2.png,0,0.0000
997_AM_Chest_AP3.png,301_AM_Chest_AP3.png,0,0.0000
992_AM_Chest_AP4.png,899_AM_Chest_AP6.png,0,0.0000
845_AM_Chest_AP14.png,1124_AM_Chest_AP5.png,0,0.0000
1200_AM_Chest_AP9.png,374_PM_Chest_AP2.png,0,0.0002
764_PM_Chest_AP3.png,1086_AM_Chest_AP8.png,0,0.0000
1207_AM_Chest_AP5.png,1102_AM_Chest_AP6.png,0,0.0000
996_AM_Chest_AP6.png,1101_AM_Chest_AP8.png,0,0.0000
1324_AM_Chest_AP10.png,1061_AM_Chest_AP3.png,0,0.0000
475_AM_Chest_AP15.png,1068_AM_Chest_AP12.png,0,0.0000
1206_AM_Chest_AP19.png,691_AM_Chest_AP26.png,0,0.0000
1184_AM_Chest_AP5.png,914_AM_Chest_AP9.png,0,0.0000
339_AM_Chest_AP13.png,1328_AM_Chest_AP8.png,0,0.0000
1192_AM_Chest_AP4.png,1299_AM_Chest_AP6.png,0,0.0000
1072_AM_Chest_AP4.png,390_AM_Chest_AP24.png,0,0.0000
983_AM_Chest_AP8.png,1132_AM_Chest_AP6.png,0,0.0000
968_AM_Chest_AP6.png,1317_AM_Chest_AP10.png,0,0.0000
173_AM_Chest_AP3.png,923_AM_Chest_AP6.png,0,0.0000
1026_AM_Chest_AP3.png,1327_AM_Chest_AP3.png,0,0.0000
475_AM_Chest_AP15.png,964_AM_Chest_AP15.png,0,0.0001
735_AM_Chest_AP7.png,1024_AM_Chest_AP18.png,0,0.0000
594_AM_Chest_AP8.png,244_AM_Chest_AP17.png,0,0.0000
751_AM_Chest_AP32.png,437_AM_Chest_AP5.png,0,0.0000
902_AM_Chest_AP4.png,691_AM_Chest_AP33.png,0,0.0000
493_AM_Chest_AP8.png,1349_AM_Chest_AP3.png,0,0.0000
864_AM_Chest_AP7.png,1079_AM_Chest_AP13.png,0,0.0000
298_AM_Chest_AP8.png,322_AM_Chest_AP4.png,0,0.0000
990_AM_Chest_AP8.png,1018_AM_Chest_AP6.png,0,0.0000
390_AM_Chest_AP29.png,1249_AM_Chest_AP15.png,0,0.0000
1268_AM_Chest_AP4.png,476_AM_Chest_AP51.png,0,0.0000
613_AM_Chest_AP20.png,966_AM_Chest_AP45.png,0,0.0000
1220_AM_Chest_AP5.png,933_AM_Chest_AP5.png,0,0.0000
1013_AM_Chest_AP4.png,1025_AM_Chest_AP11.png,0,0.0001
1263_AM_Chest_AP3.png,1095_AM_Chest_AP6.png,0,0.0001
928_AM_Chest_AP22.png,1014_AM_Chest_AP10.png,0,0.0000
635_AM_Chest_AP7.png,960_AM_Chest_AP5.png,0,0.0000
1215_AM_Chest_AP5.png,966_AM_Chest_AP54.png,0,0.0000
1062_AM_Chest_AP8.png,495_AM_Chest_AP12.png,0,0.0000
950_AM_Chest_AP15.png,908_AM_Chest_AP10.png,0,0.0000
856_AM_Chest_AP10.png,498_AM_Chest_AP51.png,0,0.0000
932_AM_Chest_AP14.png,1365_PM_Chest_AP1.png,0,0.0000
1045_AM_Chest_AP3.png,1097_AM_Chest_AP8.png,0,0.0000
1316_AM_Chest_AP7.png,674_AM_Chest_AP3.png,0,0.0000
1272_AM_Chest_AP7.png,893_AM_Chest_AP21.png,0,0.0000
1248_AM_Chest_AP19.png,1274_AM_Chest_AP7.png,0,0.0000
338_AM_Chest_AP5.png,1108_AM_Chest_AP11.png,0,0.0000
1081_AM_Chest_AP5.png,964_AM_Chest_AP19.png,0,0.0000
1261_AM_Chest_AP10.png,973_AM_Chest_AP17.png,0,0.0483
1033_AM_Chest_AP3.png,513_AM_Chest_AP9.png,0,0.0000
437_AM_Chest_AP5.png,1094_AM_Chest_AP12.png,0,0.0000
1314_AM_Chest_AP25.png,992_AM_Chest_AP4.png,0,0.0000
1155_AM_Chest_AP29.png,1328_AM_Chest_AP7.png,0,0.0000
611_AM_Chest_AP6.png,1205_AM_Chest_AP20.png,0,0.0000
1261_AM_Chest_AP12.png,1192_AM_Chest_AP5.png,0,0.0000
1260_AM_Chest_AP10.png,967_AM_Chest_AP4.png,0,0.0000
655_AM_Chest_AP28.png,015_PM_Chest_AP1.png,0,0.0000
920_AM_Chest_AP3.png,451_AM_Chest_AP3.png,0,0.0000
1064_AM_Chest_AP5.png,1224_AM_Chest_AP6.png,0,0.0001
1057_AM_Chest_AP10.png,1003_AM_Chest_AP3.png,0,0.0001
1289_AM_Chest_AP40.png,1269_AM_Chest_AP8.png,0,0.0000
1307_AM_Chest_AP4.png,211_AM_Chest_AP11.png,0,0.0000
989_AM_Chest_AP12.png,1254_AM_Chest_AP4.png,0,0.0000
1142_AM_Chest_AP7.png,1028_AM_Chest_AP20.png,0,0.0000
1221_AM_Chest_AP5.png,116_AM_Chest_AP15.png,0,0.0000
1147_AM_Chest_AP10.png,1274_AM_Chest_AP6.png,0,0.0000
1037_AM_Chest_AP7.png,1328_AM_Chest_AP7.png,0,0.0000
606_AM_Chest_AP2.png,670_AM_Chest_AP5.png,0,0.0000
1263_AM_Chest_AP4.png,881_PM_Chest_AP3.png,0,0.0000
923_AM_Chest_AP5.png,966_AM_Chest_AP55.png,0,0.0000
409_AM_Chest_AP29.png,1173_AM_Chest_AP9.png,0,0.0000
460_PM_Chest_AP2.png,1337_AM_Chest_AP3.png,0,0.0000
1091_AM_Chest_AP5.png,698_AM_Chest_AP9.png,0,0.0000
076_AM_Chest_AP20.png,893_AM_Chest_AP20.png,0,0.0000
1097_AM_Chest_AP6.png,1103_AM_Chest_AP8.png,0,0.0000
546_AM_Chest_AP6.png,1202_AM_Chest_AP7.png,0,0.0000
1256_AM_Chest_AP3.png,691_AM_Chest_AP27.png,0,0.0000
909_AM_Chest_AP6.png,548_AM_Chest_AP3.png,0,0.0000
950_AM_Chest_AP14.png,896_AM_Chest_AP16.png,0,0.0000
1070_AM_Chest_AP10.png,651_AM_Chest_AP18.png,0,0.0000
419_AM_Chest_AP3.png,613_AM_Chest_AP18.png,0,0.0000
1057_AM_Chest_AP13.png,1307_AM_Chest_AP3.png,0,0.0000
1359_PM_Chest_AP1.png,1246_AM_Chest_AP5.png,0,0.0000
636_AM_Chest_AP8.png,1193_AM_Chest_AP4.png,0,0.0000
1200_AM_Chest_AP8.png,1172_AM_Chest_AP7.png,0,0.0000
1236_AM_Chest_AP4.png,1362_AM_Chest_AP8.png,0,0.0000
1234_AM_Chest_AP8.png,412_AM_Chest_AP16.png,0,0.0000
1055_AM_Chest_AP22.png,1075_AM_Chest_AP10.png,0,0.0000
116_AM_Chest_AP19.png,1214_AM_Chest_AP3.png,0,0.0000
1048_AM_Chest_AP3.png,928_AM_Chest_AP25.png,0,0.0000
1118_AM_Chest_AP13.png,390_AM_Chest_AP25.png,0,0.0000
968_AM_Chest_AP9.png,739_AM_Chest_AP4.png,0,0.0000
116_AM_Chest_AP18.png,699_AM_Chest_AP15.png,0,0.0000
1183_AM_Chest_AP9.png,1155_AM_Chest_AP27.png,0,0.0000
1194_AM_Chest_AP10.png,1179_AM_Chest_AP10.png,0,0.0000
1018_AM_Chest_AP8.png,1300_AM_Chest_AP4.png,0,0.0000
991_AM_Chest_AP8.png,1210_AM_Chest_AP5.png,0,0.0000
1263_AM_Chest_AP4.png,1097_AM_Chest_AP8.png,0,0.0000
591_AM_Chest_AP25.png,964_AM_Chest_AP15.png,0,0.0000
205_AM_Chest_AP10.png,974_AM_Chest_AP6.png,0,0.0038
1184_AM_Chest_AP5.png,1196_AM_Chest_AP4.png,0,0.0000
954_AM_Chest_AP2.png,728_AM_Chest_AP7.png,0,0.0000
698_AM_Chest_AP10.png,475_AM_Chest_AP16.png,0,0.0000
1185_AM_Chest_AP9.png,314_AM_Chest_AP3.png,0,0.0000
992_AM_Chest_AP4.png,1185_AM_Chest_AP7.png,0,0.0000
912_AM_Chest_AP18.png,476_AM_Chest_AP55.png,0,0.0000
221_AM_Chest_AP7.png,924_AM_Chest_AP5.png,0,0.0000
533_AM_Chest_AP9.png,994_AM_Chest_AP6.png,0,0.0000
180_AM_Chest_AP5.png,938_AM_Chest_AP29.png,0,0.0000
1133_AM_Chest_AP5.png,938_AM_Chest_AP25.png,0,0.0000
1320_AM_Chest_AP5.png,1179_AM_Chest_AP9.png,0,0.0000
550_AM_Chest_AP3.png,979_AM_Chest_AP6.png,0,0.0000
024_PM_Chest_AP2.png,1137_AM_Chest_AP7.png,0,0.0000
1019_AM_Chest_AP8.png,321_AM_Chest_AP3.png,0,0.0000
100_AM_Chest_AP4.png,1215_AM_Chest_AP3.png,0,0.0000
362_AM_Chest_AP3.png,1270_AM_Chest_AP8.png,0,0.0000
968_AM_Chest_AP9.png,691_AM_Chest_AP31.png,0,0.0000
1091_AM_Chest_AP6.png,1055_AM_Chest_AP17.png,0,0.0000
1202_AM_Chest_AP7.png,923_AM_Chest_AP6.png,0,0.0000
1076_AM_Chest_AP3.png,897_AM_Chest_AP16.png,0,0.0000
1341_PM_Chest_AP4.png,314_AM_Chest_AP3.png,0,0.0000
419_AM_Chest_AP3.png,345_AM_Chest_AP2.png,0,0.0000
885_AM_Chest_AP3.png,856_AM_Chest_AP10.png,0,0.0000
1028_AM_Chest_AP17.png,1146_AM_Chest_AP16.png,0,0.0000
689_AM_Chest_AP12.png,1021_AM_Chest_AP18.png,0,0.0000
1237_AM_Chest_AP10.png,498_AM_Chest_AP59.png,0,0.0000
1265_AM_Chest_AP8.png,1267_AM_Chest_AP9.png,0,0.0000
1296_AM_Chest_AP53.png,898_AM_Chest_AP23.png,0,0.0000
1152_AM_Chest_AP3.png,931_AM_Chest_AP4.png,0,0.0000
820_AM_Chest_AP9.png,1307_AM_Chest_AP4.png,0,0.0000
1234_AM_Chest_AP7.png,076_AM_Chest_AP21.png,0,0.0000
546_AM_Chest_AP6.png,820_AM_Chest_AP8.png,0,0.0000
1261_AM_Chest_AP12.png,371_AM_Chest_AP4.png,0,0.0000
1083_AM_Chest_AP6.png,1100_AM_Chest_AP9.png,0,0.0000
1250_AM_Chest_AP3.png,924_AM_Chest_AP5.png,0,0.0000
1015_AM_Chest_AP6.png,1124_AM_Chest_AP5.png,0,0.0000
903_AM_Chest_AP5.png,1179_AM_Chest_AP11.png,0,0.0000
1155_AM_Chest_AP22.png,232_AM_Chest_AP2.png,0,0.0000
560_AM_Chest_AP4.png,1289_AM_Chest_AP44.png,0,0.0000
1314_AM_Chest_AP23.png,1130_AM_Chest_AP6.png,0,0.0000
891_AM_Chest_AP4.png,1181_AM_Chest_AP2.png,0,0.0000
800_AM_Chest_AP12.png,182_AM_Chest_AP5.png,0,0.0000
572_AM_Chest_AP8.png,374_PM_Chest_AP2.png,0,0.0005
214_AM_Chest_AP5.png,1345_PM_Chest_AP4.png,0,0.0000
554_AM_Chest_AP7.png,1043_AM_Chest_AP8.png,0,0.0000
297_AM_Chest_AP2.png,1082_AM_Chest_AP14.png,0,0.0000
1269_AM_Chest_AP6.png,1210_AM_Chest_AP6.png,0,0.0000
766_PM_Chest_AP3.png,1262_AM_Chest_AP11.png,0,0.0000
1127_AM_Chest_AP12.png,641_AM_Chest_AP2.png,0,0.0000
877_PM_Chest_AP3.png,1077_AM_Chest_AP5.png,0,0.0000
655_AM_Chest_AP31.png,1303_AM_Chest_AP8.png,0,0.0000
786_AM_Chest_AP20.png,1021_AM_Chest_AP18.png,0,0.0000
032_AM_Chest_AP6.png,1018_AM_Chest_AP7.png,0,0.0000
655_AM_Chest_AP36.png,244_AM_Chest_AP22.png,0,0.0000
1314_AM_Chest_AP24.png,1246_AM_Chest_AP4.png,0,0.0000
655_AM_Chest_AP38.png,1273_AM_Chest_AP7.png,0,0.0000
1239_AM_Chest_AP6.png,1332_AM_Chest_AP2.png,0,0.0008
1150_AM_Chest_AP6.png,1329_AM_Chest_AP11.png,0,0.0000
1251_AM_Chest_AP3.png,1224_AM_Chest_AP6.png,0,0.0000
1154_AM_Chest_AP6.png,892_AM_Chest_AP10.png,0,0.0000
1048_AM_Chest_AP4.png,1012_AM_Chest_AP7.png,0,0.0000
092_AM_Chest_AP2.png,1200_AM_Chest_AP8.png,0,0.0000
1066_AM_Chest_AP4.png,1165_AM_Chest_AP9.png,0,0.0000
1206_AM_Chest_AP21.png,944_AM_Chest_AP3.png,0,0.0000
1146_AM_Chest_AP19.png,1179_AM_Chest_AP12.png,0,0.0000
971_AM_Chest_AP26.png,485_AM_Chest_AP26.png,0,0.0000
251_AM_Chest_AP3.png,498_AM_Chest_AP44.png,0,0.0000
1259_AM_Chest_AP13.png,1203_AM_Chest_AP3.png,0,0.0000
1225_AM_Chest_AP3.png,1022_AM_Chest_AP3.png,0,0.0000
424_AM_Chest_AP6.png,693_AM_Chest_AP4.png,0,0.0001
013_PM_Chest_AP2.png,1365_PM_Chest_AP1.png,0,0.0328
938_AM_Chest_AP35.png,495_AM_Chest_AP12.png,0,0.0000
067_AM_Chest_AP5.png,1249_AM_Chest_AP11.png,0,0.0000
1110_AM_Chest_AP2.png,1224_AM_Chest_AP6.png,0,0.0013
1194_AM_Chest_AP11.png,1089_AM_Chest_AP2.png,0,0.0000
1118_AM_Chest_AP15.png,1267_AM_Chest_AP9.png,0,0.0002
1314_AM_Chest_AP20.png,992_AM_Chest_AP4.png,0,0.0000
1280_AM_Chest_AP4.png,1021_AM_Chest_AP20.png,0,0.0000
993_AM_Chest_AP4.png,1142_AM_Chest_AP6.png,0,0.0000
1091_AM_Chest_AP7.png,1185_AM_Chest_AP7.png,0,0.0000
899_AM_Chest_AP5.png,342_AM_Chest_AP2.png,0,0.0000
1058_AM_Chest_AP13.png,1213_AM_Chest_AP6.png,0,0.0000
1004_AM_Chest_AP4.png,636_AM_Chest_AP9.png,0,0.0000
1247_AM_Chest_AP3.png,654_AM_Chest_AP5.png,0,0.0000
760_PM_Chest_AP3.png,476_AM_Chest_AP46.png,0,0.0000
971_AM_Chest_AP26.png,966_AM_Chest_AP49.png,0,0.0000
1028_AM_Chest_AP18.png,858_AM_Chest_AP9.png,0,0.0000
1201_AM_Chest_AP11.png,1243_AM_Chest_AP7.png,0,0.0000
786_AM_Chest_AP20.png,1218_AM_Chest_AP9.png,0,0.0000
107_AM_Chest_AP22.png,1107_AM_Chest_AP10.png,0,0.0000
990_AM_Chest_AP8.png,019_PM_Chest_AP1.png,0,0.0000
1078_AM_Chest_AP4.png,498_AM_Chest_AP56.png,0,0.0000
891_AM_Chest_AP4.png,498_AM_Chest_AP43.png,0,0.0000
1259_AM_Chest_AP10.png,1244_AM_Chest_AP7.png,0,0.0000
908_AM_Chest_AP10.png,971_AM_Chest_AP30.png,0,0.0000
740_AM_Chest_AP5.png,1179_AM_Chest_AP12.png,0,0.0000
751_AM_Chest_AP22.png,232_AM_Chest_AP2.png,0,0.0000
949_AM_Chest_AP4.png,1193_AM_Chest_AP5.png,0,0.0000
1359_PM_Chest_AP1.png,162_AM_Chest_AP9.png,0,0.0000
1206_AM_Chest_AP19.png,1011_AM_Chest_AP6.png,0,0.0000
492_AM_Chest_AP7.png,1205_AM_Chest_AP19.png,0,0.0000
1206_AM_Chest_AP18.png,1249_AM_Chest_AP14.png,0,0.0017
1317_AM_Chest_AP9.png,966_AM_Chest_AP46.png,0,0.0000
506_AM_Chest_AP4.png,457_PM_Chest_AP1.png,0,0.0000
995_AM_Chest_AP15.png,555_AM_Chest_AP15.png,0,0.0000
937_AM_Chest_AP12.png,928_AM_Chest_AP20.png,0,0.0000
012_PM_Chest_AP3.png,928_AM_Chest_AP19.png,0,0.0000
1229_AM_Chest_AP3.png,905_AM_Chest_AP13.png,0,0.0000
1140_AM_Chest_AP5.png,1018_AM_Chest_AP6.png,0,0.0004
1252_AM_Chest_AP3.png,979_AM_Chest_AP5.png,0,0.0000
172_AM_Chest_AP4.png,1198_AM_Chest_AP8.png,0,0.0001
1091_AM_Chest_AP5.png,1223_AM_Chest_AP3.png,0,0.0000
637_AM_Chest_AP7.png,966_AM_Chest_AP48.png,0,0.0000
1210_AM_Chest_AP5.png,973_AM_Chest_AP14.png,0,0.0000
084_AM_Chest_AP3.png,1248_AM_Chest_AP18.png,0,0.0000
980_AM_Chest_AP10.png,204_AM_Chest_AP3.png,0,0.0000
973_AM_Chest_AP17.png,1349_PM_Chest_AP4.png,0,0.0000
116_AM_Chest_AP17.png,1346_AM_Chest_AP13.png,0,0.0000
954_AM_Chest_AP2.png,930_AM_Chest_AP5.png,0,0.0000
1288_AM_Chest_AP7.png,966_AM_Chest_AP43.png,0,0.0000
1016_AM_Chest_AP7.png,898_AM_Chest_AP27.png,0,0.0000
613_AM_Chest_AP24.png,1173_AM_Chest_AP9.png,0,0.0000
964_AM_Chest_AP13.png,498_AM_Chest_AP55.png,0,0.0000
471_AM_Chest_AP3.png,981_AM_Chest_AP24.png,0,0.0000
637_AM_Chest_AP8.png,1084_AM_Chest_AP6.png,0,0.0001
881_PM_Chest_AP2.png,1146_AM_Chest_AP15.png,0,0.0000
482_AM_Chest_AP5.png,693_AM_Chest_AP4.png,0,0.0000
1017_AM_Chest_AP4.png,1209_AM_Chest_AP14.png,0,0.0000
225_AM_Chest_AP3.png,896_AM_Chest_AP15.png,0,0.0000
1203_AM_Chest_AP4.png,981_AM_Chest_AP24.png,0,0.0000
1212_AM_Chest_AP2.png,1155_AM_Chest_AP25.png,0,0.0000
981_AM_Chest_AP24.png,314_AM_Chest_AP3.png,0,0.0000
1174_AM_Chest_AP7.png,1262_AM_Chest_AP9.png,0,0.0000
1307_AM_Chest_AP4.png,945_AM_Chest_AP18.png,0,0.0000
786_AM_Chest_AP24.png,973_AM_Chest_AP13.png,0,0.0000
460_PM_Chest_AP2.png,205_AM_Chest_AP8.png,0,0.0000
339_AM_Chest_AP12.png,633_AM_Chest_AP9.png,0,0.0000
689_AM_Chest_AP15.png,234_AM_Chest_AP2.png,0,0.0000
1289_AM_Chest_AP38.png,1043_AM_Chest_AP10.png,0,0.0000
1019_AM_Chest_AP7.png,1096_AM_Chest_AP18.png,0,0.0000
909_AM_Chest_AP7.png,495_AM_Chest_AP12.png,0,0.0000
204_AM_Chest_AP3.png,1320_AM_Chest_AP5.png,0,0.0000
898_AM_Chest_AP24.png,602_PM_Chest_AP3.png,0,0.0000
546_AM_Chest_AP5.png,475_AM_Chest_AP12.png,0,0.0000
971_AM_Chest_AP29.png,691_AM_Chest_AP27.png,0,0.0000
1235_AM_Chest_AP3.png,693_AM_Chest_AP6.png,0,0.0000
928_AM_Chest_AP21.png,1322_AM_Chest_AP3.png,0,0.0000
976_AM_Chest_AP8.png,770_AM_Chest_AP3.png,0,0.0000
613_AM_Chest_AP22.png,1075_AM_Chest_AP12.png,0,0.0000
1038_AM_Chest_AP3.png,905_AM_Chest_AP14.png,0,0.0000
1091_AM_Chest_AP5.png,800_AM_Chest_AP14.png,0,0.0000
1206_AM_Chest_AP20.png,945_AM_Chest_AP18.png,0,0.0000
1209_AM_Chest_AP12.png,884_AM_Chest_AP2.png,0,0.0000
1262_AM_Chest_AP11.png,1294_AM_Chest_AP5.png,0,0.0000
1275_AM_Chest_AP4.png,1012_AM_Chest_AP8.png,0,0.0000
1005_AM_Chest_AP3.png,938_AM_Chest_AP27.png,0,0.0010
1043_AM_Chest_AP8.png,896_AM_Chest_AP17.png,0,0.0011
012_PM_Chest_AP3.png,1177_AM_Chest_AP8.png,0,0.0000
899_AM_Chest_AP5.png,1123_AM_Chest_AP5.png,0,0.0000
1109_AM_Chest_AP4.png,1146_AM_Chest_AP20.png,0,0.0000
1184_AM_Chest_AP6.png,895_AM_Chest_AP6.png,0,0.0000
622_AM_Chest_AP2.png,1177_AM_Chest_AP9.png,0,0.0000
1279_AM_Chest_AP2.png,157_AM_Chest_AP2.png,0,0.0078
046_PM_Chest_AP1.png,1205_AM_Chest_AP20.png,0,0.0000
1096_AM_Chest_AP21.png,498_AM_Chest_AP52.png,0,0.0000
315_AM_Chest_AP4.png,982_AM_Chest_AP11.png,0,0.0000
323_AM_Chest_AP6.png,032_PM_Chest_AP2.png,0,0.0000
1183_AM_Chest_AP9.png,1117_AM_Chest_AP5.png,0,0.0000
1058_AM_Chest_AP13.png,1172_AM_Chest_AP8.png,0,0.0000
994_AM_Chest_AP5.png,940_AM_Chest_AP8.png,0,0.0000
1019_AM_Chest_AP8.png,160_AM_Chest_AP3.png,0,0.0000
555_AM_Chest_AP15.png,1273_AM_Chest_AP6.png,0,0.0000
362_AM_Chest_AP3.png,527_PM_Chest_AP2.png,0,0.0000
195_AM_Chest_AP6.png,1043_AM_Chest_AP9.png,0,0.0000
971_AM_Chest_AP24.png,1021_AM_Chest_AP16.png,0,0.0000
613_AM_Chest_AP23.png,1341_PM_Chest_AP1.png,0,0.0000
1264_AM_Chest_AP12.png,594_AM_Chest_AP8.png,0,0.0000
1025_AM_Chest_AP9.png,414_AM_Chest_AP4.png,0,0.0000
606_AM_Chest_AP2.png,876_PM_Chest_AP1.png,0,0.0000
992_AM_Chest_AP5.png,912_AM_Chest_AP20.png,0,0.0000
945_AM_Chest_AP25.png,773_AM_Chest_AP8.png,0,0.0000
1272_AM_Chest_AP6.png,513_AM_Chest_AP8.png,0,0.0000
820_AM_Chest_AP8.png,1243_AM_Chest_AP8.png,0,0.0258
728_AM_Chest_AP7.png,498_AM_Chest_AP56.png,0,0.0000
424_AM_Chest_AP7.png,814_AM_Chest_AP3.png,0,0.0000
1024_AM_Chest_AP17.png,1240_AM_Chest_AP4.png,0,0.0000
1219_AM_Chest_AP7.png,1348_PM_Chest_AP4.png,0,0.0000
323_AM_Chest_AP6.png,1072_AM_Chest_AP4.png,0,0.0003
863_AM_Chest_AP8.png,981_AM_Chest_AP24.png,0,0.0000
918_AM_Chest_AP4.png,475_AM_Chest_AP11.png,0,0.0000
1127_AM_Chest_AP11.png,1069_AM_Chest_AP12.png,0,0.0000
1038_AM_Chest_AP3.png,173_AM_Chest_AP3.png,0,0.0000
760_PM_Chest_AP4.png,786_AM_Chest_AP21.png,0,0.0000
932_AM_Chest_AP18.png,967_AM_Chest_AP4.png,0,0.0000
964_AM_Chest_AP12.png,966_AM_Chest_AP52.png,0,0.0000
487_AM_Chest_AP11.png,1047_AM_Chest_AP2.png,0,0.0000
894_AM_Chest_AP6.png,498_AM_Chest_AP54.png,0,0.0000
023_PM_Chest_AP3.png,1205_AM_Chest_AP20.png,0,0.0000
924_AM_Chest_AP5.png,1086_AM_Chest_AP10.png,0,0.0000
1002_AM_Chest_AP8.png,1288_AM_Chest_AP7.png,0,0.0000
046_PM_Chest_AP2.png,938_AM_Chest_AP31.png,0,0.0000
1289_AM_Chest_AP42.png,1062_AM_Chest_AP8.png,0,0.0000
1252_AM_Chest_AP3.png,1283_AM_Chest_AP6.png,0,0.0000
556_AM_Chest_AP2.png,476_AM_Chest_AP53.png,0,0.0000
1340_PM_Chest_AP4.png,1250_AM_Chest_AP3.png,0,0.0000
1151_AM_Chest_AP13.png,897_AM_Chest_AP13.png,0,0.0000
806_AM_Chest_AP4.png,1343_PM_Chest_AP2.png,0,0.0000
546_AM_Chest_AP6.png,1081_AM_Chest_AP5.png,0,0.0000
739_AM_Chest_AP4.png,1010_AM_Chest_AP4.png,0,0.0000
1186_AM_Chest_AP6.png,409_AM_Chest_AP24.png,0,0.0000
1165_AM_Chest_AP8.png,1331_AM_Chest_AP12.png,0,0.0000
800_AM_Chest_AP12.png,162_AM_Chest_AP10.png,0,0.0001
1113_AM_Chest_AP3.png,698_AM_Chest_AP9.png,0,0.0000
591_AM_Chest_AP33.png,985_AM_Chest_AP10.png,0,0.0000
1233_AM_Chest_AP6.png,651_AM_Chest_AP17.png,0,0.0000
296_AM_Chest_AP2.png,1021_AM_Chest_AP16.png,0,0.0000
116_AM_Chest_AP19.png,476_AM_Chest_AP62.png,0,0.0000
167_AM_Chest_AP10.png,961_AM_Chest_AP10.png,0,0.0000
1127_AM_Chest_AP11.png,686_AM_Chest_AP5.png,0,0.0000
463_AM_Chest_AP3.png,905_AM_Chest_AP15.png,0,0.0000
893_AM_Chest_AP26.png,896_AM_Chest_AP13.png,0,0.0000
198_AM_Chest_AP6.png,613_AM_Chest_AP18.png,0,0.0001
1209_AM_Chest_AP12.png,390_AM_Chest_AP21.png,0,0.0000
786_AM_Chest_AP24.png,1199_AM_Chest_AP3.png,0,0.0000
1069_AM_Chest_AP13.png,1068_AM_Chest_AP12.png,0,0.0000
1024_AM_Chest_AP20.png,1359_PM_Chest_AP1.png,0,0.0002
1296_AM_Chest_AP56.png,1120_AM_Chest_AP6.png,0,0.0000
1259_AM_Chest_AP13.png,1223_AM_Chest_AP3.png,0,0.0000
864_AM_Chest_AP8.png,1233_AM_Chest_AP6.png,0,0.0000
909_AM_Chest_AP6.png,1024_AM_Chest_AP17.png,0,0.0000
1080_AM_Chest_AP4.png,1028_AM_Chest_AP21.png,0,0.0000
409_AM_Chest_AP26.png,476_AM_Chest_AP48.png,0,0.0000
822_AM_Chest_AP13.png,1222_AM_Chest_AP9.png,0,0.0000
1028_AM_Chest_AP16.png,187_AM_Chest_AP7.png,0,0.0000
907_AM_Chest_AP8.png,155_AM_Chest_AP6.png,0,0.0000
971_AM_Chest_AP31.png,1338_PM_Chest_AP2.png,0,0.0001
319_AM_Chest_AP8.png,945_AM_Chest_AP21.png,0,0.0000
054_PM_Chest_AP1.png,892_AM_Chest_AP10.png,0,0.0000
014_PM_Chest_AP5.png,1307_AM_Chest_AP4.png,0,0.0000
1289_AM_Chest_AP39.png,450_AM_Chest_AP7.png,0,0.0000
1261_AM_Chest_AP9.png,975_AM_Chest_AP17.png,0,0.0000
1285_AM_Chest_AP7.png,1217_AM_Chest_AP5.png,0,0.0000
475_AM_Chest_AP12.png,945_AM_Chest_AP24.png,0,0.0000
1002_AM_Chest_AP7.png,1019_AM_Chest_AP7.png,0,0.0000
971_AM_Chest_AP26.png,390_AM_Chest_AP24.png,0,0.0000
1141_AM_Chest_AP7.png,1186_AM_Chest_AP7.png,0,0.0000
1144_AM_Chest_AP11.png,1028_AM_Chest_AP21.png,0,0.0000
1194_AM_Chest_AP13.png,1028_AM_Chest_AP15.png,0,0.0000
1259_AM_Chest_AP10.png,699_AM_Chest_AP12.png,0,0.0000
591_AM_Chest_AP30.png,1234_AM_Chest_AP8.png,0,0.0000
094_AM_Chest_AP5.png,476_AM_Chest_AP58.png,0,0.0000
1273_AM_Chest_AP6.png,495_AM_Chest_AP12.png,0,0.0000
991_AM_Chest_AP8.png,225_AM_Chest_AP4.png,0,0.0000
733_AM_Chest_AP4.png,1173_AM_Chest_AP9.png,0,0.0001
1325_AM_Chest_AP8.png,374_PM_Chest_AP2.png,0,0.0389
1251_AM_Chest_AP4.png,033_PM_Chest_AP1.png,0,0.0008
1059_AM_Chest_AP10.png,981_AM_Chest_AP17.png,0,0.0000
806_AM_Chest_AP4.png,1025_AM_Chest_AP11.png,0,0.0000
950_AM_Chest_AP15.png,949_AM_Chest_AP4.png,0,0.0000
1261_AM_Chest_AP9.png,1021_AM_Chest_AP18.png,0,0.0000
1209_AM_Chest_AP12.png,958_AM_Chest_AP2.png,0,0.0000
485_AM_Chest_AP22.png,1250_AM_Chest_AP4.png,0,0.0000
1031_AM_Chest_AP20.png,896_AM_Chest_AP13.png,0,0.0000
122_AM_Chest_AP3.png,351_AM_Chest_AP10.png,0,0.0000
1081_AM_Chest_AP5.png,1291_AM_Chest_AP3.png,0,0.0000
1108_AM_Chest_AP10.png,1137_AM_Chest_AP7.png,0,0.0000
1021_AM_Chest_AP18.png,637_AM_Chest_AP6.png,0,0.0000
1050_AM_Chest_AP4.png,1224_AM_Chest_AP8.png,0,0.0233
987_AM_Chest_AP7.png,955_AM_Chest_AP8.png,0,0.0000
613_AM_Chest_AP24.png,699_AM_Chest_AP13.png,0,0.0000
485_AM_Chest_AP21.png,912_AM_Chest_AP15.png,0,0.0000
995_AM_Chest_AP19.png,1305_AM_Chest_AP7.png,0,0.0000
1282_AM_Chest_AP3.png,1231_AM_Chest_AP5.png,0,0.0357
594_AM_Chest_AP6.png,651_AM_Chest_AP15.png,0,0.0000
757_PM_Chest_AP2.png,1024_AM_Chest_AP20.png,0,0.0000
994_AM_Chest_AP6.png,1025_AM_Chest_AP10.png,0,0.0000
1144_AM_Chest_AP12.png,942_AM_Chest_AP4.png,0,0.0000
689_AM_Chest_AP17.png,485_AM_Chest_AP24.png,0,0.0000
1232_AM_Chest_AP5.png,165_AM_Chest_AP5.png,0,0.0000
1196_AM_Chest_AP5.png,893_AM_Chest_AP24.png,0,0.0000
1124_AM_Chest_AP6.png,498_AM_Chest_AP58.png,0,0.0000
937_AM_Chest_AP10.png,896_AM_Chest_AP16.png,0,0.0000
1206_AM_Chest_AP25.png,319_AM_Chest_AP10.png,0,0.0000
1080_AM_Chest_AP4.png,691_AM_Chest_AP26.png,0,0.0000
385_AM_Chest_AP4.png,1205_AM_Chest_AP17.png,0,0.0105
1242_AM_Chest_AP6.png,076_AM_Chest_AP24.png,0,0.0000
1238_AM_Chest_AP11.png,211_AM_Chest_AP9.png,0,0.0000
1056_AM_Chest_AP4.png,856_AM_Chest_AP8.png,0,0.0000
546_AM_Chest_AP6.png,1173_AM_Chest_AP8.png,0,0.0000
1215_AM_Chest_AP3.png,1154_AM_Chest_AP7.png,0,0.0000
1007_AM_Chest_AP2.png,1134_AM_Chest_AP4.png,0,0.0017
533_AM_Chest_AP10.png,995_AM_Chest_AP15.png,0,0.0000
655_AM_Chest_AP33.png,1061_AM_Chest_AP3.png,0,0.0003
735_AM_Chest_AP7.png,1070_AM_Chest_AP10.png,0,0.0000
360_AM_Chest_AP3.png,1250_AM_Chest_AP3.png,0,0.0000
1259_AM_Chest_AP10.png,1211_AM_Chest_AP9.png,0,0.0000
940_AM_Chest_AP10.png,926_AM_Chest_AP3.png,0,0.0000
1251_AM_Chest_AP4.png,1079_AM_Chest_AP13.png,0,0.0000
225_AM_Chest_AP4.png,792_AM_Chest_AP3.png,0,0.0000
637_AM_Chest_AP8.png,165_AM_Chest_AP5.png,0,0.0000
1015_AM_Chest_AP7.png,907_AM_Chest_AP10.png,0,0.0000
485_AM_Chest_AP21.png,1055_AM_Chest_AP21.png,0,0.0000
1281_AM_Chest_AP8.png,1238_AM_Chest_AP8.png,0,0.0000
1239_AM_Chest_AP7.png,1193_AM_Chest_AP4.png,0,0.0000
1046_AM_Chest_AP4.png,1323_AM_Chest_AP2.png,0,0.0000
989_AM_Chest_AP14.png,814_AM_Chest_AP3.png,0,0.0000
047_PM_Chest_AP1.png,390_AM_Chest_AP23.png,0,0.0000
613_AM_Chest_AP23.png,1254_AM_Chest_AP3.png,0,0.0000
971_AM_Chest_AP29.png,899_AM_Chest_AP6.png,0,0.0000
1137_AM_Chest_AP8.png,691_AM_Chest_AP32.png,0,0.0000
1118_AM_Chest_AP12.png,1241_AM_Chest_AP3.png,0,0.0012
1076_AM_Chest_AP5.png,150_AM_Chest_AP9.png,0,0.0328
485_AM_Chest_AP20.png,1146_AM_Chest_AP20.png,0,0.0000
1314_AM_Chest_AP20.png,1243_AM_Chest_AP7.png,0,0.0000
1104_AM_Chest_AP10.png,1327_AM_Chest_AP3.png,0,0.0000
1296_AM_Chest_AP53.png,1231_AM_Chest_AP5.png,0,0.0000
1040_AM_Chest_AP3.png,637_AM_Chest_AP8.png,0,0.0000
1215_AM_Chest_AP3.png,1110_AM_Chest_AP2.png,0,0.0001
1296_AM_Chest_AP53.png,909_AM_Chest_AP7.png,0,0.0000
1098_AM_Chest_AP12.png,960_AM_Chest_AP8.png,0,0.0000
928_AM_Chest_AP19.png,651_AM_Chest_AP16.png,0,0.0000
822_AM_Chest_AP12.png,837_AM_Chest_AP2.png,0,0.0005
204_AM_Chest_AP3.png,892_AM_Chest_AP10.png,0,0.0000
689_AM_Chest_AP13.png,1062_AM_Chest_AP8.png,0,0.0000
606_AM_Chest_AP2.png,733_AM_Chest_AP4.png,0,0.0009
023_PM_Chest_AP2.png,475_AM_Chest_AP14.png,0,0.0000
591_AM_Chest_AP26.png,1081_AM_Chest_AP8.png,0,0.0000
1115_AM_Chest_AP10.png,1070_AM_Chest_AP10.png,0,0.0000
052_PM_Chest_AP2.png,244_AM_Chest_AP21.png,0,0.0000
1233_AM_Chest_AP6.png,097_AM_Chest_AP4.png,0,0.0000
1232_AM_Chest_AP5.png,932_AM_Chest_AP14.png,0,0.0001
888_AM_Chest_AP3.png,945_AM_Chest_AP22.png,0,0.0000
1027_AM_Chest_AP3.png,881_PM_Chest_AP3.png,0,0.0012
1369_PM_Chest_AP1.png,1126_AM_Chest_AP10.png,0,0.0000
1094_AM_Chest_AP13.png,1175_AM_Chest_AP5.png,0,0.0000
677_AM_Chest_AP5.png,1332_AM_Chest_AP2.png,0,0.0000
1191_AM_Chest_AP7.png,885_AM_Chest_AP3.png,0,0.0000
910_AM_Chest_AP3.png,1280_AM_Chest_AP4.png,0,0.0000
906_AM_Chest_AP4.png,227_AM_Chest_AP5.png,0,0.0000
1176_AM_Chest_AP7.png,1070_AM_Chest_AP11.png,0,0.0000
613_AM_Chest_AP18.png,1007_AM_Chest_AP2.png,0,0.0000
1011_AM_Chest_AP5.png,813_AM_Chest_AP5.png,0,0.0000
1191_AM_Chest_AP7.png,495_AM_Chest_AP13.png,0,0.0351
1343_PM_Chest_AP2.png,938_AM_Chest_AP27.png,0,0.0000
961_AM_Chest_AP6.png,969_AM_Chest_AP9.png,0,0.0000
960_AM_Chest_AP5.png,342_AM_Chest_AP2.png,0,0.0010
538_AM_Chest_AP2.png,1239_AM_Chest_AP5.png,0,0.0000
1236_AM_Chest_AP4.png,506_AM_Chest_AP5.png,0,0.0000
1289_AM_Chest_AP47.png,995_AM_Chest_AP17.png,0,0.0000
487_AM_Chest_AP11.png,1321_AM_Chest_AP2.png,0,0.0000
1216_AM_Chest_AP6.png,693_AM_Chest_AP6.png,0,0.0000
908_AM_Chest_AP8.png,493_AM_Chest_AP7.png,0,0.0000
1151_AM_Chest_AP11.png,1185_AM_Chest_AP8.png,0,0.0000
579_AM_Chest_AP8.png,386_AM_Chest_AP11.png,0,0.0000
1289_AM_Chest_AP42.png,1023_AM_Chest_AP5.png,0,0.0000
591_AM_Chest_AP26.png,1185_AM_Chest_AP8.png,0,0.0000
1156_AM_Chest_AP6.png,1166_AM_Chest_AP11.png,0,0.0000
1331_AM_Chest_AP10.png,1346_AM_Chest_AP13.png,0,0.0000
1320_AM_Chest_AP6.png,498_AM_Chest_AP59.png,0,0.0000
1255_AM_Chest_AP3.png,1187_AM_Chest_AP3.png,0,0.0000
1235_AM_Chest_AP3.png,482_AM_Chest_AP5.png,0,0.0000
1278_AM_Chest_AP10.png,445_AM_Chest_AP6.png,0,0.0000
225_AM_Chest_AP4.png,654_AM_Chest_AP5.png,0,0.0000
950_AM_Chest_AP19.png,1269_AM_Chest_AP6.png,0,0.0000
1049_AM_Chest_AP6.png,699_AM_Chest_AP14.png,0,0.0000
611_AM_Chest_AP5.png,1274_AM_Chest_AP7.png,0,0.0000
655_AM_Chest_AP28.png,1285_AM_Chest_AP7.png,0,0.0000
1225_AM_Chest_AP3.png,975_AM_Chest_AP11.png,0,0.0000
298_AM_Chest_AP7.png,1108_AM_Chest_AP11.png,0,0.0000
1022_AM_Chest_AP3.png,906_AM_Chest_AP3.png,0,0.0000
1176_AM_Chest_AP9.png,939_AM_Chest_AP10.png,0,0.0000
298_AM_Chest_AP8.png,1361_PM_Chest_AP2.png,0,0.0000
1028_AM_Chest_AP20.png,495_AM_Chest_AP11.png,0,0.0000
1051_AM_Chest_AP6.png,1032_AM_Chest_AP8.png,0,0.0000
1105_AM_Chest_AP4.png,938_AM_Chest_AP27.png,0,0.0000
555_AM_Chest_AP17.png,374_PM_Chest_AP2.png,0,0.0000
1209_AM_Chest_AP13.png,1333_AM_Chest_AP5.png,0,0.0000
413_AM_Chest_AP4.png,712_PM_Chest_AP2.png,0,0.0000
205_AM_Chest_AP8.png,490_AM_Chest_AP5.png,0,0.0000
757_PM_Chest_AP2.png,925_AM_Chest_AP8.png,0,0.0000
1108_AM_Chest_AP11.png,938_AM_Chest_AP27.png,0,0.0000
1118_AM_Chest_AP15.png,1024_AM_Chest_AP20.png,0,0.0000
1279_AM_Chest_AP2.png,635_AM_Chest_AP6.png,0,0.0000
1206_AM_Chest_AP18.png,795_AM_Chest_AP10.png,0,0.0000
1228_AM_Chest_AP5.png,1101_AM_Chest_AP7.png,0,0.0000
403_AM_Chest_AP11.png,786_AM_Chest_AP22.png,0,0.0000
225_AM_Chest_AP4.png,976_AM_Chest_AP5.png,0,0.0000
1265_AM_Chest_AP8.png,966_AM_Chest_AP43.png,0,0.0000
1044_AM_Chest_AP5.png,1209_AM_Chest_AP16.png,0,0.0001
919_AM_Chest_AP7.png,874_AM_Chest_AP2.png,0,0.0000
766_PM_Chest_AP3.png,806_AM_Chest_AP3.png,0,0.0000
1256_AM_Chest_AP3.png,476_AM_Chest_AP50.png,0,0.0000
1339_PM_Chest_AP1.png,1320_AM_Chest_AP5.png,0,0.0000
1142_AM_Chest_AP6.png,515_AM_Chest_AP9.png,0,0.0018
047_PM_Chest_AP1.png,964_AM_Chest_AP15.png,0,0.0000
1136_AM_Chest_AP10.png,740_AM_Chest_AP5.png,0,0.0000
979_AM_Chest_AP6.png,969_AM_Chest_AP5.png,0,0.0000
1285_AM_Chest_AP7.png,487_AM_Chest_AP11.png,0,0.0000
987_AM_Chest_AP6.png,1324_AM_Chest_AP10.png,0,0.0000
655_AM_Chest_AP38.png,757_PM_Chest_AP3.png,0,0.0000
1255_AM_Chest_AP3.png,691_AM_Chest_AP25.png,0,0.0000
572_AM_Chest_AP9.png,171_AM_Chest_AP2.png,0,0.0000
1115_AM_Chest_AP14.png,1248_AM_Chest_AP21.png,0,0.0000
225_AM_Chest_AP3.png,944_AM_Chest_AP4.png,0,0.0000
633_AM_Chest_AP12.png,966_AM_Chest_AP57.png,0,0.0000
765_PM_Chest_AP1.png,515_AM_Chest_AP8.png,0,0.0000
1259_AM_Chest_AP14.png,1303_AM_Chest_AP8.png,0,0.0000
056_PM_Chest_AP5.png,1155_AM_Chest_AP26.png,0,0.0000
1106_AM_Chest_AP3.png,498_AM_Chest_AP49.png,0,0.0000
221_AM_Chest_AP7.png,1319_AM_Chest_AP3.png,0,0.0000
954_AM_Chest_AP2.png,1262_AM_Chest_AP9.png,0,0.0000
800_AM_Chest_AP11.png,654_AM_Chest_AP6.png,0,0.0000
1224_AM_Chest_AP8.png,1068_AM_Chest_AP10.png,0,0.0000
721_AM_Chest_AP7.png,813_AM_Chest_AP5.png,0,0.0000
1127_AM_Chest_AP10.png,1021_AM_Chest_AP17.png,0,0.0000
1070_AM_Chest_AP12.png,651_AM_Chest_AP19.png,0,0.0000
982_AM_Chest_AP13.png,1180_AM_Chest_AP5.png,0,0.0000
017_PM_Chest_AP2.png,1270_AM_Chest_AP8.png,0,0.0000
1262_AM_Chest_AP10.png,1027_AM_Chest_AP3.png,0,0.0000
1151_AM_Chest_AP11.png,691_AM_Chest_AP31.png,0,0.0000
890_AM_Chest_AP8.png,1034_AM_Chest_AP4.png,0,0.0000
1144_AM_Chest_AP11.png,636_AM_Chest_AP10.png,0,0.0000
1088_AM_Chest_AP4.png,500_PM_Chest_AP2.png,0,0.0000
339_AM_Chest_AP10.png,1011_AM_Chest_AP7.png,0,0.0000
1206_AM_Chest_AP18.png,1134_AM_Chest_AP4.png,0,0.0000
1142_AM_Chest_AP8.png,1335_AM_Chest_AP2.png,0,0.0001
092_AM_Chest_AP2.png,1059_AM_Chest_AP12.png,0,0.0000
475_AM_Chest_AP14.png,930_AM_Chest_AP5.png,0,0.0000
1155_AM_Chest_AP28.png,677_AM_Chest_AP5.png,0,0.0000
1117_AM_Chest_AP6.png,1021_AM_Chest_AP15.png,0,0.0030
152_AM_Chest_AP9.png,973_AM_Chest_AP17.png,0,0.0000
1043_AM_Chest_AP8.png,1105_AM_Chest_AP4.png,0,0.0000
450_AM_Chest_AP6.png,1130_AM_Chest_AP6.png,0,0.0000
1306_AM_Chest_AP3.png,482_AM_Chest_AP5.png,0,0.0000
1336_AM_Chest_AP7.png,1140_AM_Chest_AP5.png,0,0.0000
1112_AM_Chest_AP2.png,412_AM_Chest_AP17.png,0,0.0000
412_AM_Chest_AP15.png,1035_AM_Chest_AP2.png,0,0.0000
1088_AM_Chest_AP6.png,669_AM_Chest_AP7.png,0,0.0000
735_AM_Chest_AP5.png,651_AM_Chest_AP17.png,0,0.0000
107_AM_Chest_AP29.png,1174_AM_Chest_AP5.png,0,0.0000
1278_AM_Chest_AP13.png,1043_AM_Chest_AP9.png,0,0.0000
1108_AM_Chest_AP12.png,950_AM_Chest_AP14.png,0,0.0000
909_AM_Chest_AP6.png,983_AM_Chest_AP7.png,0,0.0000
157_AM_Chest_AP2.png,1312_AM_Chest_AP4.png,0,0.0000
965_AM_Chest_AP9.png,1368_AM_Chest_AP3.png,0,0.0000
1154_AM_Chest_AP7.png,150_AM_Chest_AP8.png,0,0.0000
971_AM_Chest_AP24.png,1075_AM_Chest_AP13.png,0,0.0000
758_PM_Chest_AP4.png,1115_AM_Chest_AP13.png,0,0.0000
1053_AM_Chest_AP5.png,1093_AM_Chest_AP7.png,0,0.0039
1320_AM_Chest_AP5.png,132_AM_Chest_AP7.png,0,0.0000
1086_AM_Chest_AP10.png,964_AM_Chest_AP12.png,0,0.0000
990_AM_Chest_AP5.png,800_AM_Chest_AP15.png,0,0.0000
1037_AM_Chest_AP6.png,126_AM_Chest_AP3.png,0,0.0000
306_AM_Chest_AP2.png,1096_AM_Chest_AP22.png,0,0.0000
984_AM_Chest_AP7.png,674_AM_Chest_AP3.png,0,0.0000
315_AM_Chest_AP3.png,876_PM_Chest_AP1.png,0,0.0000
555_AM_Chest_AP18.png,1299_AM_Chest_AP6.png,0,0.0000
760_PM_Chest_AP3.png,292_PM_Chest_AP1.png,0,0.0015
1221_AM_Chest_AP6.png,1324_AM_Chest_AP9.png,0,0.0000
1358_PM_Chest_AP4.png,896_AM_Chest_AP15.png,0,0.0000
1265_AM_Chest_AP9.png,475_AM_Chest_AP15.png,0,0.0000
1127_AM_Chest_AP9.png,1227_AM_Chest_AP3.png,0,0.0000
1098_AM_Chest_AP13.png,1210_AM_Chest_AP6.png,0,0.0000
445_AM_Chest_AP8.png,506_AM_Chest_AP4.png,0,0.0000
890_AM_Chest_AP8.png,933_AM_Chest_AP4.png,0,0.0000
1028_AM_Chest_AP20.png,930_AM_Chest_AP4.png,0,0.0000
225_AM_Chest_AP3.png,1166_AM_Chest_AP10.png,0,0.0000
1206_AM_Chest_AP19.png,1129_AM_Chest_AP4.png,0,0.0007
611_AM_Chest_AP5.png,485_AM_Chest_AP20.png,0,0.0000
989_AM_Chest_AP11.png,1093_AM_Chest_AP7.png,0,0.0000
983_AM_Chest_AP8.png,898_AM_Chest_AP31.png,0,0.0000
356_AM_Chest_AP3.png,1005_AM_Chest_AP3.png,0,0.0007
1364_PM_Chest_AP2.png,428_AM_Chest_AP2.png,0,0.0000
1354_PM_Chest_AP1.png,917_AM_Chest_AP5.png,0,0.0000
750_AM_Chest_AP2.png,1028_AM_Chest_AP15.png,0,0.0000
937_AM_Chest_AP12.png,691_AM_Chest_AP33.png,0,0.0000
1147_AM_Chest_AP8.png,966_AM_Chest_AP57.png,0,0.0000
390_AM_Chest_AP28.png,1188_AM_Chest_AP5.png,0,0.0000
1288_AM_Chest_AP7.png,981_AM_Chest_AP19.png,0,0.0000
572_AM_Chest_AP8.png,1243_AM_Chest_AP8.png,0,0.0011
547_AM_Chest_AP5.png,1248_AM_Chest_AP17.png,0,0.0000
046_PM_Chest_AP2.png,1198_AM_Chest_AP6.png,0,0.0000
476_AM_Chest_AP59.png,674_AM_Chest_AP4.png,0,0.0000
1094_AM_Chest_AP10.png,498_AM_Chest_AP59.png,0,0.0000
390_AM_Chest_AP23.png,1218_AM_Chest_AP8.png,0,0.0000
1289_AM_Chest_AP42.png,1201_AM_Chest_AP10.png,0,0.0000
1331_AM_Chest_AP11.png,691_AM_Chest_AP32.png,0,0.0000
881_PM_Chest_AP2.png,939_AM_Chest_AP12.png,0,0.0000
929_AM_Chest_AP6.png,987_AM_Chest_AP6.png,0,0.0000
1043_AM_Chest_AP11.png,901_AM_Chest_AP7.png,0,0.0000
1368_AM_Chest_AP3.png,076_AM_Chest_AP25.png,0,0.0000
1150_AM_Chest_AP6.png,674_AM_Chest_AP3.png,0,0.0003
107_AM_Chest_AP22.png,383_AM_Chest_AP2.png,0,0.0000
1029_AM_Chest_AP5.png,1139_AM_Chest_AP4.png,0,0.0000
1046_AM_Chest_AP3.png,1243_AM_Chest_AP6.png,0,0.0000
1071_AM_Chest_AP4.png,067_AM_Chest_AP4.png,0,0.0000
1094_AM_Chest_AP13.png,1061_AM_Chest_AP3.png,0,0.0000
1194_AM_Chest_AP11.png,1032_AM_Chest_AP6.png,0,0.0000
067_AM_Chest_AP5.png,1047_AM_Chest_AP2.png,0,0.0037
475_AM_Chest_AP11.png,493_AM_Chest_AP9.png,0,0.0000
655_AM_Chest_AP32.png,651_AM_Chest_AP17.png,0,0.0000
932_AM_Chest_AP15.png,800_AM_Chest_AP13.png,0,0.0000
893_AM_Chest_AP22.png,962_AM_Chest_AP10.png,0,0.0000
887_AM_Chest_AP13.png,740_AM_Chest_AP6.png,0,0.0000
820_AM_Chest_AP9.png,973_AM_Chest_AP14.png,0,0.0000
689_AM_Chest_AP16.png,1015_AM_Chest_AP5.png,0,0.0000
864_AM_Chest_AP6.png,1020_AM_Chest_AP4.png,0,0.0000
915_AM_Chest_AP9.png,1244_AM_Chest_AP6.png,0,0.0000
948_AM_Chest_AP3.png,475_AM_Chest_AP14.png,0,0.0000
214_AM_Chest_AP4.png,390_AM_Chest_AP29.png,0,0.0000
1128_AM_Chest_AP5.png,638_AM_Chest_AP2.png,0,0.0000
1031_AM_Chest_AP20.png,054_PM_Chest_AP1.png,0,0.0000
908_AM_Chest_AP10.png,1227_AM_Chest_AP3.png,0,0.0000
909_AM_Chest_AP6.png,1222_AM_Chest_AP8.png,0,0.0000
863_AM_Chest_AP8.png,409_AM_Chest_AP24.png,0,0.0000
712_PM_Chest_AP2.png,1349_AM_Chest_AP3.png,0,0.0003
422_AM_Chest_AP3.png,975_AM_Chest_AP13.png,0,0.0000
1256_AM_Chest_AP3.png,764_PM_Chest_AP2.png,0,0.0000
694_AM_Chest_AP2.png,811_AM_Chest_AP2.png,0,0.0000
838_AM_Chest_AP3.png,076_AM_Chest_AP23.png,0,0.0000
1184_AM_Chest_AP7.png,1316_AM_Chest_AP7.png,0,0.0004
1343_PM_Chest_AP2.png,892_AM_Chest_AP12.png,0,0.0000
476_AM_Chest_AP61.png,498_AM_Chest_AP48.png,0,0.0001
1175_AM_Chest_AP5.png,794_AM_Chest_AP9.png,0,0.0000
1031_AM_Chest_AP15.png,298_AM_Chest_AP7.png,0,0.0000
1182_AM_Chest_AP6.png,591_AM_Chest_AP24.png,0,0.0000
1202_AM_Chest_AP7.png,691_AM_Chest_AP29.png,0,0.0000
466_AM_Chest_AP2.png,498_AM_Chest_AP61.png,0,0.0000
971_AM_Chest_AP30.png,155_AM_Chest_AP7.png,0,0.0000
948_AM_Chest_AP3.png,1104_AM_Chest_AP8.png,0,0.0000
1030_AM_Chest_AP6.png,896_AM_Chest_AP13.png,0,0.0000
198_AM_Chest_AP6.png,498_AM_Chest_AP44.png,0,0.0000
107_AM_Chest_AP29.png,1065_AM_Chest_AP2.png,0,0.0000
1278_AM_Chest_AP10.png,1346_AM_Chest_AP12.png,0,0.0000
1354_PM_Chest_AP1.png,895_AM_Chest_AP5.png,0,0.0000
1099_AM_Chest_AP3.png,1061_AM_Chest_AP3.png,0,0.0003
100_AM_Chest_AP4.png,1332_AM_Chest_AP2.png,0,0.0174
1148_AM_Chest_AP10.png,826_AM_Chest_AP5.png,0,0.0000
499_PM_Chest_AP1.png,931_AM_Chest_AP4.png,0,0.0000
513_AM_Chest_AP8.png,244_AM_Chest_AP22.png,0,0.0000
712_PM_Chest_AP5.png,939_AM_Chest_AP12.png,0,0.0000
547_AM_Chest_AP4.png,1196_AM_Chest_AP4.png,0,0.0000
1206_AM_Chest_AP20.png,1016_AM_Chest_AP7.png,0,0.0000
1111_AM_Chest_AP6.png,1166_AM_Chest_AP9.png,0,0.0000
916_AM_Chest_AP3.png,1209_AM_Chest_AP13.png,0,0.0004
1137_AM_Chest_AP7.png,1179_AM_Chest_AP9.png,0,0.0000
1069_AM_Chest_AP12.png,1338_PM_Chest_AP1.png,0,0.0000
227_AM_Chest_AP4.png,896_AM_Chest_AP17.png,0,0.0000
994_AM_Chest_AP5.png,1232_AM_Chest_AP4.png,0,0.0000
290_PM_Chest_AP1.png,890_AM_Chest_AP9.png,0,0.0000
1289_AM_Chest_AP45.png,1135_AM_Chest_AP4.png,0,0.0000
1289_AM_Chest_AP45.png,1030_AM_Chest_AP7.png,0,0.0000
948_AM_Chest_AP3.png,1016_AM_Chest_AP7.png,0,0.0000
893_AM_Chest_AP25.png,633_AM_Chest_AP12.png,0,0.0000
1289_AM_Chest_AP36.png,100_AM_Chest_AP3.png,0,0.0000
689_AM_Chest_AP17.png,1033_AM_Chest_AP3.png,0,0.0000
906_AM_Chest_AP4.png,565_AM_Chest_AP3.png,0,0.0000
980_AM_Chest_AP11.png,1317_AM_Chest_AP10.png,0,0.0000
932_AM_Chest_AP13.png,1086_AM_Chest_AP8.png,0,0.0000
981_AM_Chest_AP18.png,1172_AM_Chest_AP8.png,0,0.0000
640_AM_Chest_AP5.png,498_AM_Chest_AP61.png,0,0.0000
205_AM_Chest_AP9.png,985_AM_Chest_AP13.png,0,0.0000
1063_AM_Chest_AP6.png,945_AM_Chest_AP24.png,0,0.0000
1367_PM_Chest_AP1.png,1224_AM_Chest_AP6.png,0,0.0001
1269_AM_Chest_AP8.png,670_AM_Chest_AP5.png,0,0.0068
1125_AM_Chest_AP2.png,637_AM_Chest_AP7.png,0,0.0000
1025_AM_Chest_AP10.png,637_AM_Chest_AP8.png,0,0.0000
320_AM_Chest_AP3.png,893_AM_Chest_AP22.png,0,0.0000
591_AM_Chest_AP24.png,1331_AM_Chest_AP11.png,0,0.0000
172_AM_Chest_AP4.png,770_AM_Chest_AP3.png,0,0.0012
907_AM_Chest_AP10.png,1134_AM_Chest_AP3.png,0,0.0020
1039_AM_Chest_AP6.png,383_AM_Chest_AP2.png,0,0.0000
895_AM_Chest_AP6.png,371_AM_Chest_AP3.png,0,0.0000
1039_AM_Chest_AP7.png,579_AM_Chest_AP8.png,0,0.0000
1243_AM_Chest_AP8.png,938_AM_Chest_AP29.png,0,0.0003
1221_AM_Chest_AP6.png,1260_AM_Chest_AP9.png,0,0.0000
067_AM_Chest_AP5.png,1296_AM_Chest_AP55.png,0,0.0000
1136_AM_Chest_AP8.png,1178_AM_Chest_AP3.png,0,0.0000
1329_AM_Chest_AP9.png,1034_AM_Chest_AP4.png,0,0.0000
822_AM_Chest_AP12.png,990_AM_Chest_AP8.png,0,0.0000
1325_AM_Chest_AP9.png,482_AM_Chest_AP5.png,0,0.0000
1165_AM_Chest_AP9.png,884_AM_Chest_AP2.png,0,0.0000
760_PM_Chest_AP4.png,1165_AM_Chest_AP9.png,0,0.0000
1221_AM_Chest_AP5.png,1314_AM_Chest_AP23.png,0,0.0000
635_AM_Chest_AP6.png,901_AM_Chest_AP7.png,0,0.0000
733_AM_Chest_AP4.png,1180_AM_Chest_AP5.png,0,0.0000
403_AM_Chest_AP10.png,932_AM_Chest_AP18.png,0,0.0000
1151_AM_Chest_AP10.png,1205_AM_Chest_AP17.png,0,0.0000
909_AM_Chest_AP7.png,1146_AM_Chest_AP16.png,0,0.0000
205_AM_Chest_AP10.png,990_AM_Chest_AP8.png,0,0.0017
475_AM_Chest_AP11.png,390_AM_Chest_AP21.png,0,0.0000
932_AM_Chest_AP15.png,1123_AM_Chest_AP5.png,0,0.0000
926_AM_Chest_AP3.png,952_AM_Chest_AP4.png,0,0.0000
323_AM_Chest_AP5.png,939_AM_Chest_AP12.png,0,0.0000
1116_AM_Chest_AP3.png,1018_AM_Chest_AP7.png,0,0.0000
689_AM_Chest_AP17.png,1262_AM_Chest_AP11.png,0,0.0000
1069_AM_Chest_AP10.png,1139_AM_Chest_AP4.png,0,0.0000
908_AM_Chest_AP8.png,100_AM_Chest_AP3.png,0,0.0000
1099_AM_Chest_AP3.png,1210_AM_Chest_AP5.png,0,0.0000
591_AM_Chest_AP26.png,1300_AM_Chest_AP5.png,0,0.0000
1273_AM_Chest_AP5.png,1120_AM_Chest_AP6.png,0,0.0000
1021_AM_Chest_AP18.png,912_AM_Chest_AP16.png,0,0.0000
751_AM_Chest_AP32.png,1206_AM_Chest_AP18.png,0,0.0000
075_AM_Chest_AP2.png,1345_PM_Chest_AP4.png,0,0.0001
1037_AM_Chest_AP6.png,934_AM_Chest_AP5.png,0,0.0000
908_AM_Chest_AP10.png,1134_AM_Chest_AP3.png,0,0.0000
076_AM_Chest_AP19.png,155_AM_Chest_AP6.png,0,0.0000
510_AM_Chest_AP3.png,581_AM_Chest_AP2.png,0,0.0000
1307_AM_Chest_AP3.png,1346_AM_Chest_AP11.png,0,0.0000
116_AM_Chest_AP14.png,1246_AM_Chest_AP5.png,0,0.0000
1183_AM_Chest_AP9.png,938_AM_Chest_AP26.png,0,0.0000
452_AM_Chest_AP5.png,856_AM_Chest_AP9.png,0,0.0000
1267_AM_Chest_AP8.png,1172_AM_Chest_AP7.png,0,0.0191
315_AM_Chest_AP3.png,1053_AM_Chest_AP5.png,0,0.0000
655_AM_Chest_AP31.png,1143_AM_Chest_AP6.png,0,0.0000
1104_AM_Chest_AP8.png,386_AM_Chest_AP13.png,0,0.0000
976_AM_Chest_AP8.png,476_AM_Chest_AP52.png,0,0.0000
969_AM_Chest_AP8.png,1146_AM_Chest_AP15.png,0,0.0000
1261_AM_Chest_AP10.png,593_AM_Chest_AP16.png,0,0.0000
1148_AM_Chest_AP11.png,498_AM_Chest_AP52.png,0,0.0000
1060_AM_Chest_AP2.png,1241_AM_Chest_AP3.png,0,0.0000
059_AM_Chest_AP4.png,938_AM_Chest_AP35.png,0,0.0000
950_AM_Chest_AP13.png,1124_AM_Chest_AP6.png,0,0.0000
1359_PM_Chest_AP1.png,1193_AM_Chest_AP5.png,0,0.0002
921_AM_Chest_AP11.png,232_AM_Chest_AP2.png,0,0.0000
1184_AM_Chest_AP7.png,1270_AM_Chest_AP9.png,0,0.0000
969_AM_Chest_AP5.png,1259_AM_Chest_AP11.png,0,0.0000
1040_AM_Chest_AP4.png,699_AM_Chest_AP12.png,0,0.0000
1192_AM_Chest_AP4.png,498_AM_Chest_AP58.png,0,0.0000
013_PM_Chest_AP2.png,1356_AM_Chest_AP12.png,0,0.0000
129_AM_Chest_AP7.png,100_AM_Chest_AP4.png,0,0.0182
1329_AM_Chest_AP11.png,1134_AM_Chest_AP4.png,0,0.0007
1296_AM_Chest_AP54.png,590_AM_Chest_AP2.png,0,0.0001
712_PM_Chest_AP2.png,976_AM_Chest_AP5.png,0,0.0000
948_AM_Chest_AP3.png,914_AM_Chest_AP7.png,0,0.0000
1204_AM_Chest_AP11.png,319_AM_Chest_AP8.png,0,0.0000
981_AM_Chest_AP17.png,893_AM_Chest_AP20.png,0,0.0000
635_AM_Chest_AP7.png,725_AM_Chest_AP6.png,0,0.0000
876_PM_Chest_AP3.png,1218_AM_Chest_AP9.png,0,0.0000
969_AM_Chest_AP5.png,1183_AM_Chest_AP8.png,0,0.0000
689_AM_Chest_AP16.png,1147_AM_Chest_AP10.png,0,0.0000
786_AM_Chest_AP24.png,1353_PM_Chest_AP2.png,0,0.0000
1184_AM_Chest_AP7.png,984_AM_Chest_AP8.png,0,0.0000
107_AM_Chest_AP23.png,1017_AM_Chest_AP3.png,0,0.0000
301_AM_Chest_AP3.png,975_AM_Chest_AP13.png,0,0.0000
986_AM_Chest_AP4.png,1274_AM_Chest_AP6.png,0,0.0000
1047_AM_Chest_AP2.png,1209_AM_Chest_AP13.png,0,0.0013
1371_PM_Chest_AP2.png,691_AM_Chest_AP26.png,0,0.0000
1069_AM_Chest_AP12.png,1173_AM_Chest_AP10.png,0,0.0003
1064_AM_Chest_AP5.png,1341_PM_Chest_AP2.png,0,0.0000
1176_AM_Chest_AP7.png,579_AM_Chest_AP8.png,0,0.0000
211_AM_Chest_AP11.png,1065_AM_Chest_AP2.png,0,0.0000
1201_AM_Chest_AP9.png,1018_AM_Chest_AP7.png,0,0.0000
084_AM_Chest_AP3.png,1307_AM_Chest_AP3.png,0,0.0000
1260_AM_Chest_AP10.png,1134_AM_Chest_AP3.png,0,0.0003
1328_AM_Chest_AP7.png,476_AM_Chest_AP47.png,0,0.0000
893_AM_Chest_AP25.png,886_AM_Chest_AP6.png,0,0.0000
547_AM_Chest_AP5.png,476_AM_Chest_AP62.png,0,0.0000
1201_AM_Chest_AP9.png,1224_AM_Chest_AP8.png,0,0.0000
591_AM_Chest_AP29.png,1305_AM_Chest_AP6.png,0,0.0000
1031_AM_Chest_AP16.png,1021_AM_Chest_AP16.png,0,0.0000
938_AM_Chest_AP29.png,964_AM_Chest_AP16.png,0,0.0000
290_PM_Chest_AP1.png,909_AM_Chest_AP6.png,0,0.0000
1013_AM_Chest_AP3.png,1100_AM_Chest_AP9.png,0,0.0000
419_AM_Chest_AP3.png,476_AM_Chest_AP51.png,0,0.0000
107_AM_Chest_AP31.png,072_AM_Chest_AP3.png,0,0.0000
998_AM_Chest_AP3.png,964_AM_Chest_AP13.png,0,0.0000
292_PM_Chest_AP1.png,1132_AM_Chest_AP5.png,0,0.0000
1021_AM_Chest_AP20.png,939_AM_Chest_AP12.png,0,0.0000
409_AM_Chest_AP33.png,498_AM_Chest_AP58.png,0,0.0000
1118_AM_Chest_AP13.png,1330_AM_Chest_AP2.png,0,0.0000
863_AM_Chest_AP8.png,339_AM_Chest_AP11.png,0,0.0000
797_AM_Chest_AP10.png,1192_AM_Chest_AP4.png,0,0.0000
887_AM_Chest_AP13.png,1183_AM_Chest_AP9.png,0,0.0000
757_PM_Chest_AP3.png,244_AM_Chest_AP22.png,0,0.0000
1155_AM_Chest_AP22.png,1131_AM_Chest_AP3.png,0,0.0000
759_PM_Chest_AP2.png,674_AM_Chest_AP4.png,0,0.0000
965_AM_Chest_AP10.png,1053_AM_Chest_AP7.png,0,0.0000
822_AM_Chest_AP12.png,912_AM_Chest_AP18.png,0,0.0001
185_AM_Chest_AP4.png,527_PM_Chest_AP2.png,0,0.0000
979_AM_Chest_AP5.png,905_AM_Chest_AP14.png,0,0.0000
751_AM_Chest_AP22.png,1098_AM_Chest_AP14.png,0,0.0000
1104_AM_Chest_AP8.png,1145_AM_Chest_AP2.png,0,0.0000
968_AM_Chest_AP6.png,640_AM_Chest_AP5.png,0,0.0000
965_AM_Chest_AP9.png,908_AM_Chest_AP8.png,0,0.0000
1080_AM_Chest_AP4.png,1094_AM_Chest_AP10.png,0,0.0000
244_AM_Chest_AP23.png,1096_AM_Chest_AP18.png,0,0.0001
630_AM_Chest_AP2.png,651_AM_Chest_AP19.png,0,0.0000
773_AM_Chest_AP9.png,856_AM_Chest_AP9.png,0,0.0000
1080_AM_Chest_AP6.png,498_AM_Chest_AP55.png,0,0.0000
950_AM_Chest_AP17.png,966_AM_Chest_AP42.png,0,0.7704
1105_AM_Chest_AP4.png,1082_AM_Chest_AP12.png,0,0.0000
1217_AM_Chest_AP6.png,1079_AM_Chest_AP11.png,0,0.0000
987_AM_Chest_AP7.png,1192_AM_Chest_AP4.png,0,0.0000
655_AM_Chest_AP34.png,1048_AM_Chest_AP4.png,0,0.0000
185_AM_Chest_AP3.png,1095_AM_Chest_AP5.png,0,0.0000
1097_AM_Chest_AP6.png,1101_AM_Chest_AP8.png,0,0.0000
056_PM_Chest_AP5.png,898_AM_Chest_AP27.png,0,0.0000
786_AM_Chest_AP22.png,1120_AM_Chest_AP6.png,0,0.0000
445_AM_Chest_AP8.png,1142_AM_Chest_AP8.png,0,0.0033
1069_AM_Chest_AP13.png,445_AM_Chest_AP8.png,0,0.0000
949_AM_Chest_AP4.png,938_AM_Chest_AP33.png,0,0.0000
669_AM_Chest_AP6.png,1173_AM_Chest_AP10.png,0,0.0000
689_AM_Chest_AP12.png,1028_AM_Chest_AP21.png,0,0.0000
1207_AM_Chest_AP6.png,1323_AM_Chest_AP2.png,0,0.0016
946_AM_Chest_AP6.png,424_AM_Chest_AP5.png,0,0.0000
013_PM_Chest_AP2.png,877_PM_Chest_AP3.png,0,0.0000
1002_AM_Chest_AP6.png,198_AM_Chest_AP4.png,0,0.0000
409_AM_Chest_AP33.png,1327_AM_Chest_AP3.png,0,0.0000
1216_AM_Chest_AP6.png,932_AM_Chest_AP16.png,0,0.0000
1027_AM_Chest_AP3.png,409_AM_Chest_AP34.png,0,0.0000
611_AM_Chest_AP6.png,1262_AM_Chest_AP11.png,0,0.0000
802_AM_Chest_AP3.png,1166_AM_Chest_AP11.png,0,0.0000
572_AM_Chest_AP8.png,1024_AM_Chest_AP19.png,0,0.0000
1039_AM_Chest_AP6.png,934_AM_Chest_AP5.png,0,0.0000
725_AM_Chest_AP6.png,498_AM_Chest_AP49.png,0,0.0000
1289_AM_Chest_AP42.png,1021_AM_Chest_AP15.png,0,0.0000
1182_AM_Chest_AP6.png,485_AM_Chest_AP27.png,0,0.0000
995_AM_Chest_AP15.png,160_AM_Chest_AP3.png,0,0.0000
152_AM_Chest_AP9.png,244_AM_Chest_AP23.png,0,0.0015
475_AM_Chest_AP14.png,076_AM_Chest_AP20.png,0,0.0000
806_AM_Chest_AP4.png,1094_AM_Chest_AP13.png,0,0.0000
1114_AM_Chest_AP3.png,1312_AM_Chest_AP5.png,0,0.0000
1278_AM_Chest_AP11.png,054_PM_Chest_AP2.png,0,0.0000
1100_AM_Chest_AP8.png,1055_AM_Chest_AP22.png,0,0.0000
210_AM_Chest_AP2.png,244_AM_Chest_AP23.png,0,0.0000
1198_AM_Chest_AP7.png,1341_PM_Chest_AP2.png,0,0.0000
1117_AM_Chest_AP5.png,1283_AM_Chest_AP6.png,0,0.0000
1063_AM_Chest_AP7.png,1139_AM_Chest_AP4.png,0,0.0000
1111_AM_Chest_AP5.png,498_AM_Chest_AP59.png,0,0.0001
1151_AM_Chest_AP11.png,360_AM_Chest_AP4.png,0,0.0000
591_AM_Chest_AP24.png,1353_PM_Chest_AP2.png,0,0.0000
1314_AM_Chest_AP20.png,513_AM_Chest_AP8.png,0,0.0000
919_AM_Chest_AP8.png,1122_AM_Chest_AP8.png,0,0.0000
1269_AM_Chest_AP6.png,1262_AM_Chest_AP11.png,0,0.0000
107_AM_Chest_AP23.png,616_AM_Chest_AP3.png,0,0.0000
076_AM_Chest_AP17.png,1020_AM_Chest_AP4.png,0,0.0000
1151_AM_Chest_AP11.png,1079_AM_Chest_AP12.png,0,0.0000
670_AM_Chest_AP5.png,1055_AM_Chest_AP22.png,0,0.0000
1183_AM_Chest_AP9.png,409_AM_Chest_AP34.png,0,0.0000
1314_AM_Chest_AP20.png,773_AM_Chest_AP9.png,0,0.0000
689_AM_Chest_AP13.png,932_AM_Chest_AP16.png,0,0.0000
995_AM_Chest_AP20.png,1021_AM_Chest_AP15.png,0,0.0000
1024_AM_Chest_AP16.png,1238_AM_Chest_AP9.png,0,0.0000
211_AM_Chest_AP12.png,498_AM_Chest_AP59.png,0,0.0000
1317_AM_Chest_AP8.png,1082_AM_Chest_AP12.png,0,0.0000
551_AM_Chest_AP2.png,1059_AM_Chest_AP13.png,0,0.0000
1312_AM_Chest_AP4.png,182_AM_Chest_AP6.png,0,0.0000
887_AM_Chest_AP13.png,1348_PM_Chest_AP4.png,0,0.0000
579_AM_Chest_AP11.png,1185_AM_Chest_AP9.png,0,0.0000
995_AM_Chest_AP20.png,1021_AM_Chest_AP17.png,0,0.0000
1118_AM_Chest_AP14.png,760_PM_Chest_AP2.png,0,0.0000
937_AM_Chest_AP11.png,1244_AM_Chest_AP7.png,0,0.0000
1306_AM_Chest_AP3.png,1021_AM_Chest_AP17.png,0,0.0000
955_AM_Chest_AP8.png,1028_AM_Chest_AP20.png,0,0.0000
476_AM_Chest_AP46.png,966_AM_Chest_AP50.png,0,0.0000
116_AM_Chest_AP17.png,907_AM_Chest_AP10.png,0,0.0000
1037_AM_Chest_AP6.png,945_AM_Chest_AP24.png,0,0.0000
760_PM_Chest_AP4.png,939_AM_Chest_AP8.png,0,0.0000
1088_AM_Chest_AP4.png,156_AM_Chest_AP4.png,0,0.0000
728_AM_Chest_AP6.png,858_AM_Chest_AP8.png,0,0.0000
339_AM_Chest_AP12.png,1249_AM_Chest_AP13.png,0,0.0000
157_AM_Chest_AP2.png,932_AM_Chest_AP18.png,0,0.0000
555_AM_Chest_AP14.png,498_AM_Chest_AP44.png,0,0.0000
1037_AM_Chest_AP8.png,1202_AM_Chest_AP8.png,0,0.0000
1015_AM_Chest_AP6.png,1272_AM_Chest_AP7.png,0,0.0000
298_AM_Chest_AP8.png,342_AM_Chest_AP2.png,0,0.0000
1090_AM_Chest_AP4.png,1119_AM_Chest_AP7.png,0,0.0000
651_AM_Chest_AP16.png,1295_AM_Chest_AP2.png,0,0.0000
1279_AM_Chest_AP2.png,1299_AM_Chest_AP6.png,0,0.0000
863_AM_Chest_AP9.png,1137_AM_Chest_AP6.png,0,0.0000
1202_AM_Chest_AP9.png,907_AM_Chest_AP10.png,0,0.0000
885_AM_Chest_AP3.png,1209_AM_Chest_AP13.png,0,0.0000
167_AM_Chest_AP10.png,1348_PM_Chest_AP3.png,0,0.0000
845_AM_Chest_AP14.png,1091_AM_Chest_AP5.png,0,0.0000
1013_AM_Chest_AP4.png,938_AM_Chest_AP26.png,0,0.0000
959_AM_Chest_AP5.png,699_AM_Chest_AP16.png,0,0.0000
973_AM_Chest_AP17.png,966_AM_Chest_AP44.png,0,0.0002
1144_AM_Chest_AP11.png,693_AM_Chest_AP6.png,0,0.0000
1267_AM_Chest_AP8.png,360_AM_Chest_AP4.png,0,0.0000
786_AM_Chest_AP21.png,1183_AM_Chest_AP7.png,0,0.0000
1031_AM_Chest_AP19.png,806_AM_Chest_AP4.png,0,0.0000
928_AM_Chest_AP25.png,1327_AM_Chest_AP3.png,0,0.0000
591_AM_Chest_AP25.png,1120_AM_Chest_AP8.png,0,0.0000
320_AM_Chest_AP3.png,1283_AM_Chest_AP6.png,0,0.0000
513_AM_Chest_AP11.png,905_AM_Chest_AP16.png,0,0.0000
1029_AM_Chest_AP6.png,054_PM_Chest_AP1.png,0,0.0000
1098_AM_Chest_AP14.png,966_AM_Chest_AP57.png,0,0.0000
1095_AM_Chest_AP8.png,409_AM_Chest_AP29.png,0,0.0000
655_AM_Chest_AP32.png,1219_AM_Chest_AP7.png,0,0.0000
1115_AM_Chest_AP12.png,654_AM_Chest_AP6.png,0,0.0000
032_PM_Chest_AP1.png,107_AM_Chest_AP28.png,0,0.0000
675_PM_Chest_AP2.png,938_AM_Chest_AP25.png,0,0.0000
1225_AM_Chest_AP3.png,1135_AM_Chest_AP4.png,0,0.0000
971_AM_Chest_AP27.png,920_AM_Chest_AP3.png,0,0.0000
094_AM_Chest_AP4.png,939_AM_Chest_AP9.png,0,0.0000
024_PM_Chest_AP2.png,931_AM_Chest_AP3.png,0,0.0000
992_AM_Chest_AP4.png,498_AM_Chest_AP60.png,0,0.0000
822_AM_Chest_AP11.png,1202_AM_Chest_AP8.png,0,0.0001
1135_AM_Chest_AP4.png,1101_AM_Chest_AP6.png,0,0.0000
1057_AM_Chest_AP10.png,298_AM_Chest_AP7.png,0,0.0000
1268_AM_Chest_AP4.png,957_AM_Chest_AP12.png,0,0.0000
160_AM_Chest_AP3.png,106_AM_Chest_AP2.png,0,0.0001
1206_AM_Chest_AP25.png,960_AM_Chest_AP8.png,0,0.0000
1278_AM_Chest_AP10.png,100_AM_Chest_AP3.png,0,0.0000
989_AM_Chest_AP13.png,1236_AM_Chest_AP4.png,0,0.0000
1090_AM_Chest_AP4.png,452_AM_Chest_AP6.png,0,0.0000
161_AM_Chest_AP2.png,928_AM_Chest_AP17.png,0,0.0000
1278_AM_Chest_AP10.png,1336_AM_Chest_AP6.png,0,0.0000
735_AM_Chest_AP7.png,786_AM_Chest_AP25.png,0,0.0000
1153_AM_Chest_AP2.png,992_AM_Chest_AP4.png,0,0.0053
1115_AM_Chest_AP13.png,912_AM_Chest_AP17.png,0,0.0851
1314_AM_Chest_AP26.png,155_AM_Chest_AP7.png,0,0.0000
409_AM_Chest_AP28.png,829_AM_Chest_AP2.png,0,0.0000
1190_AM_Chest_AP4.png,975_AM_Chest_AP16.png,0,0.0000
1147_AM_Chest_AP10.png,757_PM_Chest_AP3.png,0,0.0000
689_AM_Chest_AP16.png,1000_AM_Chest_AP10.png,0,0.0000
890_AM_Chest_AP8.png,699_AM_Chest_AP13.png,0,0.0000
1296_AM_Chest_AP58.png,960_AM_Chest_AP8.png,0,0.0000
1002_AM_Chest_AP7.png,969_AM_Chest_AP8.png,0,0.0000
067_AM_Chest_AP4.png,907_AM_Chest_AP10.png,0,0.0000
356_AM_Chest_AP3.png,852_AM_Chest_AP4.png,0,0.0000
1141_AM_Chest_AP8.png,008_PM_Chest_AP5.png,0,0.0000
1004_AM_Chest_AP3.png,1007_AM_Chest_AP2.png,0,0.0005
651_AM_Chest_AP19.png,1096_AM_Chest_AP22.png,0,0.0000
987_AM_Chest_AP6.png,674_AM_Chest_AP4.png,0,0.0000
446_AM_Chest_AP2.png,1012_AM_Chest_AP7.png,0,0.0000
691_AM_Chest_AP31.png,345_AM_Chest_AP2.png,0,0.0000
1156_AM_Chest_AP3.png,1086_AM_Chest_AP11.png,0,0.0000
1289_AM_Chest_AP47.png,1217_AM_Chest_AP6.png,0,0.0000
195_AM_Chest_AP6.png,1153_AM_Chest_AP2.png,0,0.0000
1234_AM_Chest_AP7.png,1356_AM_Chest_AP13.png,0,0.0000
591_AM_Chest_AP27.png,990_AM_Chest_AP8.png,0,0.0000
107_AM_Chest_AP30.png,1017_AM_Chest_AP4.png,0,0.0000
554_AM_Chest_AP7.png,017_PM_Chest_AP2.png,0,0.0000
887_AM_Chest_AP14.png,1040_AM_Chest_AP3.png,0,0.0000
760_PM_Chest_AP2.png,1358_PM_Chest_AP3.png,0,0.0000
046_PM_Chest_AP1.png,1119_AM_Chest_AP7.png,0,0.0000
1219_AM_Chest_AP7.png,162_AM_Chest_AP11.png,0,0.0008
1000_AM_Chest_AP9.png,907_AM_Chest_AP10.png,0,0.0000
1221_AM_Chest_AP6.png,1285_AM_Chest_AP7.png,0,0.0000
572_AM_Chest_AP8.png,1178_AM_Chest_AP3.png,0,0.0000
1371_PM_Chest_AP2.png,691_AM_Chest_AP25.png,0,0.0000
845_AM_Chest_AP9.png,1088_AM_Chest_AP4.png,0,0.0029
895_AM_Chest_AP5.png,211_AM_Chest_AP12.png,0,0.0000
244_AM_Chest_AP21.png,905_AM_Chest_AP16.png,0,0.0000
1339_PM_Chest_AP1.png,1008_AM_Chest_AP6.png,0,0.0000
1276_AM_Chest_AP3.png,980_AM_Chest_AP7.png,0,0.0000
1360_PM_Chest_AP7.png,162_AM_Chest_AP9.png,0,0.0000
1003_AM_Chest_AP4.png,1062_AM_Chest_AP8.png,0,0.0020
1259_AM_Chest_AP13.png,1016_AM_Chest_AP7.png,0,0.0000
1264_AM_Chest_AP13.png,814_AM_Chest_AP3.png,0,0.0011
529_AM_Chest_AP4.png,1262_AM_Chest_AP11.png,0,0.0000
1042_AM_Chest_AP6.png,1216_AM_Chest_AP8.png,0,0.0000
889_AM_Chest_AP10.png,971_AM_Chest_AP25.png,0,0.0000
1111_AM_Chest_AP6.png,1179_AM_Chest_AP10.png,0,0.0000
1182_AM_Chest_AP6.png,1127_AM_Chest_AP10.png,0,0.0000
116_AM_Chest_AP19.png,498_AM_Chest_AP51.png,0,0.0000
1031_AM_Chest_AP15.png,443_AM_Chest_AP2.png,0,0.0000
686_AM_Chest_AP6.png,1166_AM_Chest_AP9.png,0,0.0000
1157_AM_Chest_AP3.png,1016_AM_Chest_AP6.png,0,0.0000
1285_AM_Chest_AP7.png,898_AM_Chest_AP23.png,0,0.0000
533_AM_Chest_AP8.png,157_AM_Chest_AP2.png,0,0.0000
751_AM_Chest_AP29.png,1117_AM_Chest_AP5.png,0,0.0000
1036_AM_Chest_AP4.png,901_AM_Chest_AP9.png,0,0.0000
1238_AM_Chest_AP10.png,691_AM_Chest_AP25.png,0,0.0000
937_AM_Chest_AP10.png,499_PM_Chest_AP1.png,0,0.0000
668_AM_Chest_AP15.png,919_AM_Chest_AP9.png,0,0.0000
1053_AM_Chest_AP5.png,475_AM_Chest_AP16.png,0,0.0000
1127_AM_Chest_AP11.png,693_AM_Chest_AP6.png,0,0.0000
1067_AM_Chest_AP7.png,1195_AM_Chest_AP8.png,0,0.0000
014_PM_Chest_AP3.png,591_AM_Chest_AP29.png,0,0.0000
1314_AM_Chest_AP26.png,681_AM_Chest_AP2.png,0,0.0000
977_AM_Chest_AP12.png,1018_AM_Chest_AP7.png,0,0.0000
1115_AM_Chest_AP10.png,476_AM_Chest_AP60.png,0,0.0000
205_AM_Chest_AP9.png,912_AM_Chest_AP15.png,0,0.0389
864_AM_Chest_AP7.png,898_AM_Chest_AP24.png,0,0.0000
965_AM_Chest_AP6.png,971_AM_Chest_AP25.png,0,0.0000
1314_AM_Chest_AP20.png,1194_AM_Chest_AP11.png,0,0.0000
593_AM_Chest_AP15.png,898_AM_Chest_AP25.png,0,0.0000
1194_AM_Chest_AP13.png,966_AM_Chest_AP52.png,0,0.0000
1111_AM_Chest_AP6.png,934_AM_Chest_AP6.png,0,0.0000
889_AM_Chest_AP11.png,1195_AM_Chest_AP7.png,0,0.0000
1094_AM_Chest_AP12.png,1320_AM_Chest_AP6.png,0,0.0000
1248_AM_Chest_AP20.png,915_AM_Chest_AP8.png,0,0.0000
989_AM_Chest_AP13.png,1209_AM_Chest_AP15.png,0,0.0000
1272_AM_Chest_AP6.png,845_AM_Chest_AP9.png,0,0.0000
795_AM_Chest_AP11.png,1059_AM_Chest_AP10.png,0,0.0000
1068_AM_Chest_AP10.png,1122_AM_Chest_AP7.png,0,0.0000
450_AM_Chest_AP6.png,1233_AM_Chest_AP5.png,0,0.0001
1341_PM_Chest_AP2.png,1055_AM_Chest_AP18.png,0,0.0000
482_AM_Chest_AP5.png,1074_AM_Chest_AP4.png,0,0.0000
1296_AM_Chest_AP57.png,475_AM_Chest_AP11.png,0,0.0000
1234_AM_Chest_AP7.png,1239_AM_Chest_AP6.png,0,0.0000
1296_AM_Chest_AP57.png,1028_AM_Chest_AP17.png,0,0.0000
691_AM_Chest_AP31.png,251_AM_Chest_AP3.png,0,0.0000
1136_AM_Chest_AP10.png,669_AM_Chest_AP6.png,0,0.0000
917_AM_Chest_AP4.png,019_PM_Chest_AP1.png,0,0.0000
485_AM_Chest_AP22.png,919_AM_Chest_AP8.png,0,0.0000
898_AM_Chest_AP32.png,132_AM_Chest_AP6.png,0,0.0000
937_AM_Chest_AP11.png,1237_AM_Chest_AP10.png,0,0.0000
185_AM_Chest_AP4.png,966_AM_Chest_AP50.png,0,0.0000
1336_AM_Chest_AP6.png,1176_AM_Chest_AP7.png,0,0.0005
1031_AM_Chest_AP20.png,974_AM_Chest_AP7.png,0,0.0000
948_AM_Chest_AP3.png,1155_AM_Chest_AP23.png,0,0.0000
152_AM_Chest_AP10.png,1313_AM_Chest_AP2.png,0,0.0000
1296_AM_Chest_AP53.png,905_AM_Chest_AP12.png,0,0.0000
1258_AM_Chest_AP3.png,898_AM_Chest_AP31.png,0,0.0000
1069_AM_Chest_AP11.png,1283_AM_Chest_AP6.png,0,0.0000
136_AM_Chest_AP11.png,702_AM_Chest_AP4.png,0,0.0000
996_AM_Chest_AP6.png,1001_AM_Chest_AP3.png,0,0.0000
949_AM_Chest_AP4.png,794_AM_Chest_AP9.png,0,0.0000
339_AM_Chest_AP10.png,1028_AM_Chest_AP16.png,0,0.0000
173_AM_Chest_AP3.png,651_AM_Chest_AP15.png,0,0.0000
399_AM_Chest_AP2.png,966_AM_Chest_AP56.png,0,0.0000
463_AM_Chest_AP3.png,893_AM_Chest_AP20.png,0,0.0000
977_AM_Chest_AP12.png,1238_AM_Chest_AP8.png,0,0.0000
529_AM_Chest_AP5.png,950_AM_Chest_AP15.png,0,0.0000
1028_AM_Chest_AP17.png,981_AM_Chest_AP16.png,0,0.0000
1099_AM_Chest_AP3.png,698_AM_Chest_AP11.png,0,0.0000
290_PM_Chest_AP1.png,1266_AM_Chest_AP2.png,0,0.0000
513_AM_Chest_AP11.png,792_AM_Chest_AP3.png,0,0.0000
346_AM_Chest_AP4.png,1183_AM_Chest_AP8.png,0,0.0000
136_AM_Chest_AP10.png,211_AM_Chest_AP9.png,0,0.0000
1235_AM_Chest_AP3.png,097_AM_Chest_AP4.png,0,0.0002
751_AM_Chest_AP22.png,904_AM_Chest_AP14.png,0,0.0000
1041_AM_Chest_AP4.png,985_AM_Chest_AP12.png,0,0.0000
1261_AM_Chest_AP9.png,1155_AM_Chest_AP25.png,0,0.0000
953_AM_Chest_AP6.png,1103_AM_Chest_AP7.png,0,0.0000
995_AM_Chest_AP17.png,476_AM_Chest_AP56.png,0,0.0000
797_AM_Chest_AP11.png,1093_AM_Chest_AP5.png,0,0.0000
298_AM_Chest_AP8.png,513_AM_Chest_AP9.png,0,0.0000
092_AM_Chest_AP2.png,733_AM_Chest_AP5.png,0,0.0000
386_AM_Chest_AP13.png,1096_AM_Chest_AP20.png,0,0.0000
1209_AM_Chest_AP16.png,132_AM_Chest_AP6.png,0,0.0000
107_AM_Chest_AP21.png,1139_AM_Chest_AP4.png,0,0.0000
1088_AM_Chest_AP4.png,820_AM_Chest_AP8.png,0,0.0000
1002_AM_Chest_AP8.png,1194_AM_Chest_AP10.png,0,0.0000
725_AM_Chest_AP6.png,1364_AM_Chest_AP3.png,0,0.0000
107_AM_Chest_AP31.png,360_AM_Chest_AP4.png,0,0.0000
1151_AM_Chest_AP11.png,1013_AM_Chest_AP4.png,0,0.0000
1083_AM_Chest_AP4.png,107_AM_Chest_AP26.png,0,0.0000
689_AM_Chest_AP16.png,969_AM_Chest_AP8.png,0,0.0000
1348_PM_Chest_AP3.png,1010_AM_Chest_AP5.png,0,0.0000
1354_PM_Chest_AP1.png,150_AM_Chest_AP8.png,0,0.0000
1170_AM_Chest_AP5.png,136_AM_Chest_AP10.png,0,0.0000
1031_AM_Chest_AP18.png,1288_AM_Chest_AP7.png,0,0.0000
1102_AM_Chest_AP7.png,1346_AM_Chest_AP11.png,0,0.0000
1103_AM_Chest_AP8.png,1239_AM_Chest_AP7.png,0,0.0000
546_AM_Chest_AP6.png,1289_AM_Chest_AP36.png,0,0.0000
968_AM_Chest_AP6.png,950_AM_Chest_AP13.png,0,0.0000
941_AM_Chest_AP3.png,651_AM_Chest_AP19.png,0,0.0000
1108_AM_Chest_AP10.png,1014_AM_Chest_AP11.png,0,0.0000
1310_AM_Chest_AP8.png,973_AM_Chest_AP13.png,0,0.0000
1210_AM_Chest_AP6.png,938_AM_Chest_AP32.png,0,0.0001
902_AM_Chest_AP5.png,800_AM_Chest_AP12.png,0,0.0000
162_AM_Chest_AP11.png,1270_AM_Chest_AP10.png,0,0.0000
1296_AM_Chest_AP59.png,1348_PM_Chest_AP4.png,0,0.0000
933_AM_Chest_AP5.png,966_AM_Chest_AP48.png,0,0.0000
936_AM_Chest_AP2.png,1155_AM_Chest_AP22.png,0,0.0000
1130_AM_Chest_AP5.png,1175_AM_Chest_AP5.png,0,0.0000
1003_AM_Chest_AP3.png,565_AM_Chest_AP3.png,0,0.0000
1116_AM_Chest_AP4.png,928_AM_Chest_AP21.png,0,0.0000
046_PM_Chest_AP1.png,1187_AM_Chest_AP3.png,0,0.0000
1070_AM_Chest_AP11.png,1166_AM_Chest_AP8.png,0,0.0000
413_AM_Chest_AP3.png,1021_AM_Chest_AP17.png,0,0.0000
909_AM_Chest_AP6.png,1094_AM_Chest_AP10.png,0,0.0000
845_AM_Chest_AP14.png,1095_AM_Chest_AP6.png,0,0.0020
1012_AM_Chest_AP6.png,1129_AM_Chest_AP3.png,0,0.0000
1062_AM_Chest_AP8.png,498_AM_Chest_AP48.png,0,0.0000
1296_AM_Chest_AP52.png,1234_AM_Chest_AP6.png,0,0.0000
1275_AM_Chest_AP5.png,1105_AM_Chest_AP5.png,0,0.0000
1233_AM_Chest_AP5.png,1124_AM_Chest_AP6.png,0,0.0000
1216_AM_Chest_AP8.png,938_AM_Chest_AP32.png,0,0.0000
1190_AM_Chest_AP3.png,232_AM_Chest_AP2.png,0,0.0000
1289_AM_Chest_AP45.png,485_AM_Chest_AP20.png,0,0.0000
012_PM_Chest_AP3.png,1055_AM_Chest_AP16.png,0,0.0000
205_AM_Chest_AP9.png,1259_AM_Chest_AP14.png,0,0.0000
735_AM_Chest_AP7.png,153_AM_Chest_AP6.png,0,0.0000
986_AM_Chest_AP6.png,008_PM_Chest_AP5.png,0,0.0000
591_AM_Chest_AP28.png,1102_AM_Chest_AP7.png,0,0.0000
490_AM_Chest_AP5.png,031_PM_Chest_AP6.png,0,0.0000
1109_AM_Chest_AP5.png,677_AM_Chest_AP4.png,0,0.0000
902_AM_Chest_AP4.png,944_AM_Chest_AP3.png,0,0.0000
1296_AM_Chest_AP52.png,445_AM_Chest_AP8.png,0,0.0000
932_AM_Chest_AP15.png,1059_AM_Chest_AP11.png,0,0.0000
572_AM_Chest_AP8.png,655_AM_Chest_AP28.png,0,0.0000
320_AM_Chest_AP3.png,1273_AM_Chest_AP5.png,0,0.0000
1127_AM_Chest_AP11.png,1053_AM_Chest_AP7.png,0,0.0000
961_AM_Chest_AP9.png,1114_AM_Chest_AP3.png,0,0.0000
930_AM_Chest_AP4.png,1082_AM_Chest_AP12.png,0,0.0000
156_AM_Chest_AP3.png,1208_AM_Chest_AP5.png,0,0.0000
160_AM_Chest_AP3.png,923_AM_Chest_AP8.png,0,0.0000
298_AM_Chest_AP6.png,1110_AM_Chest_AP2.png,0,0.0000
546_AM_Chest_AP5.png,852_AM_Chest_AP3.png,0,0.0000
990_AM_Chest_AP5.png,476_AM_Chest_AP49.png,0,0.0000
1152_AM_Chest_AP3.png,475_AM_Chest_AP16.png,0,0.0000
1148_AM_Chest_AP10.png,1277_AM_Chest_AP7.png,0,0.0000
1022_AM_Chest_AP3.png,693_AM_Chest_AP6.png,0,0.0000
758_PM_Chest_AP2.png,1265_AM_Chest_AP8.png,0,0.0000
297_AM_Chest_AP2.png,691_AM_Chest_AP25.png,0,0.0000
1207_AM_Chest_AP5.png,928_AM_Chest_AP23.png,0,0.0000
084_AM_Chest_AP3.png,887_AM_Chest_AP15.png,0,0.0000
1184_AM_Chest_AP5.png,1147_AM_Chest_AP10.png,0,0.0000
636_AM_Chest_AP10.png,686_AM_Chest_AP5.png,0,0.0000
971_AM_Chest_AP28.png,1139_AM_Chest_AP5.png,0,0.0000
1141_AM_Chest_AP7.png,1099_AM_Chest_AP3.png,0,0.0000
1151_AM_Chest_AP10.png,893_AM_Chest_AP24.png,0,0.0000
1314_AM_Chest_AP24.png,1194_AM_Chest_AP13.png,0,0.0000
450_AM_Chest_AP7.png,500_PM_Chest_AP2.png,0,0.0086
1269_AM_Chest_AP7.png,1079_AM_Chest_AP14.png,0,0.0000
1091_AM_Chest_AP5.png,476_AM_Chest_AP49.png,0,0.0000
786_AM_Chest_AP20.png,971_AM_Chest_AP30.png,0,0.0000
765_PM_Chest_AP1.png,498_AM_Chest_AP61.png,0,0.0000
379_AM_Chest_AP3.png,923_AM_Chest_AP5.png,0,0.0000
1129_AM_Chest_AP3.png,1346_AM_Chest_AP12.png,0,0.0000
360_AM_Chest_AP3.png,1218_AM_Chest_AP8.png,0,0.0000
1339_PM_Chest_AP1.png,907_AM_Chest_AP10.png,0,0.0000
1180_AM_Chest_AP7.png,794_AM_Chest_AP6.png,0,0.0000
152_AM_Chest_AP10.png,1043_AM_Chest_AP8.png,0,0.0023
1194_AM_Chest_AP13.png,478_AM_Chest_AP2.png,0,0.0000
1253_AM_Chest_AP3.png,1055_AM_Chest_AP19.png,0,0.0000
1310_AM_Chest_AP8.png,677_AM_Chest_AP4.png,0,0.0000
314_AM_Chest_AP3.png,923_AM_Chest_AP8.png,0,0.0000
655_AM_Chest_AP28.png,728_AM_Chest_AP6.png,0,0.0000
1194_AM_Chest_AP11.png,565_AM_Chest_AP3.png,0,0.0000
1219_AM_Chest_AP9.png,1267_AM_Chest_AP8.png,0,0.0000
555_AM_Chest_AP14.png,1012_AM_Chest_AP7.png,0,0.0000
995_AM_Chest_AP16.png,1353_PM_Chest_AP2.png,0,0.0000
204_AM_Chest_AP3.png,894_AM_Chest_AP6.png,0,0.0000
1217_AM_Chest_AP5.png,031_PM_Chest_AP5.png,0,0.0000
1183_AM_Chest_AP7.png,1245_AM_Chest_AP7.png,0,0.0000
152_AM_Chest_AP9.png,930_AM_Chest_AP5.png,0,0.0000
962_AM_Chest_AP10.png,498_AM_Chest_AP59.png,0,0.0000
136_AM_Chest_AP10.png,1234_AM_Chest_AP8.png,0,0.0000
122_AM_Chest_AP3.png,805_AM_Chest_AP2.png,0,0.0000
594_AM_Chest_AP7.png,1241_AM_Chest_AP3.png,0,0.0000
1307_AM_Chest_AP3.png,622_AM_Chest_AP2.png,0,0.0000
961_AM_Chest_AP10.png,1081_AM_Chest_AP6.png,0,0.0000
867_AM_Chest_AP3.png,1183_AM_Chest_AP8.png,0,0.0000
786_AM_Chest_AP25.png,993_AM_Chest_AP4.png,0,0.0000
1031_AM_Chest_AP16.png,914_AM_Chest_AP8.png,0,0.0000
1127_AM_Chest_AP10.png,1221_AM_Chest_AP6.png,0,0.0000
1008_AM_Chest_AP5.png,1238_AM_Chest_AP9.png,0,0.0000
773_AM_Chest_AP10.png,1055_AM_Chest_AP22.png,0,0.0000
204_AM_Chest_AP3.png,1146_AM_Chest_AP18.png,0,0.0000
1048_AM_Chest_AP3.png,940_AM_Chest_AP10.png,0,0.0000
887_AM_Chest_AP15.png,515_AM_Chest_AP8.png,0,0.0000
961_AM_Chest_AP6.png,922_AM_Chest_AP2.png,0,0.0000
346_AM_Chest_AP4.png,1034_AM_Chest_AP3.png,0,0.0000
1050_AM_Chest_AP3.png,476_AM_Chest_AP54.png,0,0.0000
820_AM_Chest_AP9.png,1261_AM_Chest_AP11.png,0,0.0000
1002_AM_Chest_AP6.png,1296_AM_Chest_AP58.png,0,0.0000
346_AM_Chest_AP5.png,089_AM_Chest_AP4.png,0,0.0000
1296_AM_Chest_AP54.png,1115_AM_Chest_AP14.png,0,0.0000
1107_AM_Chest_AP9.png,923_AM_Chest_AP8.png,0,0.0000
1108_AM_Chest_AP12.png,1126_AM_Chest_AP8.png,0,0.0000
1264_AM_Chest_AP10.png,1222_AM_Chest_AP9.png,0,0.0000
1153_AM_Chest_AP2.png,914_AM_Chest_AP9.png,0,0.0000
1296_AM_Chest_AP55.png,838_AM_Chest_AP3.png,0,0.0000
591_AM_Chest_AP32.png,1117_AM_Chest_AP6.png,0,0.0012
1216_AM_Chest_AP8.png,966_AM_Chest_AP51.png,0,0.0000
290_PM_Chest_AP1.png,1063_AM_Chest_AP7.png,0,0.0000
876_PM_Chest_AP3.png,856_AM_Chest_AP8.png,0,0.0000
403_AM_Chest_AP11.png,1212_AM_Chest_AP2.png,0,0.0000
1314_AM_Chest_AP25.png,1300_AM_Chest_AP5.png,0,0.0000
867_AM_Chest_AP3.png,076_AM_Chest_AP24.png,0,0.0000
1296_AM_Chest_AP52.png,1151_AM_Chest_AP10.png,0,0.0000
795_AM_Chest_AP10.png,1191_AM_Chest_AP6.png,0,0.0000
1000_AM_Chest_AP8.png,1246_AM_Chest_AP5.png,0,0.0000
1166_AM_Chest_AP8.png,905_AM_Chest_AP13.png,0,0.0000
946_AM_Chest_AP6.png,1356_AM_Chest_AP15.png,0,0.0000
973_AM_Chest_AP17.png,072_AM_Chest_AP3.png,0,0.0000
1052_AM_Chest_AP2.png,1353_PM_Chest_AP3.png,0,0.0000
1108_AM_Chest_AP12.png,1236_AM_Chest_AP5.png,0,0.0000
1091_AM_Chest_AP6.png,966_AM_Chest_AP51.png,0,0.0000
191_AM_Chest_AP3.png,994_AM_Chest_AP5.png,0,0.0000
1000_AM_Chest_AP9.png,1273_AM_Chest_AP5.png,0,0.0000
1003_AM_Chest_AP4.png,476_AM_Chest_AP53.png,0,0.0000
1302_AM_Chest_AP6.png,498_AM_Chest_AP56.png,0,0.0000
1353_PM_Chest_AP2.png,691_AM_Chest_AP31.png,0,0.0000
655_AM_Chest_AP33.png,822_AM_Chest_AP14.png,0,0.0000
487_AM_Chest_AP9.png,527_PM_Chest_AP2.png,0,0.0000
111_AM_Chest_AP4.png,944_AM_Chest_AP4.png,0,0.0000
1247_AM_Chest_AP3.png,1239_AM_Chest_AP7.png,0,0.0000
590_AM_Chest_AP2.png,478_AM_Chest_AP2.png,0,0.0014
172_AM_Chest_AP4.png,076_AM_Chest_AP25.png,0,0.0000
925_AM_Chest_AP7.png,938_AM_Chest_AP27.png,0,0.0000
1105_AM_Chest_AP5.png,1070_AM_Chest_AP11.png,0,0.0000
1072_AM_Chest_AP4.png,052_PM_Chest_AP3.png,0,0.0000
1155_AM_Chest_AP29.png,981_AM_Chest_AP24.png,0,0.0000
937_AM_Chest_AP10.png,476_AM_Chest_AP48.png,0,0.0000
1259_AM_Chest_AP14.png,1267_AM_Chest_AP8.png,0,0.0013
1329_AM_Chest_AP10.png,1008_AM_Chest_AP6.png,0,0.0000
1004_AM_Chest_AP3.png,1358_PM_Chest_AP4.png,0,0.0000
606_AM_Chest_AP2.png,1213_AM_Chest_AP5.png,0,0.0000
1047_AM_Chest_AP2.png,938_AM_Chest_AP34.png,0,0.0000
1261_AM_Chest_AP11.png,1239_AM_Chest_AP5.png,0,0.0000
1057_AM_Chest_AP11.png,1305_AM_Chest_AP8.png,0,0.0000
1265_AM_Chest_AP10.png,1093_AM_Chest_AP7.png,0,0.0000
356_AM_Chest_AP4.png,1021_AM_Chest_AP16.png,0,0.0000
054_PM_Chest_AP2.png,1370_PM_Chest_AP2.png,0,0.0073
1002_AM_Chest_AP6.png,162_AM_Chest_AP9.png,0,0.0000
830_AM_Chest_AP9.png,476_AM_Chest_AP48.png,0,0.0000
651_AM_Chest_AP18.png,565_AM_Chest_AP3.png,0,0.0000
594_AM_Chest_AP7.png,1286_AM_Chest_AP8.png,0,0.0000
698_AM_Chest_AP10.png,1073_AM_Chest_AP2.png,0,0.0000
031_PM_Chest_AP6.png,928_AM_Chest_AP22.png,0,0.0000
1088_AM_Chest_AP6.png,1254_AM_Chest_AP3.png,0,0.0000
655_AM_Chest_AP35.png,1246_AM_Chest_AP5.png,0,0.0000
613_AM_Chest_AP25.png,1192_AM_Chest_AP5.png,0,0.0000
1285_AM_Chest_AP8.png,1186_AM_Chest_AP5.png,0,0.0000
916_AM_Chest_AP3.png,950_AM_Chest_AP15.png,0,0.0000
1000_AM_Chest_AP9.png,386_AM_Chest_AP10.png,0,0.0000
999_AM_Chest_AP2.png,830_AM_Chest_AP8.png,0,0.0000
1128_AM_Chest_AP4.png,1228_AM_Chest_AP5.png,0,0.0000
976_AM_Chest_AP5.png,1102_AM_Chest_AP8.png,0,0.0000
1118_AM_Chest_AP13.png,904_AM_Chest_AP11.png,0,0.0000
764_PM_Chest_AP3.png,939_AM_Chest_AP12.png,0,0.0000
591_AM_Chest_AP26.png,1005_AM_Chest_AP3.png,0,0.0000
1137_AM_Chest_AP8.png,930_AM_Chest_AP4.png,0,0.0000
1018_AM_Chest_AP6.png,1218_AM_Chest_AP9.png,0,0.0000
1367_PM_Chest_AP1.png,1281_AM_Chest_AP8.png,0,0.0000
298_AM_Chest_AP8.png,579_AM_Chest_AP10.png,0,0.0000
1190_AM_Chest_AP3.png,1149_AM_Chest_AP4.png,0,0.0000
445_AM_Chest_AP6.png,1081_AM_Chest_AP8.png,0,0.0000
909_AM_Chest_AP10.png,898_AM_Chest_AP27.png,0,0.0000
945_AM_Chest_AP19.png,476_AM_Chest_AP55.png,0,0.0000
992_AM_Chest_AP4.png,1283_AM_Chest_AP7.png,0,0.0000
725_AM_Chest_AP5.png,499_PM_Chest_AP2.png,0,0.0000
1071_AM_Chest_AP4.png,1028_AM_Chest_AP21.png,0,0.0000
995_AM_Chest_AP20.png,1249_AM_Chest_AP12.png,0,0.0000
1271_AM_Chest_AP3.png,1084_AM_Chest_AP4.png,0,0.0000
205_AM_Chest_AP8.png,466_AM_Chest_AP2.png,0,0.0000
1310_AM_Chest_AP9.png,814_AM_Chest_AP3.png,0,0.0000
1206_AM_Chest_AP20.png,1075_AM_Chest_AP13.png,0,0.0000
187_AM_Chest_AP7.png,498_AM_Chest_AP58.png,0,0.0000
409_AM_Chest_AP28.png,992_AM_Chest_AP5.png,0,0.0000
440_AM_Chest_AP3.png,1357_PM_Chest_AP3.png,0,0.0000
1360_PM_Chest_AP4.png,940_AM_Chest_AP10.png,0,0.0000
1191_AM_Chest_AP6.png,548_AM_Chest_AP3.png,0,0.0000
635_AM_Chest_AP7.png,898_AM_Chest_AP29.png,0,0.0000
1155_AM_Chest_AP29.png,1281_AM_Chest_AP8.png,0,0.0000
1069_AM_Chest_AP11.png,725_AM_Chest_AP6.png,0,0.0000
1260_AM_Chest_AP10.png,132_AM_Chest_AP5.png,0,0.0000
937_AM_Chest_AP10.png,751_AM_Chest_AP29.png,0,0.0000
450_AM_Chest_AP5.png,912_AM_Chest_AP16.png,0,0.0000
152_AM_Chest_AP11.png,1356_AM_Chest_AP15.png,0,0.0000
961_AM_Chest_AP6.png,1345_PM_Chest_AP2.png,0,0.0000
953_AM_Chest_AP4.png,651_AM_Chest_AP19.png,0,0.0000
390_AM_Chest_AP22.png,654_AM_Chest_AP5.png,0,0.0000
977_AM_Chest_AP10.png,089_AM_Chest_AP4.png,0,0.0000
1066_AM_Chest_AP3.png,1055_AM_Chest_AP21.png,0,0.0000
1289_AM_Chest_AP41.png,1260_AM_Chest_AP8.png,0,0.0000
950_AM_Chest_AP17.png,1172_AM_Chest_AP8.png,0,0.0000
971_AM_Chest_AP26.png,1317_AM_Chest_AP8.png,0,0.0000
557_AM_Chest_AP6.png,691_AM_Chest_AP32.png,0,0.0000
1118_AM_Chest_AP16.png,908_AM_Chest_AP10.png,0,0.0000
490_AM_Chest_AP5.png,966_AM_Chest_AP48.png,0,0.0000
1057_AM_Chest_AP14.png,1154_AM_Chest_AP5.png,0,0.0000
198_AM_Chest_AP6.png,1142_AM_Chest_AP6.png,0,0.0305
889_AM_Chest_AP12.png,1122_AM_Chest_AP9.png,0,0.0000
1264_AM_Chest_AP14.png,552_AM_Chest_AP3.png,0,0.0013
1316_AM_Chest_AP9.png,132_AM_Chest_AP7.png,0,0.0000
1260_AM_Chest_AP9.png,1096_AM_Chest_AP18.png,0,0.0000
591_AM_Chest_AP30.png,1281_AM_Chest_AP9.png,0,0.0000
1025_AM_Chest_AP8.png,1149_AM_Chest_AP4.png,0,0.0000
693_AM_Chest_AP4.png,966_AM_Chest_AP45.png,0,0.0000
1067_AM_Chest_AP5.png,905_AM_Chest_AP14.png,0,0.0000
1278_AM_Chest_AP11.png,728_AM_Chest_AP7.png,0,0.0000
591_AM_Chest_AP33.png,795_AM_Chest_AP11.png,0,0.0000
1243_AM_Chest_AP8.png,577_PM_Chest_AP6.png,0,0.0000
1261_AM_Chest_AP12.png,506_AM_Chest_AP5.png,0,0.0000
852_AM_Chest_AP4.png,468_AM_Chest_AP2.png,0,0.0000
1340_PM_Chest_AP4.png,966_AM_Chest_AP47.png,0,0.0000
601_PM_Chest_AP2.png,1207_AM_Chest_AP5.png,0,0.0000
1098_AM_Chest_AP12.png,1089_AM_Chest_AP2.png,0,0.0001
786_AM_Chest_AP24.png,1129_AM_Chest_AP3.png,0,0.0000
1328_AM_Chest_AP7.png,072_AM_Chest_AP3.png,0,0.0000
032_PM_Chest_AP1.png,1034_AM_Chest_AP4.png,0,0.0000
594_AM_Chest_AP7.png,1259_AM_Chest_AP13.png,0,0.0000
802_AM_Chest_AP4.png,898_AM_Chest_AP23.png,0,0.0000
1140_AM_Chest_AP7.png,893_AM_Chest_AP25.png,0,0.0000
999_AM_Chest_AP2.png,956_AM_Chest_AP5.png,0,0.0000
1064_AM_Chest_AP5.png,1179_AM_Chest_AP11.png,0,0.0000
1225_AM_Chest_AP4.png,822_AM_Chest_AP11.png,0,0.0000
1217_AM_Chest_AP6.png,945_AM_Chest_AP25.png,0,0.0000
889_AM_Chest_AP10.png,1198_AM_Chest_AP7.png,0,0.0000
339_AM_Chest_AP10.png,905_AM_Chest_AP13.png,0,0.0000
1362_AM_Chest_AP8.png,912_AM_Chest_AP19.png,0,0.0000
360_AM_Chest_AP3.png,1123_AM_Chest_AP5.png,0,0.0056
572_AM_Chest_AP10.png,898_AM_Chest_AP31.png,0,0.0000
1024_AM_Chest_AP19.png,476_AM_Chest_AP54.png,0,0.0000
094_AM_Chest_AP5.png,927_AM_Chest_AP2.png,0,0.0000
1040_AM_Chest_AP4.png,526_PM_Chest_AP3.png,0,0.0000
205_AM_Chest_AP8.png,1104_AM_Chest_AP8.png,0,0.0000
1194_AM_Chest_AP13.png,1101_AM_Chest_AP8.png,0,0.0000
932_AM_Chest_AP16.png,1364_AM_Chest_AP3.png,0,0.0000
211_AM_Chest_AP10.png,1139_AM_Chest_AP5.png,0,0.0000
1031_AM_Chest_AP18.png,903_AM_Chest_AP7.png,0,0.0000
728_AM_Chest_AP8.png,1154_AM_Chest_AP7.png,0,0.0000
111_AM_Chest_AP4.png,887_AM_Chest_AP13.png,0,0.0000
967_AM_Chest_AP4.png,1192_AM_Chest_AP5.png,0,0.0000
1112_AM_Chest_AP2.png,153_AM_Chest_AP6.png,0,0.0009
1045_AM_Chest_AP3.png,1152_AM_Chest_AP3.png,0,0.0000
1033_AM_Chest_AP3.png,966_AM_Chest_AP46.png,0,0.0000
533_AM_Chest_AP10.png,1192_AM_Chest_AP5.png,0,0.0000
201_AM_Chest_AP3.png,633_AM_Chest_AP12.png,0,0.0000
971_AM_Chest_AP29.png,897_AM_Chest_AP14.png,0,0.0000
802_AM_Chest_AP4.png,1289_AM_Chest_AP38.png,0,0.0000
893_AM_Chest_AP26.png,1086_AM_Chest_AP8.png,0,0.0000
1236_AM_Chest_AP5.png,1068_AM_Chest_AP10.png,0,0.0000
339_AM_Chest_AP13.png,699_AM_Chest_AP14.png,0,0.0000
076_AM_Chest_AP21.png,176_AM_Chest_AP2.png,0,0.0002
550_AM_Chest_AP3.png,390_AM_Chest_AP22.png,0,0.0000
1043_AM_Chest_AP11.png,909_AM_Chest_AP6.png,0,0.0000
1142_AM_Chest_AP8.png,1305_AM_Chest_AP7.png,0,0.0000
922_AM_Chest_AP2.png,1123_AM_Chest_AP6.png,0,0.0000
185_AM_Chest_AP3.png,971_AM_Chest_AP32.png,0,0.0000
450_AM_Chest_AP6.png,1274_AM_Chest_AP6.png,0,0.0000
1259_AM_Chest_AP14.png,1016_AM_Chest_AP6.png,0,0.0000
950_AM_Chest_AP14.png,1245_AM_Chest_AP7.png,0,0.0000
1127_AM_Chest_AP12.png,938_AM_Chest_AP30.png,0,0.0000
1071_AM_Chest_AP4.png,1069_AM_Chest_AP13.png,0,0.0000
760_PM_Chest_AP3.png,1013_AM_Chest_AP3.png,0,0.0000
1201_AM_Chest_AP11.png,942_AM_Chest_AP3.png,0,0.0000
205_AM_Chest_AP9.png,493_AM_Chest_AP9.png,0,0.0000
1194_AM_Chest_AP10.png,1004_AM_Chest_AP3.png,0,0.0000
390_AM_Chest_AP24.png,896_AM_Chest_AP15.png,0,0.0000
786_AM_Chest_AP21.png,1371_PM_Chest_AP2.png,0,0.0000
1286_AM_Chest_AP8.png,901_AM_Chest_AP7.png,0,0.0000
929_AM_Chest_AP5.png,1209_AM_Chest_AP12.png,0,0.0000
555_AM_Chest_AP15.png,1281_AM_Chest_AP7.png,0,0.0000
757_PM_Chest_AP3.png,882_PM_Chest_AP1.png,0,1.0000
994_AM_Chest_AP5.png,925_AM_Chest_AP7.png,0,0.0000
031_PM_Chest_AP5.png,1021_AM_Chest_AP15.png,0,0.0000
689_AM_Chest_AP17.png,424_AM_Chest_AP7.png,0,0.0000
555_AM_Chest_AP18.png,637_AM_Chest_AP7.png,0,0.0000
572_AM_Chest_AP8.png,072_AM_Chest_AP3.png,0,0.0003
180_AM_Chest_AP6.png,1215_AM_Chest_AP5.png,0,0.0000
1024_AM_Chest_AP17.png,160_AM_Chest_AP3.png,0,0.0000
076_AM_Chest_AP24.png,881_PM_Chest_AP3.png,0,0.0000
1236_AM_Chest_AP4.png,1137_AM_Chest_AP8.png,0,0.0000
1271_AM_Chest_AP3.png,1062_AM_Chest_AP7.png,0,0.0000
493_AM_Chest_AP8.png,674_AM_Chest_AP3.png,0,0.0000
413_AM_Chest_AP4.png,985_AM_Chest_AP13.png,0,0.0000
475_AM_Chest_AP14.png,1238_AM_Chest_AP11.png,0,0.0000
1095_AM_Chest_AP5.png,1122_AM_Chest_AP7.png,0,0.0000
031_PM_Chest_AP6.png,750_AM_Chest_AP2.png,0,0.0000
153_AM_Chest_AP5.png,1120_AM_Chest_AP8.png,0,0.0000
1070_AM_Chest_AP10.png,984_AM_Chest_AP8.png,0,0.0013
889_AM_Chest_AP10.png,1055_AM_Chest_AP19.png,0,0.0000
981_AM_Chest_AP19.png,371_AM_Chest_AP3.png,0,0.0000
887_AM_Chest_AP14.png,1346_AM_Chest_AP11.png,0,0.0000
908_AM_Chest_AP10.png,962_AM_Chest_AP11.png,0,0.0000
635_AM_Chest_AP6.png,1142_AM_Chest_AP6.png,0,0.0002
1048_AM_Chest_AP3.png,139_AM_Chest_AP3.png,0,0.0000
399_AM_Chest_AP2.png,495_AM_Chest_AP13.png,0,0.0000
052_PM_Chest_AP2.png,1302_AM_Chest_AP6.png,0,0.0000
910_AM_Chest_AP3.png,1345_PM_Chest_AP2.png,0,0.0000
1194_AM_Chest_AP12.png,691_AM_Chest_AP25.png,0,0.0000
1048_AM_Chest_AP3.png,1211_AM_Chest_AP9.png,0,0.0000
655_AM_Chest_AP36.png,492_AM_Chest_AP6.png,0,0.0000
1108_AM_Chest_AP13.png,1075_AM_Chest_AP12.png,0,0.0000
513_AM_Chest_AP9.png,076_AM_Chest_AP24.png,0,0.0000
054_PM_Chest_AP2.png,1101_AM_Chest_AP7.png,0,0.0000
1171_AM_Chest_AP5.png,933_AM_Chest_AP4.png,0,0.0000
655_AM_Chest_AP32.png,383_AM_Chest_AP2.png,0,0.0000
992_AM_Chest_AP5.png,957_AM_Chest_AP13.png,0,0.0000
972_AM_Chest_AP4.png,548_AM_Chest_AP4.png,0,0.0004
890_AM_Chest_AP7.png,907_AM_Chest_AP8.png,0,0.0000
1095_AM_Chest_AP6.png,1205_AM_Chest_AP18.png,0,0.0003
751_AM_Chest_AP24.png,187_AM_Chest_AP9.png,0,0.0000
887_AM_Chest_AP13.png,1055_AM_Chest_AP22.png,0,0.0000
1317_AM_Chest_AP10.png,1205_AM_Chest_AP19.png,0,0.0000
475_AM_Chest_AP16.png,1192_AM_Chest_AP5.png,0,0.0000
1037_AM_Chest_AP8.png,896_AM_Chest_AP12.png,0,0.0000
721_AM_Chest_AP6.png,955_AM_Chest_AP5.png,0,0.0000
163_AM_Chest_AP4.png,1011_AM_Chest_AP5.png,0,0.0000
1183_AM_Chest_AP7.png,1186_AM_Chest_AP7.png,0,0.0000
1239_AM_Chest_AP7.png,912_AM_Chest_AP18.png,0,0.0000
1043_AM_Chest_AP8.png,1064_AM_Chest_AP4.png,0,0.0000
1204_AM_Chest_AP10.png,136_AM_Chest_AP12.png,0,0.0000
806_AM_Chest_AP4.png,988_AM_Chest_AP2.png,0,0.0000
1248_AM_Chest_AP20.png,1254_AM_Chest_AP3.png,0,0.0000
1141_AM_Chest_AP7.png,523_AM_Chest_AP4.png,0,0.0000
383_AM_Chest_AP2.png,813_AM_Chest_AP6.png,0,0.0000
1343_PM_Chest_AP2.png,1274_AM_Chest_AP6.png,0,0.0000
1174_AM_Chest_AP6.png,932_AM_Chest_AP14.png,0,0.0000
906_AM_Chest_AP3.png,945_AM_Chest_AP22.png,0,0.0000
1090_AM_Chest_AP4.png,132_AM_Chest_AP7.png,0,0.0000
1191_AM_Chest_AP7.png,1284_AM_Chest_AP3.png,0,0.0010
1344_PM_Chest_AP3.png,640_AM_Chest_AP4.png,0,0.0000
1046_AM_Chest_AP4.png,1075_AM_Chest_AP12.png,0,0.0000
383_AM_Chest_AP2.png,314_AM_Chest_AP3.png,0,0.0000
971_AM_Chest_AP33.png,898_AM_Chest_AP24.png,0,0.0000
403_AM_Chest_AP12.png,1283_AM_Chest_AP7.png,0,0.0000
758_PM_Chest_AP2.png,398_AM_Chest_AP5.png,0,0.0000
107_AM_Chest_AP30.png,1314_AM_Chest_AP26.png,0,0.0000
1108_AM_Chest_AP10.png,1248_AM_Chest_AP23.png,0,0.0000
1157_AM_Chest_AP3.png,969_AM_Chest_AP5.png,0,0.0000
1148_AM_Chest_AP8.png,971_AM_Chest_AP31.png,0,0.0000
1019_AM_Chest_AP6.png,1095_AM_Chest_AP6.png,0,0.0000
136_AM_Chest_AP9.png,126_AM_Chest_AP3.png,0,0.0000
1273_AM_Chest_AP5.png,476_AM_Chest_AP58.png,0,0.0000
100_AM_Chest_AP4.png,917_AM_Chest_AP4.png,0,0.0000
918_AM_Chest_AP4.png,1135_AM_Chest_AP5.png,0,0.0002
806_AM_Chest_AP3.png,409_AM_Chest_AP24.png,0,0.0000
1018_AM_Chest_AP8.png,386_AM_Chest_AP12.png,0,0.0000
739_AM_Chest_AP3.png,985_AM_Chest_AP13.png,0,0.0000
968_AM_Chest_AP6.png,632_AM_Chest_AP3.png,0,0.0000
593_AM_Chest_AP15.png,1358_PM_Chest_AP3.png,0,0.0000
1031_AM_Chest_AP17.png,1156_AM_Chest_AP3.png,0,0.0000
1229_AM_Chest_AP4.png,150_AM_Chest_AP9.png,0,0.0000
111_AM_Chest_AP5.png,1296_AM_Chest_AP59.png,0,0.0000
1094_AM_Chest_AP13.png,1166_AM_Chest_AP11.png,0,0.0000
1296_AM_Chest_AP58.png,495_AM_Chest_AP11.png,0,0.0000
1324_AM_Chest_AP11.png,1273_AM_Chest_AP6.png,0,0.0000
1289_AM_Chest_AP40.png,941_AM_Chest_AP3.png,0,0.0000
920_AM_Chest_AP3.png,1209_AM_Chest_AP12.png,0,0.0000
1206_AM_Chest_AP20.png,076_AM_Chest_AP23.png,0,0.0000
185_AM_Chest_AP4.png,1265_AM_Chest_AP11.png,0,0.0000
1083_AM_Chest_AP4.png,1296_AM_Chest_AP53.png,0,0.0000
1115_AM_Chest_AP10.png,557_AM_Chest_AP6.png,0,0.0000
1264_AM_Chest_AP11.png,475_AM_Chest_AP16.png,0,0.0000
822_AM_Chest_AP13.png,1067_AM_Chest_AP7.png,0,0.0000
414_AM_Chest_AP5.png,1096_AM_Chest_AP21.png,0,0.0000
786_AM_Chest_AP26.png,800_AM_Chest_AP12.png,0,0.0000
557_AM_Chest_AP6.png,211_AM_Chest_AP11.png,0,0.0000
1321_AM_Chest_AP2.png,773_AM_Chest_AP10.png,0,0.0000
1289_AM_Chest_AP38.png,1138_AM_Chest_AP10.png,0,0.0000
591_AM_Chest_AP24.png,659_AM_Chest_AP3.png,0,0.0000
302_AM_Chest_AP3.png,1094_AM_Chest_AP13.png,0,0.0000
929_AM_Chest_AP6.png,1256_AM_Chest_AP3.png,0,0.0000
655_AM_Chest_AP38.png,602_PM_Chest_AP3.png,0,0.0000
1031_AM_Chest_AP20.png,1096_AM_Chest_AP23.png,0,0.0000
315_AM_Chest_AP3.png,147_AM_Chest_AP3.png,0,0.0000
1148_AM_Chest_AP9.png,1291_AM_Chest_AP3.png,0,0.0000
1336_AM_Chest_AP7.png,1137_AM_Chest_AP6.png,0,0.0000
802_AM_Chest_AP3.png,981_AM_Chest_AP24.png,0,0.0000
1184_AM_Chest_AP7.png,923_AM_Chest_AP6.png,0,0.0000
560_AM_Chest_AP4.png,223_AM_Chest_AP2.png,0,0.0000
1335_AM_Chest_AP2.png,984_AM_Chest_AP7.png,0,0.0000
735_AM_Chest_AP6.png,893_AM_Chest_AP26.png,0,0.0000
1248_AM_Chest_AP22.png,1091_AM_Chest_AP7.png,0,0.0000
1017_AM_Chest_AP4.png,1018_AM_Chest_AP8.png,0,0.0000
591_AM_Chest_AP32.png,668_AM_Chest_AP13.png,0,0.0000
903_AM_Chest_AP7.png,1254_AM_Chest_AP3.png,0,0.0000
232_AM_Chest_AP2.png,1213_AM_Chest_AP6.png,0,0.0000
1371_PM_Chest_AP2.png,626_AM_Chest_AP3.png,0,0.0000
1200_AM_Chest_AP8.png,856_AM_Chest_AP10.png,0,0.0000
1278_AM_Chest_AP11.png,1103_AM_Chest_AP7.png,0,0.0000
806_AM_Chest_AP4.png,155_AM_Chest_AP7.png,0,0.0000
475_AM_Chest_AP16.png,1051_AM_Chest_AP6.png,0,0.0000
820_AM_Chest_AP8.png,1113_AM_Chest_AP3.png,0,0.0000
1316_AM_Chest_AP7.png,165_AM_Chest_AP5.png,0,0.0000
323_AM_Chest_AP6.png,1214_AM_Chest_AP3.png,0,0.0000
1071_AM_Chest_AP4.png,896_AM_Chest_AP17.png,0,0.0000
533_AM_Chest_AP10.png,964_AM_Chest_AP15.png,0,0.0000
339_AM_Chest_AP11.png,1177_AM_Chest_AP8.png,0,0.0000
445_AM_Chest_AP6.png,923_AM_Chest_AP5.png,0,0.0000
1224_AM_Chest_AP7.png,182_AM_Chest_AP5.png,0,0.0000
1018_AM_Chest_AP8.png,933_AM_Chest_AP4.png,0,0.0026
995_AM_Chest_AP16.png,1211_AM_Chest_AP8.png,0,0.0000
889_AM_Chest_AP9.png,1206_AM_Chest_AP19.png,0,0.0000
1118_AM_Chest_AP14.png,1134_AM_Chest_AP4.png,0,0.0000
412_AM_Chest_AP17.png,1056_AM_Chest_AP5.png,0,0.0000
1155_AM_Chest_AP24.png,1249_AM_Chest_AP11.png,0,0.0000
1118_AM_Chest_AP12.png,1233_AM_Chest_AP6.png,0,0.9980
864_AM_Chest_AP6.png,500_PM_Chest_AP2.png,0,0.0000
932_AM_Chest_AP15.png,1233_AM_Chest_AP6.png,0,0.0000
918_AM_Chest_AP5.png,1106_AM_Chest_AP3.png,0,0.0000
1078_AM_Chest_AP3.png,409_AM_Chest_AP30.png,0,0.0019
1176_AM_Chest_AP8.png,956_AM_Chest_AP5.png,0,0.0000
1304_AM_Chest_AP3.png,320_AM_Chest_AP3.png,0,0.0000
1325_AM_Chest_AP9.png,1104_AM_Chest_AP9.png,0,0.0000
107_AM_Chest_AP23.png,1153_AM_Chest_AP2.png,0,0.0000
950_AM_Chest_AP15.png,1248_AM_Chest_AP22.png,0,0.0000
979_AM_Chest_AP6.png,1195_AM_Chest_AP6.png,0,0.0000
211_AM_Chest_AP9.png,654_AM_Chest_AP6.png,0,0.0000
052_PM_Chest_AP2.png,096_AM_Chest_AP2.png,0,0.0000
1296_AM_Chest_AP59.png,498_AM_Chest_AP49.png,0,0.0000
1039_AM_Chest_AP6.png,1176_AM_Chest_AP9.png,0,0.1122
1289_AM_Chest_AP37.png,214_AM_Chest_AP5.png,0,0.0000
932_AM_Chest_AP16.png,041_PM_Chest_AP1.png,0,0.0000
1314_AM_Chest_AP25.png,1195_AM_Chest_AP8.png,0,0.0000
1229_AM_Chest_AP3.png,1011_AM_Chest_AP5.png,0,0.0000
908_AM_Chest_AP10.png,457_PM_Chest_AP1.png,0,0.0000
1003_AM_Chest_AP3.png,899_AM_Chest_AP6.png,0,0.0016
047_PM_Chest_AP1.png,1154_AM_Chest_AP7.png,0,0.0000
1201_AM_Chest_AP9.png,957_AM_Chest_AP14.png,0,0.0000
413_AM_Chest_AP4.png,990_AM_Chest_AP5.png,0,0.0000
1052_AM_Chest_AP2.png,1027_AM_Chest_AP4.png,0,0.0000
346_AM_Chest_AP5.png,1025_AM_Chest_AP8.png,0,0.0000
1219_AM_Chest_AP9.png,699_AM_Chest_AP16.png,0,0.0000
1047_AM_Chest_AP2.png,201_AM_Chest_AP3.png,0,0.0000
1264_AM_Chest_AP11.png,1278_AM_Chest_AP10.png,0,0.0000
909_AM_Chest_AP10.png,957_AM_Chest_AP15.png,0,0.0000
636_AM_Chest_AP9.png,498_AM_Chest_AP43.png,0,0.0000
1082_AM_Chest_AP12.png,072_AM_Chest_AP3.png,0,0.0000
946_AM_Chest_AP7.png,924_AM_Chest_AP6.png,0,0.0000
1248_AM_Chest_AP18.png,966_AM_Chest_AP46.png,0,0.0000
1351_PM_Chest_AP1.png,1021_AM_Chest_AP15.png,0,0.0000
1323_AM_Chest_AP2.png,1021_AM_Chest_AP16.png,0,0.0000
689_AM_Chest_AP16.png,1210_AM_Chest_AP5.png,0,0.0000
1112_AM_Chest_AP2.png,215_AM_Chest_AP2.png,0,0.0000
076_AM_Chest_AP19.png,699_AM_Chest_AP14.png,0,0.0000
412_AM_Chest_AP15.png,1364_AM_Chest_AP3.png,0,0.0000
360_AM_Chest_AP4.png,1096_AM_Chest_AP23.png,0,0.0000
172_AM_Chest_AP3.png,950_AM_Chest_AP13.png,0,0.0000
655_AM_Chest_AP37.png,490_AM_Chest_AP5.png,0,0.0000
1012_AM_Chest_AP8.png,1082_AM_Chest_AP8.png,0,0.0000
1338_PM_Chest_AP2.png,1188_AM_Chest_AP5.png,0,0.0000
1219_AM_Chest_AP7.png,1075_AM_Chest_AP11.png,0,0.0000
041_PM_Chest_AP1.png,019_PM_Chest_AP1.png,0,0.0003
1116_AM_Chest_AP4.png,594_AM_Chest_AP6.png,0,0.0000
1136_AM_Chest_AP8.png,1117_AM_Chest_AP5.png,0,0.0000
1248_AM_Chest_AP17.png,907_AM_Chest_AP8.png,0,0.0000
1206_AM_Chest_AP22.png,908_AM_Chest_AP10.png,0,0.0000
593_AM_Chest_AP12.png,901_AM_Chest_AP9.png,0,0.0000
107_AM_Chest_AP22.png,1113_AM_Chest_AP3.png,0,0.0000
015_PM_Chest_AP1.png,1173_AM_Chest_AP9.png,0,0.0000
513_AM_Chest_AP8.png,973_AM_Chest_AP14.png,0,0.0000
1140_AM_Chest_AP5.png,938_AM_Chest_AP30.png,0,0.0000
1278_AM_Chest_AP11.png,1329_AM_Chest_AP11.png,0,0.0000
903_AM_Chest_AP7.png,858_AM_Chest_AP10.png,0,0.0000
214_AM_Chest_AP5.png,1239_AM_Chest_AP6.png,0,0.0006
1102_AM_Chest_AP6.png,398_AM_Chest_AP5.png,0,0.0000
547_AM_Chest_AP5.png,1361_PM_Chest_AP2.png,0,0.0000
1002_AM_Chest_AP7.png,545_AM_Chest_AP2.png,0,0.0000
